test_index,phase2_pred,phase2_test,phase3_pred,phase3_test,phase4_pred,phase4_test,phase5_pred,phase5_test,overall_phase,overall_phase_pred,area_id,date,lat,lon
0.0,0.43,0.1,0.21,0.0,0.04,0.0,-0.0,0.0,1.0,3.0,1539,2024-01-01,-1.221083514355,41.699138150333
0.0,0.49,0.35,0.26,0.1,0.08,0.0,0.0,0.0,2.0,3.0,1539,2024-07-01,-1.221083514355,41.699138150333
0.0,0.47,0.5,0.15,0.1,0.04,0.0,-0.0,0.0,2.0,2.0,1548,2024-01-01,-1.0516,41.4679
0.0,0.63,0.39999999999999997,0.27,0.15000000000000002,0.08,0.05,0.0,0.0,2.0,3.0,1548,2024-07-01,-1.0516,41.4679
0.0,0.29,0.05,0.19,0.0,0.02,0.0,-0.0,0.0,1.0,2.0,1563,2024-01-01,-0.828253575083,41.395533171972
0.0,0.43,0.30000000000000004,0.25,0.1,0.08,0.0,0.0,0.0,2.0,3.0,1563,2024-07-01,-0.828253575083,41.395533171972
0.0,0.52,0.1,0.27,0.0,0.06,0.0,-0.0,0.0,1.0,3.0,1584,2024-01-01,-0.567049349197,42.191447936666
0.0,0.56,0.35,0.3,0.1,0.12,0.0,0.0,0.0,2.0,3.0,1584,2024-07-01,-0.567049349197,42.191447936666
0.0,0.53,0.5,0.28,0.1,0.06,0.0,-0.0,0.0,2.0,3.0,1594,2024-01-01,-0.438091451,42.469182668
0.0,0.58,0.39999999999999997,0.36,0.15000000000000002,0.11,0.05,0.0,0.0,2.0,3.0,1594,2024-07-01,-0.438091451,42.469182668
0.0,0.25,0.1,0.18,0.0,0.02,0.0,0.0,0.0,1.0,2.0,1596,2024-01-01,-0.424343957783,41.219625056024
0.0,0.29,0.30000000000000004,0.23,0.1,0.07,0.0,0.0,0.0,2.0,3.0,1596,2024-07-01,-0.424343957783,41.219625056024
0.0,0.37,0.05,0.2,0.0,0.06,0.0,-0.0,0.0,1.0,3.0,1598,2024-01-01,-0.420116095021,41.861096217654
0.0,0.59,0.30000000000000004,0.25,0.1,0.13,0.0,0.0,0.0,2.0,3.0,1598,2024-07-01,-0.420116095021,41.861096217654
0.0,0.58,0.85,0.31,0.44999999999999996,0.08,0.15,0.0,0.0,3.0,3.0,1601,2024-01-01,-0.383529016,42.483837128
0.0,0.64,0.7499999999999999,0.32,0.4,0.14,0.1,0.0,0.0,3.0,3.0,1601,2024-07-01,-0.383529016,42.483837128
0.0,0.52,0.39999999999999997,0.32,0.15000000000000002,0.1,0.05,-0.0,0.0,2.0,3.0,1607,2024-01-01,-0.327,42.3877
0.0,0.57,0.7499999999999999,0.34,0.4,0.11,0.1,0.0,0.0,3.0,3.0,1607,2024-07-01,-0.327,42.3877
0.0,0.36,0.1,0.18,0.0,0.03,0.0,-0.0,0.0,1.0,2.0,1612,2024-01-01,-0.218008880171,41.938548426771
0.0,0.44,0.30000000000000004,0.22,0.1,0.08,0.0,0.0,0.0,2.0,3.0,1612,2024-07-01,-0.218008880171,41.938548426771
0.0,0.53,0.85,0.24,0.35,0.1,0.15,-0.0,0.0,3.0,3.0,1615,2024-01-01,-0.145214543169,42.553844680725
0.0,0.53,0.44999999999999996,0.32,0.15,0.15,0.0,0.0,0.0,2.0,3.0,1615,2024-07-01,-0.145214543169,42.553844680725
0.0,0.34,0.05,0.14,0.0,0.01,0.0,-0.0,0.0,1.0,2.0,1626,2024-01-01,0.062662986,42.731341317
0.0,0.49,0.30000000000000004,0.28,0.1,0.1,0.0,0.0,0.0,2.0,3.0,1626,2024-07-01,0.062662986,42.731341317
0.0,0.53,0.5,0.19,0.1,0.04,0.0,0.0,0.0,2.0,2.0,1629,2024-01-01,0.0676,42.7405
0.0,0.55,0.39999999999999997,0.35,0.15000000000000002,0.11,0.05,0.0,0.0,2.0,3.0,1629,2024-07-01,0.0676,42.7405
0.0,0.52,0.85,0.25,0.35,0.07,0.15,-0.0,0.0,3.0,3.0,1633,2024-01-01,0.100781705162,42.70768398338
0.0,0.54,0.44999999999999996,0.35,0.15,0.14,0.0,0.0,0.0,2.0,3.0,1633,2024-07-01,0.100781705162,42.70768398338
0.0,0.44,0.85,0.18,0.44999999999999996,0.06,0.15,-0.0,0.0,3.0,2.0,1637,2024-01-01,0.129626747,42.819579519
0.0,0.52,0.7499999999999999,0.23,0.4,0.1,0.1,0.0,0.0,3.0,3.0,1637,2024-07-01,0.129626747,42.819579519
0.0,0.45,0.1,0.18,0.0,0.02,0.0,0.0,0.0,1.0,2.0,1642,2024-01-01,0.154690604659,42.935798517986
0.0,0.61,0.35,0.27,0.1,0.13,0.0,0.0,0.0,2.0,3.0,1642,2024-07-01,0.154690604659,42.935798517986
0.0,0.47,0.85,0.23,0.35,0.1,0.15,-0.0,0.0,3.0,3.0,1650,2024-01-01,0.248225355481,42.516506137172
0.0,0.57,0.44999999999999996,0.27,0.15,0.15,0.0,0.0,0.0,2.0,3.0,1650,2024-07-01,0.248225355481,42.516506137172
0.0,0.33,0.05,0.17,0.0,0.04,0.0,-0.0,0.0,1.0,2.0,1673,2024-01-01,0.444250069306,41.88821209005
0.0,0.49,0.30000000000000004,0.29,0.1,0.07,0.0,0.0,0.0,2.0,3.0,1673,2024-07-01,0.444250069306,41.88821209005
0.0,0.47,0.44999999999999996,0.17,0.1,0.08,0.0,-0.0,0.0,2.0,2.0,1680,2024-01-01,0.4878,42.7649
0.0,0.59,0.65,0.3,0.15,0.13,0.0,0.0,0.0,2.0,3.0,1680,2024-07-01,0.4878,42.7649
0.0,0.42,0.39999999999999997,0.2,0.15000000000000002,0.06,0.05,-0.0,0.0,2.0,3.0,1685,2024-01-01,0.5036,42.0753
0.0,0.56,0.7499999999999999,0.3,0.4,0.11,0.1,0.0,0.0,3.0,3.0,1685,2024-07-01,0.5036,42.0753
0.0,0.64,0.85,0.21,0.44999999999999996,0.1,0.15,-0.0,0.0,3.0,3.0,1686,2024-01-01,0.503607632,42.049190521
0.0,0.53,0.7499999999999999,0.3,0.4,0.1,0.1,0.0,0.0,3.0,3.0,1686,2024-07-01,0.503607632,42.049190521
0.0,0.48,0.5,0.27,0.1,0.07,0.0,-0.0,0.0,2.0,3.0,1690,2024-01-01,0.5182,42.0763
0.0,0.55,0.39999999999999997,0.3,0.15000000000000002,0.1,0.05,0.0,0.0,2.0,3.0,1690,2024-07-01,0.5182,42.0763
0.0,0.46,0.1,0.18,0.0,0.03,0.0,-0.0,0.0,1.0,2.0,1695,2024-01-01,0.572408789802,43.225656950445
0.0,0.55,0.35,0.26,0.1,0.06,0.0,-0.0,0.0,2.0,3.0,1695,2024-07-01,0.572408789802,43.225656950445
0.0,0.49,0.85,0.19,0.35,0.08,0.15,-0.0,0.0,3.0,2.0,1696,2024-01-01,0.580974849424,42.905875196189
0.0,0.58,0.44999999999999996,0.26,0.15,0.14,0.0,0.0,0.0,2.0,3.0,1696,2024-07-01,0.580974849424,42.905875196189
0.0,0.31,0.1,0.16,0.0,0.05,0.0,-0.0,0.0,1.0,2.0,1708,2024-01-01,0.714686669441,41.43867121212
0.0,0.37,0.30000000000000004,0.27,0.1,0.06,0.0,0.0,0.0,2.0,3.0,1708,2024-07-01,0.714686669441,41.43867121212
0.0,0.32,0.05,0.16,0.0,0.03,0.0,-0.0,0.0,1.0,2.0,1712,2024-01-01,0.763535634065,42.964503621738
0.0,0.53,0.30000000000000004,0.23,0.1,0.11,0.0,0.0,0.0,2.0,3.0,1712,2024-07-01,0.763535634065,42.964503621738
0.0,0.28,0.1,0.15,0.0,0.03,0.0,-0.0,0.0,1.0,2.0,1719,2024-01-01,0.901629063907,43.205978149966
0.0,0.51,0.30000000000000004,0.27,0.1,0.12,0.0,0.0,0.0,2.0,3.0,1719,2024-07-01,0.901629063907,43.205978149966
0.0,0.43,0.25,0.18,0.05,0.02,0.0,-0.0,0.0,2.0,2.0,1722,2024-01-01,0.989476034884,42.285281214891
0.0,0.63,0.55,0.27,0.15,0.1,0.0,0.0,0.0,2.0,3.0,1722,2024-07-01,0.989476034884,42.285281214891
0.0,0.32,0.05,0.17,0.0,0.01,0.0,-0.0,0.0,1.0,2.0,1728,2024-01-01,1.0336,42.742
0.0,0.53,0.30000000000000004,0.29,0.1,0.12,0.0,0.0,0.0,2.0,3.0,1728,2024-07-01,1.0336,42.742
0.0,0.58,0.65,0.29,0.15,0.11,0.0,0.0,0.0,2.0,3.0,1730,2024-07-01,1.035021442,42.810680389
0.0,0.58,0.55,0.31,0.30000000000000004,0.17,0.1,0.0,0.0,3.0,3.0,1736,2024-01-01,1.055935994348,43.575372846683
0.0,0.58,0.65,0.26,0.3,0.13,0.05,0.01,0.0,3.0,3.0,1736,2024-07-01,1.055935994348,43.575372846683
0.0,0.52,0.44999999999999996,0.21,0.1,0.06,0.0,-0.0,0.0,2.0,3.0,1738,2024-01-01,1.0678,42.5707
0.0,0.2,0.1,0.24,0.0,0.01,0.0,-0.0,0.0,1.0,3.0,1744,2024-01-01,1.094785027581,42.875976703987
0.0,0.47,0.30000000000000004,0.29,0.1,0.09,0.0,0.0,0.0,2.0,3.0,1744,2024-07-01,1.094785027581,42.875976703987
0.0,0.43,0.85,0.29,0.35,0.03,0.15,-0.0,0.0,3.0,3.0,1747,2024-01-01,1.0996,42.8217
0.0,0.53,0.44999999999999996,0.29,0.15,0.17,0.0,-0.0,0.0,2.0,3.0,1747,2024-07-01,1.0996,42.8217
0.0,0.7,0.75,0.4,0.4,0.14,0.15,0.01,0.0,3.0,3.0,1748,2024-01-01,1.1034,44.0324
0.0,0.65,0.8,0.42,0.4,0.18,0.15,0.0,0.0,3.0,3.0,1748,2024-07-01,1.1034,44.0324
0.0,0.37,0.39999999999999997,0.18,0.15000000000000002,0.02,0.05,0.01,0.0,2.0,2.0,1750,2024-01-01,1.1051,44.0153
0.0,0.32,0.3,0.2,0.05,0.06,0.0,0.0,0.0,2.0,3.0,1750,2024-07-01,1.1051,44.0153
0.0,0.29,0.1,0.12,0.0,0.05,0.0,0.0,0.0,1.0,2.0,1754,2024-01-01,1.113306851981,43.864830240913
0.0,0.33,0.35,0.17,0.1,0.05,0.0,0.0,0.0,2.0,2.0,1754,2024-07-01,1.113306851981,43.864830240913
0.0,0.5,0.85,0.24,0.35,0.08,0.15,-0.0,0.0,3.0,3.0,1758,2024-01-01,1.175100396079,42.542315880733
0.0,0.64,0.44999999999999996,0.35,0.15,0.17,0.0,-0.0,0.0,2.0,3.0,1758,2024-07-01,1.175100396079,42.542315880733
0.0,0.39,0.25,0.24,0.05,0.06,0.0,-0.0,0.0,2.0,3.0,1760,2024-01-01,1.1792,42.753
0.0,0.63,0.55,0.31,0.15,0.13,0.0,-0.0,0.0,2.0,3.0,1760,2024-07-01,1.1792,42.753
0.0,0.36,0.55,0.2,0.30000000000000004,0.07,0.1,0.0,0.0,3.0,3.0,1763,2024-01-01,1.21859047116,43.681625284365
0.0,0.57,0.65,0.24,0.3,0.13,0.05,0.0,0.0,3.0,3.0,1763,2024-07-01,1.21859047116,43.681625284365
0.0,0.3,0.39999999999999997,0.18,0.15000000000000002,0.04,0.05,0.0,0.0,2.0,2.0,1770,2024-01-01,1.2465,43.803
0.0,0.4,0.3,0.22,0.05,0.06,0.0,0.0,0.0,2.0,3.0,1770,2024-07-01,1.2465,43.803
0.0,0.15,0.1,0.14,0.0,0.03,0.0,0.0,0.0,1.0,1.0,1782,2024-01-01,1.38190325978,44.0022000851
0.0,0.37,0.35,0.27,0.1,0.1,0.0,0.0,0.0,2.0,3.0,1782,2024-07-01,1.38190325978,44.0022000851
0.0,0.7,0.7000000000000001,0.31,0.25,0.13,0.05,0.0,0.0,3.0,3.0,1785,2024-07-01,1.388077254683,42.638409814733
0.0,0.51,0.5,0.28,0.1,0.05,0.0,-0.0,0.0,2.0,3.0,1786,2024-01-01,1.39097309954,42.798086011293
0.0,0.25,0.1,0.15,0.0,0.03,0.0,-0.0,0.0,1.0,2.0,1788,2024-01-01,1.412202942332,43.466582753386
0.0,0.36,0.2,0.3,0.0,0.11,0.0,0.0,0.0,2.0,3.0,1788,2024-07-01,1.412202942332,43.466582753386
0.0,0.22,0.1,0.17,0.0,0.02,0.0,0.0,0.0,1.0,2.0,1799,2024-01-01,1.518320967048,44.237292789436
0.0,0.43,0.35,0.18,0.1,0.09,0.0,0.0,0.0,2.0,2.0,1799,2024-07-01,1.518320967048,44.237292789436
0.0,0.4,0.1,0.21,0.0,0.0,0.0,-0.0,0.0,1.0,3.0,1806,2024-01-01,1.58802266732,41.822957455308
0.0,0.39,0.30000000000000004,0.27,0.1,0.07,0.0,-0.0,0.0,2.0,3.0,1806,2024-07-01,1.58802266732,41.822957455308
0.0,0.31,0.25,0.25,0.05,0.05,0.0,0.0,0.0,2.0,3.0,1808,2024-01-01,1.594642984162,42.233338638013
0.0,0.36,0.39999999999999997,0.13,0.15000000000000002,0.02,0.05,0.0,0.0,2.0,2.0,1809,2024-01-01,1.6055,44.3284
0.0,0.48,0.3,0.17,0.05,0.08,0.0,0.0,0.0,2.0,2.0,1809,2024-07-01,1.6055,44.3284
0.0,0.48,0.55,0.2,0.30000000000000004,0.09,0.1,0.0,0.0,3.0,3.0,1813,2024-01-01,1.609866643771,44.273839012922
0.0,0.63,0.65,0.28,0.3,0.14,0.05,0.0,0.0,3.0,3.0,1813,2024-07-01,1.609866643771,44.273839012922
0.0,0.45,0.44999999999999996,0.29,0.1,0.07,0.0,-0.0,0.0,2.0,3.0,1816,2024-01-01,1.6297,42.4414
0.0,0.59,0.65,0.31,0.15,0.07,0.0,-0.0,0.0,2.0,3.0,1818,2024-07-01,1.655574848,41.937267304
0.0,0.45,0.5,0.25,0.1,0.05,0.0,-0.0,0.0,2.0,3.0,1819,2024-01-01,1.673732829556,42.603742154797
0.0,0.69,0.7000000000000001,0.28,0.25,0.14,0.05,0.0,0.0,3.0,3.0,1819,2024-07-01,1.673732829556,42.603742154797
0.0,0.62,0.55,0.35,0.15,0.12,0.0,0.0,0.0,2.0,3.0,1823,2024-07-01,1.681961781162,42.210195311663
0.0,0.44,0.39999999999999997,0.13,0.15000000000000002,0.05,0.05,0.0,0.0,2.0,2.0,1827,2024-01-01,1.7124,44.7664
0.0,0.36,0.3,0.16,0.05,0.09,0.0,0.01,0.0,2.0,2.0,1827,2024-07-01,1.7124,44.7664
0.0,0.56,0.75,0.22,0.4,0.07,0.15,-0.0,0.0,3.0,3.0,1830,2024-01-01,1.7133,44.7695
0.0,0.63,0.8,0.29,0.4,0.15,0.15,0.0,0.0,3.0,3.0,1830,2024-07-01,1.7133,44.7695
0.0,0.24,0.1,0.14,0.0,0.02,0.0,0.0,0.0,1.0,2.0,1831,2024-01-01,1.721966328688,43.967260012492
0.0,0.43,0.2,0.23,0.0,0.09,0.0,0.0,0.0,2.0,3.0,1831,2024-07-01,1.721966328688,43.967260012492
0.0,0.25,0.1,0.13,0.0,0.03,0.0,0.0,0.0,1.0,2.0,1834,2024-01-01,1.723550555245,44.740951397969
0.0,0.42,0.35,0.23,0.1,0.13,0.0,0.0,0.0,2.0,3.0,1834,2024-07-01,1.723550555245,44.740951397969
0.0,0.42,0.85,0.31,0.35,0.08,0.15,-0.0,0.0,3.0,3.0,1836,2024-01-01,1.725420631616,42.370632384866
0.0,0.66,0.44999999999999996,0.33,0.15,0.16,0.0,-0.0,0.0,2.0,3.0,1836,2024-07-01,1.725420631616,42.370632384866
0.0,0.56,0.55,0.15,0.30000000000000004,0.07,0.1,-0.0,0.0,3.0,2.0,1837,2024-01-01,1.725801269529,44.653969828638
0.0,0.6,0.65,0.27,0.3,0.11,0.05,0.01,0.0,3.0,3.0,1837,2024-07-01,1.725801269529,44.653969828638
0.0,0.4,0.39999999999999997,0.21,0.15000000000000002,0.04,0.05,-0.0,0.0,2.0,3.0,1848,2024-01-01,1.7876,44.5276
0.0,0.55,0.3,0.33,0.05,0.13,0.0,0.0,0.0,2.0,3.0,1848,2024-07-01,1.7876,44.5276
0.0,0.55,0.55,0.2,0.30000000000000004,0.08,0.1,-0.0,0.0,3.0,3.0,1855,2024-01-01,1.829598904213,44.608065460031
0.0,0.62,0.65,0.31,0.3,0.15,0.05,0.01,0.0,3.0,3.0,1855,2024-07-01,1.829598904213,44.608065460031
0.0,0.55,0.3,0.22,0.0,0.06,0.0,-0.0,0.0,2.0,3.0,1858,2024-01-01,1.871500150366,45.006548406945
0.0,0.53,0.6,0.25,0.30000000000000004,0.12,0.1,0.0,0.0,3.0,3.0,1858,2024-07-01,1.871500150366,45.006548406945
0.0,0.54,0.44999999999999996,0.23,0.1,0.07,0.0,0.0,0.0,2.0,3.0,1864,2024-01-01,1.906507000887,44.972461743654
0.0,0.58,0.65,0.27,0.3,0.13,0.05,0.0,0.0,3.0,3.0,1864,2024-07-01,1.906507000887,44.972461743654
0.0,0.29,0.1,0.15,0.0,0.03,0.0,-0.0,0.0,1.0,2.0,1866,2024-01-01,1.916375153188,44.306504007291
0.0,0.45,0.2,0.23,0.0,0.13,0.0,0.0,0.0,2.0,3.0,1866,2024-07-01,1.916375153188,44.306504007291
0.0,0.62,0.15,0.24,0.0,0.05,0.0,-0.0,0.0,1.0,3.0,1869,2024-01-01,1.923048511,45.268059939
0.0,0.62,0.3,0.24,0.05,0.12,0.0,0.01,0.0,2.0,3.0,1869,2024-07-01,1.923048511,45.268059939
0.0,0.43,0.25,0.26,0.05,0.05,0.0,0.0,0.0,2.0,3.0,1873,2024-01-01,1.963838080475,41.457223071342
0.0,0.61,0.4,0.26,0.1,0.06,0.0,0.0,0.0,2.0,3.0,1873,2024-07-01,1.963838080475,41.457223071342
0.0,0.56,0.75,0.27,0.4,0.07,0.15,-0.0,0.0,3.0,3.0,1877,2024-01-01,1.99956616,45.246435495
0.0,0.51,0.8,0.23,0.4,0.11,0.15,0.01,0.0,3.0,3.0,1877,2024-07-01,1.99956616,45.246435495
0.0,0.74,0.6,0.32,0.15,0.11,0.0,0.01,0.0,2.0,3.0,1885,2024-01-01,2.070344683872,42.781196320267
0.0,0.77,0.7999999999999999,0.39,0.4,0.19,0.1,0.02,0.0,3.0,3.0,1885,2024-07-01,2.070344683872,42.781196320267
0.0,0.53,0.44999999999999996,0.21,0.1,0.08,0.0,-0.0,0.0,2.0,3.0,1889,2024-01-01,2.077972385329,44.619953590185
0.0,0.62,0.65,0.34,0.3,0.15,0.05,0.0,0.0,3.0,3.0,1889,2024-07-01,2.077972385329,44.619953590185
0.0,0.55,0.3,0.33,0.0,0.07,0.0,0.01,0.0,2.0,3.0,1891,2024-01-01,2.079891987932,45.330776856271
0.0,0.48,0.6,0.34,0.30000000000000004,0.11,0.1,0.01,0.0,3.0,3.0,1891,2024-07-01,2.079891987932,45.330776856271
0.0,0.36,0.44999999999999996,0.13,0.1,0.03,0.0,0.0,0.0,2.0,2.0,1901,2024-01-01,2.1075,45.3066
0.0,0.52,0.65,0.2,0.3,0.12,0.05,0.01,0.0,3.0,3.0,1901,2024-07-01,2.1075,45.3066
0.0,0.53,0.55,0.2,0.30000000000000004,0.06,0.1,-0.0,0.0,3.0,3.0,1905,2024-01-01,2.124358535414,45.051979381736
0.0,0.57,0.65,0.29,0.3,0.15,0.05,0.0,0.0,3.0,3.0,1905,2024-07-01,2.124358535414,45.051979381736
0.0,0.48,0.4,0.14,0.2,0.02,0.0,0.0,0.0,3.0,2.0,1909,2024-01-01,2.1341,45.1074
0.0,0.41,0.3,0.19,0.05,0.09,0.0,0.01,0.0,2.0,2.0,1909,2024-07-01,2.1341,45.1074
0.0,0.61,0.75,0.29,0.4,0.09,0.15,0.0,0.0,3.0,3.0,1910,2024-01-01,2.1341,45.1293
0.0,0.65,0.8,0.31,0.4,0.17,0.15,0.0,0.0,3.0,3.0,1910,2024-07-01,2.1341,45.1293
0.0,0.76,0.7999999999999999,0.32,0.4,0.12,0.1,0.01,0.0,3.0,3.0,1913,2024-01-01,2.150590167961,43.09018833
0.0,0.77,0.9,0.46,0.5,0.21,0.15,0.01,0.0,3.0,4.0,1913,2024-07-01,2.150590167961,43.09018833
0.0,0.54,0.1,0.23,0.0,0.07,0.0,0.01,0.0,1.0,3.0,1918,2024-01-01,2.234872484106,44.333230904216
0.0,0.67,0.2,0.33,0.0,0.15,0.0,0.0,0.0,2.0,3.0,1918,2024-07-01,2.234872484106,44.333230904216
0.0,0.5,0.44999999999999996,0.18,0.1,0.04,0.0,-0.0,0.0,2.0,2.0,1922,2024-01-01,2.284281364595,45.06599105858
0.0,0.56,0.65,0.29,0.3,0.15,0.05,0.0,0.0,3.0,3.0,1922,2024-07-01,2.284281364595,45.06599105858
0.0,0.57,0.49999999999999994,0.31,0.15000000000000002,0.06,0.05,0.0,0.0,2.0,3.0,1925,2024-01-01,2.3092,42.3288
0.0,0.62,0.45,0.37,0.15000000000000002,0.13,0.05,0.0,0.0,2.0,3.0,1925,2024-07-01,2.3092,42.3288
0.0,0.68,0.7000000000000001,0.29,0.35,0.12,0.15,0.0,0.0,3.0,3.0,1927,2024-01-01,2.319,42.2469
0.0,0.69,0.7999999999999999,0.37,0.4,0.1,0.1,0.0,0.0,3.0,3.0,1927,2024-07-01,2.319,42.2469
0.0,0.68,0.6,0.34,0.15,0.06,0.0,-0.0,0.0,2.0,3.0,1930,2024-01-01,2.339260230076,42.405668866378
0.0,0.71,0.7999999999999999,0.42,0.4,0.11,0.1,0.0,0.0,3.0,3.0,1930,2024-07-01,2.339260230076,42.405668866378
0.0,0.63,0.6,0.24,0.30000000000000004,0.08,0.1,0.0,0.0,3.0,3.0,1931,2024-01-01,2.3408,45.4004
0.0,0.61,0.49999999999999994,0.27,0.15000000000000002,0.13,0.05,-0.0,0.0,2.0,3.0,1931,2024-07-01,2.3408,45.4004
0.0,0.6,0.5,0.17,0.15,0.05,0.0,0.01,0.0,2.0,2.0,1934,2024-01-01,2.3422,45.3688
0.0,0.57,0.55,0.23,0.2,0.09,0.0,0.0,0.0,3.0,3.0,1934,2024-07-01,2.3422,45.3688
0.0,0.71,0.85,0.43,0.5,0.15,0.25,0.01,0.0,4.0,3.0,1936,2024-01-01,2.357536957029,42.270665502113
0.0,0.75,0.6000000000000001,0.38,0.2,0.12,0.0,0.0,0.0,3.0,3.0,1936,2024-07-01,2.357536957029,42.270665502113
0.0,0.54,0.3,0.24,0.0,0.04,0.0,0.01,0.0,2.0,3.0,1939,2024-01-01,2.385200466442,45.846933750549
0.0,0.53,0.6,0.23,0.30000000000000004,0.12,0.1,0.01,0.0,3.0,3.0,1939,2024-07-01,2.385200466442,45.846933750549
0.0,0.73,0.6,0.38,0.15,0.11,0.0,0.01,0.0,2.0,3.0,1943,2024-01-01,2.3962,42.9661
0.0,0.74,0.85,0.43,0.44999999999999996,0.17,0.1,0.01,0.0,3.0,3.0,1943,2024-07-01,2.3962,42.9661
0.0,0.94,0.7,0.42,0.44999999999999996,0.18,0.1,0.02,0.0,3.0,3.0,1945,2024-01-01,2.3975,42.9819
0.0,0.93,0.9,0.47,0.6499999999999999,0.28,0.35,0.02,0.0,4.0,4.0,1945,2024-07-01,2.3975,42.9819
0.0,0.71,0.25,0.33,0.05,0.1,0.0,0.0,0.0,2.0,3.0,1950,2024-01-01,2.456677694907,42.104338266628
0.0,0.69,0.30000000000000004,0.36,0.1,0.11,0.0,0.0,0.0,2.0,3.0,1950,2024-07-01,2.456677694907,42.104338266628
0.0,0.65,0.44999999999999996,0.29,0.1,0.09,0.0,0.01,0.0,2.0,3.0,1953,2024-01-01,2.474907560056,45.543359197661
0.0,0.64,0.65,0.26,0.3,0.13,0.05,0.01,0.0,3.0,3.0,1953,2024-07-01,2.474907560056,45.543359197661
0.0,0.81,0.7999999999999999,0.36,0.4,0.09,0.1,0.01,0.0,3.0,3.0,1957,2024-01-01,2.498867526761,43.995516239332
0.0,0.85,0.9,0.42,0.5,0.21,0.15,0.01,0.0,3.0,4.0,1957,2024-07-01,2.498867526761,43.995516239332
0.0,0.58,0.6,0.35,0.35,0.08,0.15,0.01,0.0,3.0,3.0,1960,2024-01-01,2.506572659965,45.452406914111
0.0,0.68,0.65,0.39,0.3,0.14,0.05,0.0,0.0,3.0,3.0,1960,2024-07-01,2.506572659965,45.452406914111
0.0,0.65,0.3,0.25,0.0,0.05,0.0,0.02,0.0,2.0,3.0,1965,2024-01-01,2.544090147691,45.844242195121
0.0,0.57,0.45,0.3,0.2,0.14,0.05,0.0,0.0,3.0,3.0,1965,2024-07-01,2.544090147691,45.844242195121
0.0,0.79,0.6,0.33,0.15,0.1,0.0,0.02,0.0,2.0,3.0,1969,2024-01-01,2.556413943145,43.906666507069
0.0,0.8,0.7999999999999999,0.43,0.4,0.18,0.1,0.01,0.0,3.0,3.0,1969,2024-07-01,2.556413943145,43.906666507069
0.0,0.56,0.44999999999999996,0.16,0.1,0.05,0.0,0.0,0.0,2.0,2.0,1971,2024-01-01,2.595668207985,44.979316343679
0.0,0.58,0.65,0.27,0.3,0.16,0.05,0.01,0.0,3.0,3.0,1971,2024-07-01,2.595668207985,44.979316343679
0.0,0.7,0.7999999999999999,0.31,0.4,0.07,0.1,-0.0,0.0,3.0,3.0,1974,2024-01-01,2.6083,43.0855
0.0,0.77,0.9,0.43,0.5,0.16,0.15,0.01,0.0,3.0,3.0,1974,2024-07-01,2.6083,43.0855
0.0,0.46,0.55,0.18,0.2,0.04,0.0,0.0,0.0,3.0,2.0,1976,2024-01-01,2.6165,44.888
0.0,0.52,0.3,0.23,0.05,0.12,0.0,0.0,0.0,2.0,3.0,1976,2024-07-01,2.6165,44.888
0.0,0.55,0.65,0.25,0.3,0.05,0.05,-0.0,0.0,3.0,3.0,1977,2024-01-01,2.6175,44.8983
0.0,0.49,0.8,0.25,0.4,0.15,0.15,0.0,0.0,3.0,3.0,1977,2024-07-01,2.6175,44.8983
0.0,0.44,0.25,0.25,0.05,0.04,0.0,-0.0,0.0,2.0,3.0,1986,2024-01-01,2.67676460165,41.454911485291
0.0,0.56,0.4,0.24,0.1,0.06,0.0,0.0,0.0,2.0,3.0,1986,2024-07-01,2.67676460165,41.454911485291
0.0,0.93,0.95,0.45,0.7,0.15,0.25,0.01,0.0,4.0,3.0,1992,2024-01-01,2.7438,44.0123
0.0,0.91,0.8999999999999999,0.52,0.6,0.27,0.25,0.0,0.0,4.0,4.0,1992,2024-07-01,2.7438,44.0123
0.0,0.61,0.6,0.19,0.30000000000000004,0.09,0.1,0.0,0.0,3.0,2.0,1993,2024-01-01,2.745421958,46.276042804
0.0,0.26,0.49999999999999994,0.16,0.15000000000000002,0.09,0.05,0.0,0.0,2.0,2.0,1993,2024-07-01,2.745421958,46.276042804
0.0,0.69,0.25,0.26,0.05,0.08,0.0,-0.0,0.0,2.0,3.0,1997,2024-01-01,2.747897652002,41.196913535247
0.0,0.74,0.30000000000000004,0.26,0.1,0.11,0.0,0.0,0.0,2.0,3.0,1997,2024-07-01,2.747897652002,41.196913535247
0.0,0.55,0.44999999999999996,0.26,0.1,0.06,0.0,0.01,0.0,2.0,3.0,2000,2024-01-01,2.7586,46.3211
0.0,0.43,0.39999999999999997,0.23,0.05,0.03,0.0,0.0,0.0,2.0,3.0,2000,2024-07-01,2.7586,46.3211
0.0,0.65,0.7999999999999999,0.4,0.35,0.09,0.1,0.01,0.0,3.0,3.0,2003,2024-01-01,2.7651,44.1618
0.0,0.67,0.7,0.44,0.35,0.19,0.1,0.0,0.0,3.0,3.0,2003,2024-07-01,2.7651,44.1618
0.0,0.64,0.7,0.25,0.35,0.08,0.1,0.02,0.0,3.0,3.0,2006,2024-01-01,2.7736,45.5033
0.0,0.66,0.75,0.31,0.4,0.16,0.15,0.01,0.0,3.0,3.0,2006,2024-07-01,2.7736,45.5033
0.0,0.5,0.6000000000000001,0.18,0.25,0.06,0.05,0.01,0.0,3.0,2.0,2009,2024-01-01,2.774,45.494
0.0,0.55,0.7,0.26,0.35,0.1,0.1,0.01,0.0,3.0,3.0,2009,2024-07-01,2.774,45.494
0.0,0.69,0.39999999999999997,0.38,0.15000000000000002,0.08,0.05,0.01,0.0,2.0,3.0,2013,2024-01-01,2.7877,45.5071
0.0,0.63,0.75,0.36,0.4,0.14,0.15,0.02,0.0,3.0,3.0,2013,2024-07-01,2.7877,45.5071
0.0,0.74,0.7000000000000001,0.34,0.35,0.11,0.15,-0.0,0.0,3.0,3.0,2015,2024-01-01,2.7904,41.0153
0.0,0.81,0.7999999999999999,0.33,0.4,0.13,0.1,0.0,0.0,3.0,3.0,2015,2024-07-01,2.7904,41.0153
0.0,0.42,0.49999999999999994,0.28,0.15000000000000002,0.06,0.05,-0.0,0.0,2.0,3.0,2016,2024-01-01,2.7905,41.0128
0.0,0.6,0.4,0.25,0.1,0.07,0.0,0.0,0.0,2.0,3.0,2016,2024-07-01,2.7905,41.0128
0.0,0.7,0.6,0.31,0.15,0.07,0.0,0.0,0.0,2.0,3.0,2023,2024-01-01,2.819527709816,42.834780805092
0.0,0.76,0.7999999999999999,0.4,0.4,0.21,0.1,0.01,0.0,3.0,4.0,2023,2024-07-01,2.819527709816,42.834780805092
0.0,0.93,0.95,0.46,0.7,0.16,0.25,0.02,0.0,4.0,3.0,2027,2024-01-01,2.8542,42.9968
0.0,0.87,0.8999999999999999,0.54,0.6,0.27,0.25,0.03,0.0,4.0,4.0,2027,2024-07-01,2.8542,42.9968
0.0,0.68,0.7999999999999999,0.38,0.35,0.07,0.1,0.0,0.0,3.0,3.0,2028,2024-01-01,2.8686,43.001
0.0,0.74,0.65,0.5,0.2,0.16,0.0,0.01,0.0,3.0,3.0,2028,2024-07-01,2.8686,43.001
0.0,0.59,0.3,0.23,0.0,0.04,0.0,0.01,0.0,2.0,3.0,2036,2024-01-01,2.899023100092,45.853444436016
0.0,0.6,0.45,0.3,0.2,0.11,0.05,0.01,0.0,3.0,3.0,2036,2024-07-01,2.899023100092,45.853444436016
0.0,0.29,0.1,0.1,0.0,0.01,0.0,-0.0,0.0,1.0,2.0,2039,2024-01-01,2.932229335935,44.854990458001
0.0,0.44,0.2,0.24,0.0,0.1,0.0,0.0,0.0,2.0,3.0,2039,2024-07-01,2.932229335935,44.854990458001
0.0,0.65,0.3,0.2,0.0,0.08,0.0,0.01,0.0,2.0,3.0,2040,2024-01-01,2.939667620363,46.418903050468
0.0,0.47,0.6,0.26,0.30000000000000004,0.08,0.1,0.01,0.0,3.0,3.0,2040,2024-07-01,2.939667620363,46.418903050468
0.0,0.64,0.6,0.2,0.35,0.06,0.15,0.02,0.0,3.0,3.0,2045,2024-01-01,2.972711056643,45.531892177686
0.0,0.59,0.65,0.22,0.3,0.11,0.05,0.02,0.0,3.0,3.0,2045,2024-07-01,2.972711056643,45.531892177686
0.0,0.54,0.44999999999999996,0.24,0.1,0.06,0.0,0.02,0.0,2.0,3.0,2050,2024-01-01,3.007585415247,45.552729333277
0.0,0.51,0.65,0.25,0.3,0.14,0.05,0.02,0.0,3.0,3.0,2050,2024-07-01,3.007585415247,45.552729333277
0.0,0.7,0.3,0.33,0.05,0.09,0.0,0.0,0.0,2.0,3.0,2068,2024-01-01,3.072254817,43.625603884
0.0,0.69,0.65,0.49,0.2,0.13,0.0,0.01,0.0,3.0,3.0,2068,2024-07-01,3.072254817,43.625603884
0.0,0.68,0.85,0.3,0.5,0.11,0.25,0.0,0.0,4.0,3.0,2076,2024-01-01,3.092663564216,42.499818895085
0.0,0.73,0.6000000000000001,0.35,0.2,0.16,0.0,0.01,0.0,3.0,3.0,2076,2024-07-01,3.092663564216,42.499818895085
0.0,0.53,0.1,0.23,0.0,0.06,0.0,0.0,0.0,1.0,3.0,2079,2024-01-01,3.101249011115,45.192379329911
0.0,0.45,0.2,0.22,0.0,0.12,0.0,0.0,0.0,2.0,3.0,2079,2024-07-01,3.101249011115,45.192379329911
0.0,0.83,0.95,0.36,0.65,0.1,0.2,0.0,0.0,4.0,3.0,2081,2024-01-01,3.107257153,43.628681049
0.0,0.74,0.8999999999999999,0.43,0.6,0.17,0.25,0.02,0.0,4.0,3.0,2081,2024-07-01,3.107257153,43.628681049
0.0,0.71,0.75,0.3,0.35,0.1,0.1,0.0,0.0,3.0,3.0,2084,2024-01-01,3.1134,41.4157
0.0,0.78,0.7999999999999999,0.33,0.4,0.14,0.1,0.0,0.0,3.0,3.0,2084,2024-07-01,3.1134,41.4157
0.0,0.4,0.49999999999999994,0.27,0.15000000000000002,0.03,0.05,-0.0,0.0,2.0,3.0,2087,2024-01-01,3.1138,41.4078
0.0,0.53,0.4,0.32,0.1,0.07,0.0,0.0,0.0,2.0,3.0,2087,2024-07-01,3.1138,41.4078
0.0,0.67,0.3,0.31,0.0,0.06,0.0,0.03,0.0,2.0,3.0,2092,2024-01-01,3.134683273064,46.210070086691
0.0,0.49,0.45,0.3,0.2,0.11,0.05,0.01,0.0,3.0,3.0,2092,2024-07-01,3.134683273064,46.210070086691
0.0,0.54,0.25,0.24,0.05,0.07,0.0,-0.0,0.0,2.0,3.0,2095,2024-01-01,3.187846282152,42.148149308813
0.0,0.58,0.4,0.31,0.1,0.07,0.0,0.0,0.0,2.0,3.0,2095,2024-07-01,3.187846282152,42.148149308813
0.0,0.75,0.6,0.32,0.15,0.06,0.0,0.0,0.0,2.0,3.0,2105,2024-01-01,3.228061111631,43.489313581445
0.0,0.78,0.7999999999999999,0.45,0.4,0.2,0.1,0.01,0.0,3.0,4.0,2105,2024-07-01,3.228061111631,43.489313581445
0.0,0.68,0.7999999999999999,0.3,0.4,0.1,0.1,0.01,0.0,3.0,3.0,2107,2024-01-01,3.252066666667,45.940933333333
0.0,0.65,0.55,0.32,0.2,0.13,0.0,0.01,0.0,3.0,3.0,2107,2024-07-01,3.252066666667,45.940933333333
0.0,0.64,0.25,0.4,0.05,0.06,0.0,0.0,0.0,2.0,3.0,2112,2024-01-01,3.280846232789,42.63268848773
0.0,0.69,0.30000000000000004,0.34,0.1,0.14,0.0,0.0,0.0,2.0,3.0,2112,2024-07-01,3.280846232789,42.63268848773
0.0,0.75,0.7999999999999999,0.31,0.4,0.07,0.1,0.0,0.0,3.0,3.0,2114,2024-01-01,3.295133400622,43.744319853072
0.0,0.78,0.9,0.35,0.5,0.18,0.15,0.01,0.0,3.0,3.0,2114,2024-07-01,3.295133400622,43.744319853072
0.0,0.72,0.6,0.32,0.15,0.09,0.0,0.0,0.0,2.0,3.0,2118,2024-01-01,3.3177,42.0616
0.0,0.73,0.7999999999999999,0.3,0.4,0.09,0.1,-0.0,0.0,3.0,3.0,2118,2024-07-01,3.3177,42.0616
0.0,0.8,0.75,0.29,0.35,0.11,0.1,0.0,0.0,3.0,3.0,2120,2024-01-01,3.3256,42.2221
0.0,0.75,0.7999999999999999,0.27,0.4,0.13,0.1,0.0,0.0,3.0,3.0,2120,2024-07-01,3.3256,42.2221
0.0,0.4,0.49999999999999994,0.25,0.15000000000000002,0.05,0.05,-0.0,0.0,2.0,3.0,2121,2024-01-01,3.3262,42.2135
0.0,0.53,0.4,0.26,0.1,0.06,0.0,0.0,0.0,2.0,3.0,2121,2024-07-01,3.3262,42.2135
0.0,0.62,0.49999999999999994,0.31,0.2,0.08,0.05,-0.0,0.0,3.0,3.0,2127,2024-01-01,3.3629,42.2799
0.0,0.66,0.7999999999999999,0.27,0.4,0.1,0.1,-0.0,0.0,3.0,3.0,2127,2024-07-01,3.3629,42.2799
0.0,0.56,0.30000000000000004,0.38,0.1,0.07,0.0,0.0,0.0,2.0,3.0,2130,2024-01-01,3.363768978972,45.625131160895
0.0,0.65,0.75,0.36,0.15,0.08,0.0,0.0,0.0,2.0,3.0,2130,2024-07-01,3.363768978972,45.625131160895
0.0,0.7,0.3,0.35,0.0,0.08,0.0,0.02,0.0,2.0,3.0,2132,2024-01-01,3.379408170607,46.83756115682
0.0,0.5,0.6,0.25,0.30000000000000004,0.09,0.1,0.02,0.0,3.0,3.0,2132,2024-07-01,3.379408170607,46.83756115682
0.0,0.56,0.7999999999999999,0.28,0.4,0.07,0.1,0.01,0.0,3.0,3.0,2134,2024-01-01,3.3818,45.5896
0.0,0.59,0.75,0.31,0.3,0.08,0.05,0.0,0.0,3.0,3.0,2134,2024-07-01,3.3818,45.5896
0.0,0.67,0.5,0.38,0.15,0.07,0.0,0.0,0.0,2.0,3.0,2137,2024-01-01,3.3821,45.5983
0.0,0.74,0.9,0.43,0.44999999999999996,0.12,0.1,0.0,0.0,3.0,3.0,2137,2024-07-01,3.3821,45.5983
0.0,0.62,0.7999999999999999,0.28,0.4,0.08,0.1,0.01,0.0,3.0,3.0,2145,2024-01-01,3.405380971724,45.651061198149
0.0,0.7,0.55,0.36,0.2,0.1,0.0,0.0,0.0,3.0,3.0,2145,2024-07-01,3.405380971724,45.651061198149
0.0,0.49,0.25,0.25,0.05,0.02,0.0,0.0,0.0,2.0,3.0,2147,2024-01-01,3.411751395895,41.708043911607
0.0,0.57,0.4,0.31,0.1,0.09,0.0,-0.0,0.0,2.0,3.0,2147,2024-07-01,3.411751395895,41.708043911607
0.0,0.63,0.1,0.21,0.0,0.02,0.0,0.01,0.0,1.0,3.0,2149,2024-01-01,3.425159711161,46.034570113982
0.0,0.36,0.2,0.21,0.0,0.11,0.0,0.01,0.0,2.0,3.0,2149,2024-07-01,3.425159711161,46.034570113982
0.0,0.44,0.15000000000000002,0.25,0.05,0.05,0.0,0.0,0.0,1.0,3.0,2152,2024-01-01,3.426185520226,45.590788777848
0.0,0.48,0.15,0.35,0.0,0.11,0.0,0.0,0.0,1.0,3.0,2152,2024-07-01,3.426185520226,45.590788777848
0.0,0.6,0.39999999999999997,0.27,0.15000000000000002,0.05,0.05,0.0,0.0,2.0,3.0,2159,2024-01-01,3.45,41.7958
0.0,0.61,0.7999999999999999,0.33,0.4,0.1,0.1,0.02,0.0,3.0,3.0,2159,2024-07-01,3.45,41.7958
0.0,0.69,0.7999999999999999,0.4,0.4,0.08,0.1,0.01,0.0,3.0,3.0,2179,2024-01-01,3.55473982833,44.536974254642
0.0,0.69,0.35,0.38,0.1,0.16,0.0,0.02,0.0,2.0,3.0,2179,2024-07-01,3.55473982833,44.536974254642
0.0,0.6,0.3,0.32,0.0,0.07,0.0,0.0,0.0,2.0,3.0,2182,2024-01-01,3.590623973429,46.487662673821
0.0,0.53,0.45,0.3,0.2,0.09,0.05,0.0,0.0,3.0,3.0,2182,2024-07-01,3.590623973429,46.487662673821
0.0,0.47,0.1,0.16,0.0,0.02,0.0,-0.0,0.0,1.0,2.0,2189,2024-01-01,3.644287001477,46.16306584346
0.0,0.37,0.2,0.19,0.0,0.07,0.0,0.0,0.0,2.0,2.0,2189,2024-07-01,3.644287001477,46.16306584346
0.0,0.37,0.44999999999999996,0.21,0.1,0.02,0.0,-0.0,0.0,2.0,3.0,2193,2024-01-01,3.7304,46.1848
0.0,0.52,0.45,0.32,0.2,0.04,0.05,-0.0,0.0,3.0,3.0,2193,2024-07-01,3.7304,46.1848
0.0,0.71,0.7999999999999999,0.28,0.4,0.09,0.1,0.0,0.0,3.0,3.0,2198,2024-01-01,3.742905184284,43.497511128563
0.0,0.68,0.9,0.39,0.5,0.16,0.15,0.01,0.0,3.0,3.0,2198,2024-07-01,3.742905184284,43.497511128563
0.0,0.65,0.25,0.33,0.05,0.07,0.0,0.0,0.0,2.0,3.0,2200,2024-01-01,3.748049063281,42.736399615168
0.0,0.74,0.30000000000000004,0.36,0.1,0.11,0.0,-0.0,0.0,2.0,3.0,2200,2024-07-01,3.748049063281,42.736399615168
0.0,0.64,0.25,0.3,0.05,0.07,0.0,0.0,0.0,2.0,3.0,2203,2024-01-01,3.75419395924,42.009778518653
0.0,0.73,0.30000000000000004,0.35,0.1,0.11,0.0,0.01,0.0,2.0,3.0,2203,2024-07-01,3.75419395924,42.009778518653
0.0,0.5,0.49999999999999994,0.3,0.15000000000000002,0.06,0.05,0.0,0.0,2.0,3.0,2208,2024-01-01,3.7967,42.5418
0.0,0.59,0.4,0.29,0.1,0.07,0.0,0.0,0.0,2.0,3.0,2208,2024-07-01,3.7967,42.5418
0.0,0.7,0.7000000000000001,0.35,0.35,0.11,0.15,-0.0,0.0,3.0,3.0,2210,2024-01-01,3.7969,42.5463
0.0,0.75,0.65,0.41,0.44999999999999996,0.14,0.15,0.0,0.0,3.0,3.0,2210,2024-07-01,3.7969,42.5463
0.0,0.66,0.7,0.4,0.25,0.11,0.0,0.0,0.0,3.0,3.0,2212,2024-01-01,3.8027,43.2414
0.0,0.69,0.7,0.45,0.45,0.15,0.2,0.01,0.0,4.0,3.0,2212,2024-07-01,3.8027,43.2414
0.0,0.89,0.95,0.45,0.65,0.17,0.2,0.03,0.0,4.0,3.0,2214,2024-01-01,3.8034,43.25
0.0,0.85,0.9,0.47,0.6499999999999999,0.23,0.35,0.03,0.0,4.0,4.0,2214,2024-07-01,3.8034,43.25
0.0,0.69,0.85,0.3,0.5,0.1,0.25,-0.0,0.0,4.0,3.0,2218,2024-01-01,3.810076587023,42.508912522011
0.0,0.74,0.6000000000000001,0.36,0.2,0.13,0.0,0.0,0.0,3.0,3.0,2218,2024-07-01,3.810076587023,42.508912522011
0.0,0.72,0.6000000000000001,0.29,0.2,0.08,0.0,0.0,0.0,3.0,3.0,2222,2024-01-01,3.8228,47.158
0.0,0.6,0.9,0.25,0.5,0.11,0.1,0.01,0.0,3.0,3.0,2222,2024-07-01,3.8228,47.158
0.0,0.52,0.25,0.25,0.05,0.04,0.0,-0.0,0.0,2.0,3.0,2224,2024-01-01,3.84716689229,42.711756284691
0.0,0.66,0.4,0.35,0.1,0.1,0.0,0.0,0.0,2.0,3.0,2224,2024-07-01,3.84716689229,42.711756284691
0.0,0.49,0.25,0.24,0.05,0.06,0.0,0.0,0.0,2.0,3.0,2228,2024-01-01,3.856698436735,42.148004115113
0.0,0.63,0.4,0.3,0.1,0.06,0.0,0.0,0.0,2.0,3.0,2228,2024-07-01,3.856698436735,42.148004115113
0.0,0.41,0.15000000000000002,0.24,0.05,0.04,0.0,0.0,0.0,1.0,3.0,2232,2024-01-01,3.858341712916,45.489452223771
0.0,0.51,0.15,0.27,0.0,0.09,0.0,0.0,0.0,1.0,3.0,2232,2024-07-01,3.858341712916,45.489452223771
0.0,0.72,0.7999999999999999,0.28,0.4,0.08,0.1,0.0,0.0,3.0,3.0,2236,2024-01-01,3.875135254659,45.551610392054
0.0,0.64,0.55,0.34,0.2,0.12,0.0,0.0,0.0,3.0,3.0,2236,2024-07-01,3.875135254659,45.551610392054
0.0,0.55,0.25,0.3,0.05,0.06,0.0,0.01,0.0,2.0,3.0,2241,2024-01-01,3.893074440623,43.367788095768
0.0,0.66,0.35,0.34,0.1,0.11,0.0,0.01,0.0,2.0,3.0,2241,2024-07-01,3.893074440623,43.367788095768
0.0,0.64,0.7999999999999999,0.26,0.4,0.07,0.1,0.01,0.0,3.0,3.0,2251,2024-01-01,3.917087889992,44.038541211173
0.0,0.6,0.35,0.34,0.1,0.15,0.0,0.01,0.0,2.0,3.0,2251,2024-07-01,3.917087889992,44.038541211173
0.0,0.64,0.5,0.32,0.1,0.05,0.0,0.0,0.0,2.0,3.0,2253,2024-01-01,3.9365,45.5188
0.0,0.62,0.7000000000000001,0.21,0.15,0.09,0.0,0.0,0.0,2.0,3.0,2253,2024-07-01,3.9365,45.5188
0.0,0.56,0.25,0.29,0.05,0.07,0.0,-0.0,0.0,2.0,3.0,2254,2024-01-01,3.981399616018,42.110103862154
0.0,0.57,0.30000000000000004,0.33,0.1,0.09,0.0,0.0,0.0,2.0,3.0,2254,2024-07-01,3.981399616018,42.110103862154
0.0,0.65,0.30000000000000004,0.32,0.1,0.06,0.0,-0.0,0.0,2.0,3.0,2262,2024-01-01,4.013576893298,45.526361778112
0.0,0.58,0.75,0.34,0.15,0.14,0.0,0.0,0.0,2.0,3.0,2262,2024-07-01,4.013576893298,45.526361778112
0.0,0.67,0.6000000000000001,0.42,0.2,0.11,0.0,0.01,0.0,3.0,3.0,2264,2024-01-01,4.0159,44.5085
0.0,0.67,0.7,0.45,0.45,0.19,0.2,0.01,0.0,4.0,3.0,2264,2024-07-01,4.0159,44.5085
0.0,0.79,0.7,0.42,0.2,0.13,0.0,0.02,0.0,3.0,3.0,2268,2024-01-01,4.024419170156,47.352352628306
0.0,0.69,0.7999999999999999,0.43,0.4,0.17,0.1,0.02,0.0,3.0,3.0,2268,2024-07-01,4.024419170156,47.352352628306
0.0,0.7,0.3,0.32,0.0,0.07,0.0,0.0,0.0,2.0,3.0,2275,2024-01-01,4.066472364617,46.823129465674
0.0,0.6,0.6000000000000001,0.34,0.2,0.13,0.05,0.0,0.0,3.0,3.0,2275,2024-07-01,4.066472364617,46.823129465674
0.0,0.62,0.25,0.27,0.05,0.07,0.0,0.02,0.0,2.0,3.0,2283,2024-01-01,4.088093183605,44.509838919177
0.0,0.62,0.9,0.4,0.5,0.13,0.15,0.01,0.0,3.0,3.0,2283,2024-07-01,4.088093183605,44.509838919177
0.0,0.76,0.85,0.34,0.5,0.13,0.25,-0.0,0.0,4.0,3.0,2285,2024-01-01,4.108249832551,42.183603511001
0.0,0.71,0.6000000000000001,0.29,0.2,0.14,0.0,-0.0,0.0,3.0,3.0,2285,2024-07-01,4.108249832551,42.183603511001
0.0,0.47,0.35,0.3,0.05,0.05,0.0,-0.0,0.0,2.0,3.0,2286,2024-01-01,4.119119988,42.065545291
0.0,0.67,0.4,0.25,0.1,0.12,0.0,0.0,0.0,2.0,3.0,2286,2024-07-01,4.119119988,42.065545291
0.0,0.76,0.6000000000000001,0.47,0.2,0.11,0.0,0.01,0.0,3.0,3.0,2287,2024-01-01,4.122,43.8892
0.0,0.65,0.7,0.49,0.45,0.17,0.2,0.01,0.0,4.0,3.0,2287,2024-07-01,4.122,43.8892
0.0,0.92,0.95,0.52,0.65,0.17,0.2,0.04,0.0,4.0,3.0,2289,2024-01-01,4.1221,43.8919
0.0,0.73,0.9,0.49,0.6499999999999999,0.27,0.35,0.03,0.0,4.0,4.0,2289,2024-07-01,4.1221,43.8919
0.0,0.78,0.75,0.31,0.35,0.1,0.1,0.01,0.0,3.0,3.0,2291,2024-01-01,4.158916005,42.063565367
0.0,0.73,0.7999999999999999,0.24,0.4,0.12,0.1,-0.0,0.0,3.0,3.0,2291,2024-07-01,4.158916005,42.063565367
0.0,0.55,0.3,0.32,0.0,0.09,0.0,0.0,0.0,2.0,3.0,2299,2024-01-01,4.204956937569,46.362190514838
0.0,0.56,0.45,0.38,0.2,0.07,0.05,0.0,0.0,3.0,3.0,2299,2024-07-01,4.204956937569,46.362190514838
0.0,0.56,0.25,0.28,0.05,0.06,0.0,0.01,0.0,2.0,3.0,2301,2024-01-01,4.206789756002,43.243372664132
0.0,0.65,0.35,0.36,0.1,0.16,0.0,0.01,0.0,2.0,3.0,2301,2024-07-01,4.206789756002,43.243372664132
0.0,0.64,0.25,0.29,0.05,0.06,0.0,0.01,0.0,2.0,3.0,2312,2024-01-01,4.244041151215,43.879731933281
0.0,0.62,0.9,0.39,0.5,0.13,0.15,0.01,0.0,3.0,3.0,2312,2024-07-01,4.244041151215,43.879731933281
0.0,0.53,0.15,0.27,0.0,0.04,0.0,0.0,0.0,1.0,3.0,2325,2024-01-01,4.337691193069,44.622462388701
0.0,0.54,0.2,0.27,0.0,0.08,0.0,0.0,0.0,2.0,3.0,2325,2024-07-01,4.337691193069,44.622462388701
0.0,0.67,0.7,0.35,0.25,0.09,0.0,0.0,0.0,3.0,3.0,2327,2024-01-01,4.3428,43.1607
0.0,0.65,0.7,0.4,0.45,0.13,0.2,0.02,0.0,4.0,3.0,2327,2024-07-01,4.3428,43.1607
0.0,0.5,0.15,0.24,0.0,0.06,0.0,0.01,0.0,1.0,3.0,2371,2024-01-01,4.439490104871,43.039324613834
0.0,0.56,0.2,0.3,0.0,0.09,0.0,0.0,0.0,2.0,3.0,2371,2024-07-01,4.439490104871,43.039324613834
0.0,0.32,0.15000000000000002,0.24,0.05,0.05,0.0,0.0,0.0,1.0,3.0,2391,2024-01-01,4.585045966447,45.089908198612
0.0,0.49,0.55,0.32,0.2,0.09,0.0,0.0,0.0,3.0,3.0,2391,2024-07-01,4.585045966447,45.089908198612
0.0,0.68,0.3,0.35,0.0,0.06,0.0,0.0,0.0,2.0,3.0,2394,2024-01-01,4.590333940665,47.017111909419
0.0,0.57,0.6000000000000001,0.32,0.2,0.12,0.05,0.0,0.0,3.0,3.0,2394,2024-07-01,4.590333940665,47.017111909419
0.0,0.64,0.30000000000000004,0.38,0.1,0.08,0.0,0.0,0.0,2.0,3.0,2396,2024-01-01,4.622060827885,45.18773354824
0.0,0.67,0.75,0.39,0.15,0.11,0.0,0.0,0.0,2.0,3.0,2396,2024-07-01,4.622060827885,45.18773354824
0.0,0.5,0.8,0.36,0.39999999999999997,0.09,0.05,0.0,0.0,3.0,3.0,2403,2024-01-01,4.6529,47.8553
0.0,0.59,0.75,0.32,0.45,0.08,0.05,0.01,0.0,3.0,3.0,2403,2024-07-01,4.6529,47.8553
0.0,0.56,0.15000000000000002,0.34,0.05,0.05,0.0,0.0,0.0,1.0,3.0,2404,2024-01-01,4.654049820243,46.322472331373
0.0,0.52,0.15,0.32,0.0,0.04,0.0,0.0,0.0,1.0,3.0,2404,2024-07-01,4.654049820243,46.322472331373
0.0,0.65,0.6000000000000001,0.31,0.2,0.08,0.0,0.0,0.0,3.0,3.0,2406,2024-01-01,4.6555,46.6032
0.0,0.55,0.9,0.31,0.5,0.08,0.1,0.0,0.0,3.0,3.0,2406,2024-07-01,4.6555,46.6032
0.0,0.53,0.15,0.36,0.0,0.06,0.0,0.0,0.0,1.0,3.0,2409,2024-01-01,4.674101237276,43.999317980324
0.0,0.55,0.2,0.34,0.0,0.13,0.0,0.0,0.0,2.0,3.0,2409,2024-07-01,4.674101237276,43.999317980324
0.0,0.52,0.7000000000000001,0.29,0.25,0.07,0.05,0.0,0.0,3.0,3.0,2412,2024-01-01,4.6775,45.1799
0.0,0.55,0.75,0.38,0.3,0.1,0.05,0.0,0.0,3.0,3.0,2412,2024-07-01,4.6775,45.1799
0.0,0.66,0.7999999999999999,0.34,0.4,0.08,0.1,0.0,0.0,3.0,3.0,2419,2024-01-01,4.721872812555,45.176965430949
0.0,0.63,0.15,0.38,0.0,0.1,0.0,0.0,0.0,1.0,3.0,2419,2024-07-01,4.721872812555,45.176965430949
0.0,0.57,0.85,0.32,0.4,0.09,0.1,0.0,0.0,3.0,3.0,2421,2024-01-01,4.724314305,45.180122145
0.0,0.49,0.9,0.33,0.44999999999999996,0.08,0.1,0.0,0.0,3.0,3.0,2421,2024-07-01,4.724314305,45.180122145
0.0,0.86,0.7,0.41,0.2,0.2,0.0,0.02,0.0,3.0,4.0,2423,2024-01-01,4.725227015976,47.929024390305
0.0,0.79,0.7999999999999999,0.43,0.4,0.23,0.1,0.03,0.0,3.0,4.0,2423,2024-07-01,4.725227015976,47.929024390305
0.0,0.64,0.5,0.27,0.1,0.08,0.0,0.0,0.0,2.0,3.0,2428,2024-01-01,4.764597063823,46.200872754197
0.0,0.57,0.65,0.36,0.2,0.09,0.05,0.0,0.0,3.0,3.0,2428,2024-07-01,4.764597063823,46.200872754197
0.0,0.67,0.3,0.38,0.0,0.1,0.0,0.0,0.0,2.0,3.0,2439,2024-01-01,4.8254,43.6572
0.0,0.58,0.7,0.43,0.45,0.16,0.2,0.01,0.0,4.0,3.0,2439,2024-07-01,4.8254,43.6572
0.0,0.95,0.8,0.47,0.5,0.15,0.2,0.02,0.0,4.0,3.0,2442,2024-01-01,4.8258,43.6629
0.0,0.67,0.9,0.44,0.6499999999999999,0.25,0.35,0.03,0.0,4.0,4.0,2442,2024-07-01,4.8258,43.6629
0.0,0.67,0.5,0.32,0.1,0.02,0.0,0.0,0.0,2.0,3.0,2445,2024-01-01,4.877451695168,45.760494041702
0.0,0.63,0.7000000000000001,0.41,0.15,0.11,0.0,0.01,0.0,2.0,3.0,2445,2024-07-01,4.877451695168,45.760494041702
0.0,0.69,0.3,0.39,0.0,0.11,0.0,0.0,0.0,2.0,3.0,2446,2024-01-01,4.879913988603,47.696495222505
0.0,0.7,0.6000000000000001,0.39,0.2,0.15,0.05,0.02,0.0,3.0,3.0,2446,2024-07-01,4.879913988603,47.696495222505
0.0,0.59,0.7999999999999999,0.27,0.4,0.08,0.1,-0.0,0.0,3.0,3.0,2449,2024-01-01,4.904,45.077
0.0,0.61,0.75,0.3,0.3,0.11,0.05,0.0,0.0,3.0,3.0,2449,2024-07-01,4.904,45.077
0.0,0.72,0.5,0.26,0.15,0.09,0.0,-0.0,0.0,2.0,3.0,2452,2024-01-01,4.9047,45.0855
0.0,0.6,0.9,0.26,0.44999999999999996,0.14,0.1,0.0,0.0,3.0,3.0,2452,2024-07-01,4.9047,45.0855
0.0,0.72,0.5,0.37,0.2,0.1,0.0,0.0,0.0,3.0,3.0,2454,2024-01-01,4.907891309843,46.900549174289
0.0,0.64,0.7999999999999999,0.35,0.44999999999999996,0.11,0.15,0.0,0.0,3.0,3.0,2454,2024-07-01,4.907891309843,46.900549174289
0.0,0.47,0.15000000000000002,0.29,0.05,0.07,0.0,0.0,0.0,1.0,3.0,2478,2024-01-01,5.1299,46.3189
0.0,0.45,0.15,0.25,0.0,0.07,0.0,0.0,0.0,1.0,3.0,2478,2024-07-01,5.1299,46.3189
0.0,0.64,0.3,0.32,0.0,0.08,0.0,0.0,0.0,2.0,3.0,2488,2024-01-01,5.219540309,47.565020528667
0.0,0.71,0.6000000000000001,0.34,0.2,0.12,0.05,0.01,0.0,3.0,3.0,2488,2024-07-01,5.219540309,47.565020528667
0.0,0.67,0.6000000000000001,0.33,0.2,0.13,0.05,0.02,0.0,3.0,3.0,2499,2024-07-01,5.2848,48.3807
0.0,0.61,0.3,0.36,0.0,0.1,0.0,0.0,0.0,2.0,3.0,2508,2024-01-01,5.33197674132,47.950514849298
0.0,0.61,0.8,0.37,0.39999999999999997,0.09,0.05,-0.0,0.0,3.0,3.0,2511,2024-01-01,5.3481,48.5259
0.0,0.59,0.75,0.3,0.45,0.08,0.05,0.0,0.0,3.0,3.0,2511,2024-07-01,5.3481,48.5259
0.0,0.68,0.9,0.33,0.5,0.13,0.1,-0.0,0.0,3.0,3.0,2518,2024-01-01,5.3887,48.5318
0.0,0.72,1.0,0.3,0.75,0.13,0.2,0.01,0.0,4.0,3.0,2518,2024-07-01,5.3887,48.5318
0.0,0.63,0.5,0.37,0.2,0.09,0.0,0.0,0.0,3.0,3.0,2524,2024-01-01,5.43408012544,46.936919328171
0.0,0.71,0.7999999999999999,0.42,0.44999999999999996,0.12,0.15,0.02,0.0,3.0,3.0,2524,2024-07-01,5.43408012544,46.936919328171
0.0,0.61,0.5,0.35,0.1,0.07,0.0,0.0,0.0,2.0,3.0,2529,2024-01-01,5.45433930268,46.242318676803
0.0,0.59,0.65,0.34,0.2,0.09,0.05,0.0,0.0,3.0,3.0,2529,2024-07-01,5.45433930268,46.242318676803
0.0,0.63,0.6,0.3,0.15,0.08,0.0,0.0,0.0,2.0,3.0,2538,2024-01-01,5.477302444,46.374245852
0.0,0.66,0.9,0.31,0.5,0.1,0.1,0.0,0.0,3.0,3.0,2538,2024-07-01,5.477302444,46.374245852
0.0,0.72,0.8999999999999999,0.39,0.6000000000000001,0.08,0.2,0.0,0.0,4.0,3.0,2545,2024-01-01,5.521566503,46.363909025
0.0,0.67,0.8999999999999999,0.37,0.6000000000000001,0.1,0.2,0.0,0.0,4.0,3.0,2545,2024-07-01,5.521566503,46.363909025
0.0,0.72,0.49999999999999994,0.33,0.2,0.05,0.05,0.0,0.0,3.0,3.0,2551,2024-01-01,5.5732,46.4758
0.0,0.64,0.8999999999999999,0.31,0.6000000000000001,0.09,0.2,0.0,0.0,4.0,3.0,2551,2024-07-01,5.5732,46.4758
0.0,0.72,0.7999999999999999,0.36,0.4,0.16,0.1,0.02,0.0,3.0,3.0,2554,2024-07-01,5.655484439584,48.622570127317
0.0,0.66,0.5,0.36,0.1,0.08,0.0,-0.0,0.0,2.0,3.0,2574,2024-01-01,5.826171504101,46.124971667912
0.0,0.6,0.65,0.34,0.2,0.1,0.05,0.01,0.0,3.0,3.0,2574,2024-07-01,5.826171504101,46.124971667912
0.0,0.71,0.5,0.39,0.2,0.12,0.0,0.0,0.0,3.0,3.0,2587,2024-01-01,5.984753194402,47.253143096642
0.0,0.71,0.7999999999999999,0.41,0.44999999999999996,0.12,0.15,0.04,0.0,3.0,3.0,2587,2024-07-01,5.984753194402,47.253143096642
0.0,0.71,0.7999999999999999,0.35,0.44999999999999996,0.16,0.15,0.02,0.0,3.0,3.0,2590,2024-07-01,6.002859770273,48.148090165646
0.0,0.7,0.7,0.32,0.25,0.07,0.0,0.01,0.0,3.0,3.0,2592,2024-01-01,6.038353854298,48.219004785158
0.0,0.63,0.9,0.34,0.5,0.1,0.1,0.0,0.0,3.0,3.0,2599,2024-01-01,6.133,46.6334
0.0,0.73,0.8999999999999999,0.39,0.6000000000000001,0.12,0.2,0.0,0.0,4.0,3.0,2599,2024-07-01,6.133,46.6334
0.0,0.65,0.6000000000000001,0.35,0.2,0.08,0.0,-0.0,0.0,3.0,3.0,2601,2024-01-01,6.1337,46.6224
0.0,0.6,0.9,0.31,0.5,0.07,0.1,0.01,0.0,3.0,3.0,2601,2024-07-01,6.1337,46.6224
0.0,0.67,0.5,0.31,0.2,0.08,0.0,0.0,0.0,3.0,3.0,2607,2024-01-01,6.161336773,48.093215942
0.0,0.63,0.5,0.37,0.1,0.09,0.0,-0.0,0.0,2.0,3.0,2612,2024-01-01,6.206077307916,46.914289238256
0.0,0.7,0.65,0.32,0.2,0.08,0.05,0.02,0.0,3.0,3.0,2612,2024-07-01,6.206077307916,46.914289238256
0.0,0.68,0.6000000000000001,0.24,0.2,0.09,0.0,0.01,0.0,3.0,3.0,2616,2024-01-01,6.2401,46.2237
0.0,0.57,0.9,0.27,0.5,0.1,0.1,0.0,0.0,3.0,3.0,2616,2024-07-01,6.2401,46.2237
0.0,0.75,0.9,0.3,0.5,0.12,0.1,0.0,0.0,3.0,3.0,2619,2024-01-01,6.2404,46.2271
0.0,0.65,0.8999999999999999,0.3,0.6000000000000001,0.13,0.2,0.0,0.0,4.0,3.0,2619,2024-07-01,6.2404,46.2271
0.0,0.62,0.44999999999999996,0.41,0.1,0.11,0.0,0.01,0.0,2.0,3.0,2657,2024-01-01,6.604176911,49.112936537
0.0,0.68,0.55,0.33,0.2,0.13,0.05,0.02,0.0,3.0,3.0,2657,2024-07-01,6.604176911,49.112936537
0.0,0.69,0.55,0.35,0.15,0.17,0.0,0.02,0.0,2.0,3.0,2658,2024-07-01,6.60827219,49.046466822
0.0,0.67,0.75,0.33,0.45,0.12,0.05,0.02,0.0,3.0,3.0,2666,2024-07-01,6.670054554,47.38498804
0.0,0.65,1.0,0.35,0.75,0.07,0.2,0.01,0.0,4.0,3.0,2675,2024-07-01,6.741910182,47.380456737
0.0,0.71,0.44999999999999996,0.33,0.15,0.1,0.0,0.01,0.0,2.0,3.0,2679,2024-01-01,6.758223147691,47.64568071274
0.0,0.59,0.6000000000000001,0.39,0.2,0.15,0.0,0.02,0.0,3.0,3.0,2687,2024-01-01,6.7958,47.5115
0.0,0.73,1.0,0.37,0.75,0.13,0.2,0.03,0.0,4.0,3.0,2687,2024-07-01,6.7958,47.5115
0.0,0.73,0.5,0.38,0.1,0.1,0.0,0.0,0.0,2.0,3.0,2690,2024-01-01,6.8074,47.2945
0.0,0.76,0.44999999999999996,0.37,0.15,0.13,0.0,0.01,0.0,2.0,3.0,2690,2024-07-01,6.8074,47.2945
0.0,0.67,0.5,0.33,0.1,0.12,0.0,0.01,0.0,2.0,3.0,2693,2024-01-01,6.829329155,47.753240585
0.0,0.71,0.55,0.34,0.15,0.13,0.0,0.02,0.0,2.0,3.0,2694,2024-07-01,6.838304984374,47.929132351979
0.0,0.76,0.8500000000000001,0.33,0.39999999999999997,0.09,0.05,0.01,0.0,3.0,3.0,2697,2024-01-01,6.857137063,47.74987202
0.0,0.56,0.5,0.34,0.1,0.07,0.0,0.0,0.0,2.0,3.0,2709,2024-01-01,6.962192086522,47.150226929251
0.0,0.7,0.44999999999999996,0.31,0.15,0.13,0.0,0.02,0.0,2.0,3.0,2709,2024-07-01,6.962192086522,47.150226929251
0.0,0.63,0.7999999999999999,0.35,0.44999999999999996,0.12,0.15,0.02,0.0,3.0,3.0,2719,2024-07-01,7.002836958156,47.510723655618
0.0,0.62,0.8,0.27,0.39999999999999997,0.08,0.05,0.0,0.0,3.0,3.0,2726,2024-01-01,7.0283,47.0159
0.0,0.56,0.75,0.29,0.45,0.1,0.05,0.0,0.0,3.0,3.0,2726,2024-07-01,7.0283,47.0159
0.0,0.66,0.9,0.29,0.5,0.14,0.1,0.01,0.0,3.0,3.0,2727,2024-01-01,7.0296,47.0255
0.0,0.6,1.0,0.32,0.75,0.15,0.2,0.0,0.0,4.0,3.0,2727,2024-07-01,7.0296,47.0255
0.0,0.64,0.55,0.39,0.2,0.08,0.0,0.0,0.0,3.0,3.0,2734,2024-01-01,7.073944674815,49.350275608559
0.0,0.74,0.5,0.41,0.15,0.16,0.0,0.02,0.0,2.0,3.0,2746,2024-07-01,7.136163105605,49.005697452615
0.0,0.69,0.7000000000000001,0.34,0.15,0.12,0.0,0.0,0.0,2.0,3.0,2748,2024-01-01,7.146460559748,48.948135756092
0.0,0.62,0.5,0.33,0.15,0.06,0.0,0.0,0.0,2.0,3.0,2750,2024-01-01,7.153085507174,47.73358005996
0.0,0.68,0.9,0.4,0.5,0.1,0.1,0.0,0.0,3.0,3.0,2756,2024-01-01,7.195895121,48.892162189
0.0,0.6,0.75,0.36,0.45,0.17,0.05,0.01,0.0,3.0,3.0,2756,2024-07-01,7.195895121,48.892162189
0.0,0.61,0.44999999999999996,0.37,0.1,0.1,0.0,0.01,0.0,2.0,3.0,2757,2024-01-01,7.199179486734,47.369868345324
0.0,0.72,0.65,0.33,0.2,0.14,0.05,0.01,0.0,3.0,3.0,2757,2024-07-01,7.199179486734,47.369868345324
0.0,0.56,0.8,0.34,0.39999999999999997,0.09,0.05,0.0,0.0,3.0,3.0,2758,2024-01-01,7.2109,48.8481
0.0,0.6,0.75,0.29,0.45,0.11,0.05,0.01,0.0,3.0,3.0,2758,2024-07-01,7.2109,48.8481
0.0,0.51,0.5,0.3,0.1,0.07,0.0,-0.0,0.0,2.0,3.0,2798,2024-01-01,7.543668597409,48.817448629193
0.0,0.58,0.44999999999999996,0.31,0.15,0.14,0.0,0.02,0.0,2.0,3.0,2798,2024-07-01,7.543668597409,48.817448629193
0.0,0.76,0.44999999999999996,0.35,0.1,0.09,0.0,0.0,0.0,2.0,3.0,2811,2024-01-01,7.6358,47.8333
0.0,0.62,0.55,0.3,0.2,0.13,0.05,0.01,0.0,3.0,3.0,2811,2024-07-01,7.6358,47.8333
0.0,0.5,0.44999999999999996,0.2,0.1,0.02,0.0,0.0,0.0,2.0,3.0,2812,2024-01-01,7.6361,47.8251
0.0,0.52,0.44999999999999996,0.26,0.1,0.08,0.0,0.02,0.0,2.0,3.0,2812,2024-07-01,7.6361,47.8251
0.0,0.76,0.44999999999999996,0.36,0.15,0.06,0.0,0.04,0.0,2.0,3.0,2817,2024-01-01,7.742189853765,49.455040205342
0.0,0.75,0.55,0.38,0.15,0.13,0.0,0.04,0.0,2.0,3.0,2817,2024-07-01,7.742189853765,49.455040205342
0.0,0.54,0.5,0.28,0.1,0.04,0.0,0.03,0.0,2.0,3.0,2825,2024-01-01,7.802189703216,48.399138324067
0.0,0.59,0.44999999999999996,0.29,0.15,0.12,0.0,0.03,0.0,2.0,3.0,2825,2024-07-01,7.802189703216,48.399138324067
0.0,0.49,0.5,0.25,0.1,0.04,0.0,0.03,0.0,2.0,3.0,2835,2024-01-01,7.96794163915,49.390926601171
0.0,0.62,0.44999999999999996,0.29,0.15,0.1,0.0,0.03,0.0,2.0,3.0,2835,2024-07-01,7.96794163915,49.390926601171
0.0,0.43,0.44999999999999996,0.23,0.1,0.04,0.0,0.02,0.0,2.0,3.0,2837,2024-01-01,7.9803,49.8181
0.0,0.47,0.44999999999999996,0.23,0.1,0.08,0.0,0.02,0.0,2.0,3.0,2837,2024-07-01,7.9803,49.8181
0.0,0.62,0.7,0.27,0.2,0.09,0.0,0.01,0.0,3.0,3.0,2839,2024-01-01,7.994158905631,49.844111354559
0.0,0.65,0.5,0.26,0.15,0.1,0.0,0.01,0.0,2.0,3.0,2839,2024-07-01,7.994158905631,49.844111354559
0.0,0.68,0.44999999999999996,0.36,0.15,0.1,0.0,0.02,0.0,2.0,3.0,2851,2024-01-01,8.148221108406,47.539137677604
0.0,0.66,0.55,0.27,0.15,0.1,0.0,0.02,0.0,2.0,3.0,2851,2024-07-01,8.148221108406,47.539137677604
0.0,0.54,0.5,0.26,0.1,0.04,0.0,0.01,0.0,2.0,3.0,2855,2024-01-01,8.178921586514,48.641055845113
0.0,0.52,0.44999999999999996,0.25,0.15,0.11,0.0,0.02,0.0,2.0,3.0,2855,2024-07-01,8.178921586514,48.641055845113
0.0,0.71,0.6,0.29,0.35,0.07,0.15,0.02,0.0,3.0,3.0,2859,2024-01-01,8.2306,46.3308
0.0,0.53,0.75,0.25,0.35,0.1,0.05,-0.0,0.0,3.0,3.0,2859,2024-07-01,8.2306,46.3308
0.0,0.69,0.6,0.32,0.30000000000000004,0.07,0.1,0.02,0.0,3.0,3.0,2862,2024-01-01,8.2363,46.3632
0.0,0.62,0.75,0.3,0.35,0.12,0.05,0.0,0.0,3.0,3.0,2862,2024-07-01,8.2363,46.3632
0.0,0.56,0.44999999999999996,0.2,0.15,0.07,0.0,0.01,0.0,2.0,3.0,2868,2024-01-01,8.346884951,48.461648196
0.0,0.53,0.4,0.21,0.1,0.08,0.0,0.01,0.0,2.0,3.0,2868,2024-07-01,8.346884951,48.461648196
0.0,0.63,0.4,0.34,0.1,0.07,0.0,0.02,0.0,2.0,3.0,2872,2024-01-01,8.355046672428,49.51271892489
0.0,0.68,0.5,0.32,0.15,0.1,0.0,0.02,0.0,2.0,3.0,2872,2024-07-01,8.355046672428,49.51271892489
0.0,0.72,0.7000000000000001,0.38,0.35,0.16,0.15,0.03,0.0,3.0,3.0,2877,2024-01-01,8.387892193,47.275124759
0.0,0.69,0.7999999999999999,0.37,0.4,0.13,0.1,0.02,0.0,3.0,3.0,2877,2024-07-01,8.387892193,47.275124759
0.0,0.63,0.6,0.3,0.30000000000000004,0.12,0.1,0.01,0.0,3.0,3.0,2879,2024-01-01,8.39876085,48.461648196
0.0,0.63,0.55,0.3,0.2,0.14,0.05,0.02,0.0,3.0,3.0,2879,2024-07-01,8.39876085,48.461648196
0.0,0.67,0.44999999999999996,0.32,0.15,0.07,0.0,0.02,0.0,2.0,3.0,2885,2024-01-01,8.45868574034,46.658826786892
0.0,0.58,0.55,0.35,0.15,0.09,0.0,0.01,0.0,2.0,3.0,2885,2024-07-01,8.45868574034,46.658826786892
0.0,0.83,0.75,0.45,0.45,0.2,0.2,0.02,0.0,4.0,4.0,2887,2024-01-01,8.469399686,47.275124759
0.0,0.7,0.85,0.35,0.5,0.15,0.1,0.02,0.0,3.0,3.0,2887,2024-07-01,8.469399686,47.275124759
0.0,0.58,0.4,0.25,0.1,0.12,0.0,0.01,0.0,2.0,3.0,2894,2024-01-01,8.537735035972,48.819185063762
0.0,0.64,0.5,0.31,0.15,0.13,0.0,0.01,0.0,2.0,3.0,2894,2024-07-01,8.537735035972,48.819185063762
0.0,0.75,0.49999999999999994,0.36,0.2,0.12,0.05,0.02,0.0,3.0,3.0,2897,2024-01-01,8.5453,47.5018
0.0,0.59,0.85,0.28,0.5,0.09,0.1,0.01,0.0,3.0,3.0,2897,2024-07-01,8.5453,47.5018
0.0,0.65,0.4,0.28,0.1,0.1,0.0,0.0,0.0,2.0,3.0,2900,2024-01-01,8.564798815619,47.677062297927
0.0,0.62,0.65,0.25,0.15,0.09,0.0,0.0,0.0,2.0,3.0,2900,2024-07-01,8.564798815619,47.677062297927
0.0,0.51,0.5,0.24,0.15,0.08,0.0,0.02,0.0,2.0,3.0,2921,2024-01-01,8.786034740667,46.759639957333
0.0,0.5,0.6,0.29,0.15,0.11,0.0,0.01,0.0,2.0,3.0,2921,2024-07-01,8.786034740667,46.759639957333
0.0,0.6,0.44999999999999996,0.29,0.15,0.09,0.0,0.02,0.0,2.0,3.0,2928,2024-01-01,8.902638801678,45.764056966439
0.0,0.57,0.55,0.34,0.15,0.1,0.0,0.0,0.0,2.0,3.0,2928,2024-07-01,8.902638801678,45.764056966439
0.0,0.59,0.44999999999999996,0.42,0.15,0.11,0.0,0.03,0.0,2.0,3.0,2931,2024-01-01,8.951760384321,46.301657369689
0.0,0.62,0.55,0.29,0.15,0.14,0.0,0.01,0.0,2.0,3.0,2931,2024-07-01,8.951760384321,46.301657369689
0.0,0.78,0.49999999999999994,0.44,0.15000000000000002,0.15,0.05,0.03,0.0,2.0,3.0,2933,2024-01-01,8.9538,46.408
0.0,0.68,0.6,0.3,0.15,0.16,0.0,0.01,0.0,2.0,3.0,2933,2024-07-01,8.9538,46.408
0.0,0.9,0.75,0.43,0.35,0.19,0.1,0.04,0.0,3.0,3.0,2936,2024-01-01,8.954,46.4108
0.0,0.79,0.75,0.31,0.35,0.17,0.05,0.0,0.0,3.0,3.0,2936,2024-07-01,8.954,46.4108
0.0,0.73,0.55,0.42,0.2,0.14,0.05,0.03,0.0,3.0,3.0,2943,2024-01-01,9.0251,46.4705
0.0,0.65,0.75,0.36,0.35,0.13,0.05,0.0,0.0,3.0,3.0,2943,2024-07-01,9.0251,46.4705
0.0,0.64,0.44999999999999996,0.3,0.15,0.09,0.0,0.0,0.0,2.0,3.0,2946,2024-01-01,9.055516142488,44.98556754814
0.0,0.66,0.55,0.34,0.15,0.17,0.0,0.0,0.0,2.0,3.0,2946,2024-07-01,9.055516142488,44.98556754814
0.0,0.63,0.44999999999999996,0.29,0.15,0.13,0.0,0.0,0.0,2.0,3.0,2954,2024-01-01,9.085494556687,44.392165935379
0.0,0.66,0.55,0.24,0.15,0.1,0.0,0.01,0.0,2.0,3.0,2954,2024-07-01,9.085494556687,44.392165935379
0.0,0.59,0.7,0.26,0.2,0.08,0.0,0.0,0.0,3.0,3.0,2963,2024-01-01,9.139272247179,50.557548149464
0.0,0.57,0.5,0.33,0.15,0.1,0.0,0.0,0.0,2.0,3.0,2963,2024-07-01,9.139272247179,50.557548149464
0.0,0.71,0.4,0.38,0.1,0.1,0.0,0.0,0.0,2.0,3.0,2964,2024-01-01,9.141642138159,47.507461272075
0.0,0.57,0.65,0.25,0.15,0.09,0.0,0.01,0.0,2.0,3.0,2964,2024-07-01,9.141642138159,47.507461272075
0.0,0.72,0.49999999999999994,0.41,0.15000000000000002,0.14,0.05,0.01,0.0,2.0,3.0,2969,2024-01-01,9.1445,48.4198
0.0,0.66,0.65,0.31,0.15,0.19,0.0,0.0,0.0,2.0,3.0,2969,2024-07-01,9.1445,48.4198
0.0,0.77,0.75,0.41,0.35,0.13,0.1,0.0,0.0,3.0,3.0,2971,2024-01-01,9.149039097,48.403270587
0.0,0.63,0.85,0.31,0.44999999999999996,0.16,0.1,0.0,0.0,3.0,3.0,2971,2024-07-01,9.149039097,48.403270587
0.0,0.75,0.49999999999999994,0.44,0.15000000000000002,0.15,0.05,0.0,0.0,2.0,3.0,2974,2024-01-01,9.153,47.4766
0.0,0.59,0.65,0.31,0.15,0.12,0.0,0.0,0.0,2.0,3.0,2974,2024-07-01,9.153,47.4766
0.0,0.71,0.6000000000000001,0.56,0.25,0.17,0.05,0.0,0.0,3.0,3.0,2977,2024-01-01,9.1532,47.4791
0.0,0.67,0.85,0.32,0.44999999999999996,0.12,0.1,0.0,0.0,3.0,3.0,2977,2024-07-01,9.1532,47.4791
0.0,0.69,0.4,0.35,0.1,0.08,0.0,0.01,0.0,2.0,3.0,2979,2024-01-01,9.179412662226,48.541226995606
0.0,0.61,0.65,0.32,0.15,0.15,0.0,0.01,0.0,2.0,3.0,2979,2024-07-01,9.179412662226,48.541226995606
0.0,0.89,0.75,0.46,0.35,0.2,0.1,0.0,0.0,3.0,4.0,2983,2024-01-01,9.1906,47.4603
0.0,0.74,0.85,0.34,0.44999999999999996,0.15,0.1,0.0,0.0,3.0,3.0,2983,2024-07-01,9.1906,47.4603
0.0,0.65,0.4,0.32,0.1,0.07,0.0,-0.0,0.0,2.0,3.0,2991,2024-01-01,9.246651783441,50.279458278453
0.0,0.63,0.5,0.33,0.15,0.11,0.0,-0.0,0.0,2.0,3.0,2991,2024-07-01,9.246651783441,50.279458278453
0.0,0.58,0.4,0.36,0.1,0.12,0.0,0.02,0.0,2.0,3.0,3000,2024-01-01,9.295755398314,46.519415879764
0.0,0.56,0.65,0.3,0.15,0.11,0.0,0.01,0.0,2.0,3.0,3000,2024-07-01,9.295755398314,46.519415879764
0.0,0.69,0.6000000000000001,0.35,0.2,0.11,0.05,0.0,0.0,3.0,3.0,3007,2024-01-01,9.3671,45.0625
0.0,0.61,0.75,0.36,0.35,0.17,0.05,0.0,0.0,3.0,3.0,3007,2024-07-01,9.3671,45.0625
0.0,0.67,0.65,0.34,0.2,0.13,0.0,0.0,0.0,3.0,3.0,3008,2024-01-01,9.391629121,45.01684089
0.0,0.59,0.55,0.29,0.2,0.17,0.0,0.0,0.0,3.0,3.0,3008,2024-07-01,9.391629121,45.01684089
0.0,0.65,0.5,0.29,0.15,0.1,0.0,0.0,0.0,2.0,3.0,3011,2024-01-01,9.3981,45.0421
0.0,0.57,0.6,0.18,0.15,0.1,0.0,0.0,0.0,2.0,2.0,3011,2024-07-01,9.3981,45.0421
0.0,0.69,0.6,0.34,0.35,0.12,0.15,0.0,0.0,3.0,3.0,3012,2024-01-01,9.3981,45.0668
0.0,0.67,0.75,0.3,0.35,0.13,0.05,0.0,0.0,3.0,3.0,3012,2024-07-01,9.3981,45.0668
0.0,0.63,0.7000000000000001,0.36,0.4,0.12,0.15,-0.0,0.0,3.0,3.0,3013,2024-01-01,9.409033133,49.068627504
0.0,0.63,0.49999999999999994,0.39,0.2,0.1,0.05,-0.0,0.0,3.0,3.0,3013,2024-07-01,9.409033133,49.068627504
0.0,0.61,0.4,0.31,0.15,0.16,0.0,0.0,0.0,2.0,3.0,3016,2024-07-01,9.434594606,49.037731037
0.0,0.52,0.44999999999999996,0.34,0.1,0.12,0.0,0.0,0.0,2.0,3.0,3019,2024-01-01,9.456811208,49.015209198
0.0,0.61,0.44999999999999996,0.29,0.1,0.1,0.0,0.01,0.0,2.0,3.0,3020,2024-01-01,9.4581,45.5372
0.0,0.57,0.6,0.21,0.15,0.09,0.0,0.0,0.0,2.0,3.0,3020,2024-07-01,9.4581,45.5372
0.0,0.71,0.65,0.34,0.2,0.14,0.0,0.0,0.0,3.0,3.0,3022,2024-01-01,9.462988852724,44.148049888821
0.0,0.66,0.55,0.27,0.2,0.12,0.0,-0.0,0.0,3.0,3.0,3022,2024-07-01,9.462988852724,44.148049888821
0.0,0.55,0.44999999999999996,0.29,0.1,0.06,0.0,-0.0,0.0,2.0,3.0,3029,2024-01-01,9.4933,50.8062
0.0,0.49,0.4,0.29,0.15,0.05,0.0,-0.0,0.0,2.0,3.0,3029,2024-07-01,9.4933,50.8062
0.0,0.63,0.75,0.36,0.35,0.1,0.1,0.01,0.0,3.0,3.0,3031,2024-01-01,9.497078216,45.525552005
0.0,0.62,0.7499999999999999,0.22,0.4,0.1,0.1,0.0,0.0,3.0,3.0,3031,2024-07-01,9.497078216,45.525552005
0.0,0.58,0.4,0.34,0.1,0.07,0.0,0.0,0.0,2.0,3.0,3035,2024-01-01,9.504127216256,49.507437184394
0.0,0.62,0.5,0.36,0.15,0.11,0.0,-0.0,0.0,2.0,3.0,3035,2024-07-01,9.504127216256,49.507437184394
0.0,0.72,0.65,0.32,0.15,0.11,0.0,0.01,0.0,2.0,3.0,3041,2024-01-01,9.531819638179,45.125099728618
0.0,0.7,0.7000000000000001,0.32,0.3,0.13,0.05,0.01,0.0,3.0,3.0,3041,2024-07-01,9.531819638179,45.125099728618
0.0,0.52,0.5,0.29,0.1,0.08,0.0,0.0,0.0,2.0,3.0,3044,2024-01-01,9.53807936,44.041758671
0.0,0.4,0.6,0.2,0.15,0.09,0.0,0.0,0.0,2.0,3.0,3044,2024-07-01,9.53807936,44.041758671
0.0,0.6,0.6000000000000001,0.24,0.3,0.12,0.05,0.0,0.0,3.0,3.0,3045,2024-01-01,9.548010891,44.041758671
0.0,0.57,0.55,0.22,0.30000000000000004,0.06,0.1,-0.0,0.0,3.0,3.0,3045,2024-07-01,9.548010891,44.041758671
0.0,0.64,0.6000000000000001,0.32,0.2,0.07,0.05,0.01,0.0,3.0,3.0,3048,2024-01-01,9.5543,45.6314
0.0,0.63,0.7499999999999999,0.34,0.4,0.11,0.1,0.01,0.0,3.0,3.0,3048,2024-07-01,9.5543,45.6314
0.0,0.6,0.55,0.3,0.15,0.13,0.0,0.01,0.0,2.0,3.0,3052,2024-01-01,9.5821,44.1936
0.0,0.58,0.55,0.2,0.30000000000000004,0.14,0.1,0.01,0.0,3.0,3.0,3052,2024-07-01,9.5821,44.1936
0.0,0.69,0.65,0.35,0.15,0.12,0.0,0.01,0.0,2.0,3.0,3054,2024-01-01,9.61178173037,45.504513039766
0.0,0.6,0.7000000000000001,0.33,0.3,0.13,0.05,0.01,0.0,3.0,3.0,3054,2024-07-01,9.61178173037,45.504513039766
0.0,0.65,0.65,0.32,0.2,0.11,0.0,0.0,0.0,3.0,3.0,3060,2024-01-01,9.664176870151,43.546569726346
0.0,0.6,0.55,0.28,0.2,0.13,0.0,0.01,0.0,3.0,3.0,3060,2024-07-01,9.664176870151,43.546569726346
0.0,0.53,0.5,0.21,0.05,0.07,0.0,0.01,0.0,2.0,3.0,3062,2024-01-01,9.695320835662,45.940245647149
0.0,0.5,0.5,0.24,0.05,0.08,0.0,0.0,0.0,2.0,3.0,3062,2024-07-01,9.695320835662,45.940245647149
0.0,0.48,0.5,0.22,0.15,0.06,0.0,0.0,0.0,2.0,3.0,3066,2024-01-01,9.7042,43.6222
0.0,0.32,0.55,0.16,0.1,0.04,0.0,0.0,0.0,2.0,2.0,3066,2024-07-01,9.7042,43.6222
0.0,0.62,0.6,0.28,0.35,0.12,0.15,0.0,0.0,3.0,3.0,3068,2024-01-01,9.7044,43.6261
0.0,0.58,0.55,0.27,0.30000000000000004,0.1,0.1,0.0,0.0,3.0,3.0,3068,2024-07-01,9.7044,43.6261
0.0,0.58,0.6000000000000001,0.29,0.2,0.11,0.05,0.0,0.0,3.0,3.0,3071,2024-01-01,9.7161,43.6463
0.0,0.61,0.55,0.22,0.30000000000000004,0.09,0.1,0.0,0.0,3.0,3.0,3071,2024-07-01,9.7161,43.6463
0.0,0.54,0.5,0.27,0.05,0.06,0.0,0.0,0.0,2.0,3.0,3073,2024-01-01,9.765948473487,44.991691175855
0.0,0.53,0.5,0.19,0.05,0.11,0.0,0.0,0.0,2.0,2.0,3073,2024-07-01,9.765948473487,44.991691175855
0.0,0.65,0.4,0.32,0.1,0.08,0.0,0.02,0.0,2.0,3.0,3079,2024-01-01,9.810427500333,46.933257699457
0.0,0.57,0.65,0.24,0.15,0.1,0.0,0.0,0.0,2.0,3.0,3079,2024-07-01,9.810427500333,46.933257699457
0.0,0.66,0.65,0.36,0.15,0.17,0.0,0.01,0.0,2.0,3.0,3088,2024-01-01,9.882222423003,45.483080027716
0.0,0.65,0.7000000000000001,0.28,0.3,0.16,0.05,0.01,0.0,3.0,3.0,3088,2024-07-01,9.882222423003,45.483080027716
0.0,0.5,0.5,0.24,0.05,0.04,0.0,0.03,0.0,2.0,3.0,3091,2024-01-01,9.889324036336,46.13306397214
0.0,0.57,0.5,0.2,0.05,0.1,0.0,0.0,0.0,2.0,3.0,3091,2024-07-01,9.889324036336,46.13306397214
0.0,0.56,0.5,0.19,0.05,0.04,0.0,0.0,0.0,2.0,2.0,3093,2024-01-01,9.91181585212,44.360735351981
0.0,0.58,0.5,0.17,0.05,0.08,0.0,0.0,0.0,2.0,2.0,3093,2024-07-01,9.91181585212,44.360735351981
0.0,0.49,0.5,0.24,0.15,0.09,0.0,0.0,0.0,2.0,3.0,3095,2024-01-01,9.9256,45.1869
0.0,0.56,0.6,0.23,0.15,0.1,0.0,0.0,0.0,2.0,3.0,3095,2024-07-01,9.9256,45.1869
0.0,0.53,0.6,0.25,0.1,0.1,0.0,0.0,0.0,2.0,3.0,3098,2024-01-01,9.9263,45.1959
0.0,0.48,0.75,0.18,0.35,0.11,0.05,0.0,0.0,3.0,2.0,3098,2024-07-01,9.9263,45.1959
0.0,0.64,0.65,0.28,0.2,0.08,0.0,0.0,0.0,3.0,3.0,3100,2024-01-01,9.926825345831,43.397647455703
0.0,0.59,0.55,0.25,0.2,0.11,0.0,0.02,0.0,3.0,3.0,3100,2024-07-01,9.926825345831,43.397647455703
0.0,0.55,0.5,0.29,0.15,0.07,0.0,0.01,0.0,2.0,3.0,3101,2024-01-01,9.9277,47.2146
0.0,0.52,0.5,0.24,0.15,0.06,0.0,0.0,0.0,2.0,3.0,3101,2024-07-01,9.9277,47.2146
0.0,0.55,0.75,0.34,0.35,0.07,0.1,0.01,0.0,3.0,3.0,3102,2024-01-01,9.9277,47.216
0.0,0.53,0.65,0.26,0.2,0.1,0.0,0.0,0.0,3.0,3.0,3102,2024-07-01,9.9277,47.216
0.0,0.54,0.5,0.26,0.15,0.05,0.0,0.0,0.0,2.0,3.0,3107,2024-01-01,9.9283,43.1694
0.0,0.69,0.6,0.32,0.35,0.13,0.15,0.0,0.0,3.0,3.0,3108,2024-01-01,9.9283,43.1873
0.0,0.6,0.55,0.2,0.15000000000000002,0.09,0.05,0.01,0.0,2.0,3.0,3109,2024-07-01,9.938715068,43.113353595
0.0,0.6,0.44999999999999996,0.38,0.1,0.09,0.0,0.02,0.0,2.0,3.0,3110,2024-01-01,9.9448,47.2334
0.0,0.58,0.65,0.27,0.2,0.12,0.0,0.0,0.0,3.0,3.0,3110,2024-07-01,9.9448,47.2334
0.0,0.56,0.7000000000000001,0.27,0.3,0.11,0.05,0.01,0.0,3.0,3.0,3113,2024-07-01,9.965767586,43.121593341
0.0,0.66,0.65,0.35,0.2,0.13,0.0,0.0,0.0,3.0,3.0,3116,2024-01-01,9.981941712248,43.197460215464
0.0,0.61,0.55,0.29,0.2,0.12,0.0,0.02,0.0,3.0,3.0,3116,2024-07-01,9.981941712248,43.197460215464
0.0,0.49,0.5,0.29,0.05,0.08,0.0,0.01,0.0,2.0,3.0,3120,2024-01-01,10.001673651049,45.424195310879
0.0,0.56,0.5,0.22,0.05,0.07,0.0,0.0,0.0,2.0,3.0,3120,2024-07-01,10.001673651049,45.424195310879
0.0,0.53,0.5,0.23,0.15,0.05,0.0,0.0,0.0,2.0,3.0,3124,2024-01-01,10.0025,43.357
0.0,0.56,0.55,0.14,0.15000000000000002,0.06,0.05,0.01,0.0,2.0,2.0,3124,2024-07-01,10.0025,43.357
0.0,0.63,0.6,0.29,0.35,0.1,0.15,0.0,0.0,3.0,3.0,3125,2024-01-01,10.0025,43.3666
0.0,0.62,0.55,0.21,0.2,0.1,0.05,0.01,0.0,3.0,3.0,3125,2024-07-01,10.0025,43.3666
0.0,0.61,0.6000000000000001,0.27,0.2,0.12,0.05,0.0,0.0,3.0,3.0,3127,2024-01-01,10.0107,43.189
0.0,0.64,0.7000000000000001,0.22,0.3,0.09,0.05,0.02,0.0,3.0,3.0,3127,2024-07-01,10.0107,43.189
0.0,0.48,0.5,0.18,0.05,0.04,0.0,0.0,0.0,2.0,2.0,3130,2024-01-01,10.02269304697,43.789883824381
0.0,0.48,0.5,0.17,0.05,0.07,0.0,0.0,0.0,2.0,2.0,3130,2024-07-01,10.02269304697,43.789883824381
0.0,0.61,0.4,0.28,0.1,0.1,0.0,0.01,0.0,2.0,3.0,3135,2024-01-01,10.062498574288,47.96052303993
0.0,0.61,0.65,0.25,0.15,0.15,0.0,0.0,0.0,2.0,3.0,3135,2024-07-01,10.062498574288,47.96052303993
0.0,0.69,0.4,0.32,0.1,0.08,0.0,0.01,0.0,2.0,3.0,3139,2024-01-01,10.112945792061,48.812625195386
0.0,0.62,0.65,0.32,0.15,0.09,0.0,0.0,0.0,2.0,3.0,3139,2024-07-01,10.112945792061,48.812625195386
0.0,0.66,0.5,0.33,0.15,0.06,0.0,0.0,0.0,2.0,3.0,3149,2024-01-01,10.222659186026,50.214438666188
0.0,0.62,0.45,0.36,0.15000000000000002,0.07,0.05,-0.0,0.0,2.0,3.0,3149,2024-07-01,10.222659186026,50.214438666188
0.0,0.68,0.5,0.26,0.05,0.07,0.0,0.02,0.0,2.0,3.0,3154,2024-01-01,10.255438006166,46.218229229935
0.0,0.55,0.5,0.23,0.05,0.13,0.0,0.0,0.0,2.0,3.0,3154,2024-07-01,10.255438006166,46.218229229935
0.0,0.56,0.5,0.28,0.05,0.09,0.0,0.0,0.0,2.0,3.0,3155,2024-01-01,10.255468469955,45.237679926794
0.0,0.48,0.5,0.18,0.05,0.08,0.0,0.0,0.0,2.0,2.0,3155,2024-07-01,10.255468469955,45.237679926794
0.0,0.54,0.5,0.27,0.05,0.05,0.0,0.0,0.0,2.0,3.0,3156,2024-01-01,10.255984626121,43.118135418932
0.0,0.59,0.5,0.21,0.05,0.07,0.0,0.01,0.0,2.0,3.0,3156,2024-07-01,10.255984626121,43.118135418932
0.0,0.47,0.5,0.2,0.05,0.05,0.0,0.0,0.0,2.0,3.0,3160,2024-01-01,10.267721279534,43.695291983301
0.0,0.63,0.5,0.19,0.05,0.1,0.0,0.0,0.0,2.0,2.0,3160,2024-07-01,10.267721279534,43.695291983301
0.0,0.52,0.44999999999999996,0.22,0.1,0.06,0.0,0.0,0.0,2.0,3.0,3162,2024-01-01,10.2816,50.2282
0.0,0.44,0.4,0.31,0.15,0.07,0.0,-0.0,0.0,2.0,3.0,3162,2024-07-01,10.2816,50.2282
0.0,0.64,0.44999999999999996,0.33,0.15,0.09,0.0,0.02,0.0,2.0,3.0,3173,2024-01-01,10.350055035685,46.742461982789
0.0,0.62,0.49999999999999994,0.31,0.15000000000000002,0.07,0.05,0.0,0.0,2.0,3.0,3173,2024-07-01,10.350055035685,46.742461982789
0.0,0.47,0.5,0.25,0.15,0.1,0.0,0.01,0.0,2.0,3.0,3177,2024-01-01,10.384791046,44.955760956
0.0,0.41,0.55,0.15,0.1,0.08,0.0,0.0,0.0,2.0,2.0,3177,2024-07-01,10.384791046,44.955760956
0.0,0.66,0.6,0.3,0.35,0.12,0.15,0.0,0.0,3.0,3.0,3178,2024-01-01,10.389825773,44.998208255
0.0,0.67,0.55,0.23,0.30000000000000004,0.11,0.1,-0.0,0.0,3.0,3.0,3178,2024-07-01,10.389825773,44.998208255
0.0,0.58,0.6000000000000001,0.28,0.2,0.1,0.05,0.0,0.0,3.0,3.0,3181,2024-01-01,10.3909,43.794
0.0,0.6,0.55,0.23,0.2,0.1,0.05,0.0,0.0,3.0,3.0,3181,2024-07-01,10.3909,43.794
0.0,0.53,0.7,0.22,0.2,0.1,0.0,0.0,0.0,3.0,3.0,3185,2024-01-01,10.400628178497,51.031066169117
0.0,0.54,0.5,0.25,0.15,0.09,0.0,-0.0,0.0,2.0,3.0,3185,2024-07-01,10.400628178497,51.031066169117
0.0,0.62,0.45,0.27,0.05,0.11,0.0,0.0,0.0,2.0,3.0,3189,2024-01-01,10.419947977939,43.268638031625
0.0,0.59,0.6,0.26,0.15,0.15,0.0,0.01,0.0,2.0,3.0,3189,2024-07-01,10.419947977939,43.268638031625
0.0,0.63,0.44999999999999996,0.29,0.1,0.07,0.0,0.0,0.0,2.0,3.0,3190,2024-01-01,10.422611033,50.163829669
0.0,0.6,0.49999999999999994,0.37,0.2,0.09,0.05,-0.0,0.0,3.0,3.0,3190,2024-07-01,10.422611033,50.163829669
0.0,0.58,0.49999999999999994,0.33,0.15000000000000002,0.1,0.05,0.0,0.0,2.0,3.0,3192,2024-01-01,10.4311,45.1061
0.0,0.62,0.55,0.27,0.30000000000000004,0.08,0.1,0.0,0.0,3.0,3.0,3192,2024-07-01,10.4311,45.1061
0.0,0.64,0.45,0.34,0.05,0.11,0.0,0.0,0.0,2.0,3.0,3197,2024-01-01,10.465812273693,43.960829753735
0.0,0.62,0.6,0.27,0.15,0.1,0.0,0.0,0.0,2.0,3.0,3197,2024-07-01,10.465812273693,43.960829753735
0.0,0.49,0.5,0.29,0.05,0.06,0.0,0.0,0.0,2.0,3.0,3198,2024-01-01,10.469266666667,43.683233333333
0.0,0.58,0.5,0.2,0.05,0.08,0.0,0.0,0.0,2.0,3.0,3198,2024-07-01,10.469266666667,43.683233333333
0.0,0.63,0.45,0.38,0.05,0.12,0.0,0.0,0.0,2.0,3.0,3203,2024-01-01,10.542055318593,45.362717812303
0.0,0.6,0.6,0.24,0.15,0.12,0.0,0.0,0.0,2.0,3.0,3203,2024-07-01,10.542055318593,45.362717812303
0.0,0.65,0.55,0.29,0.2,0.09,0.05,0.01,0.0,3.0,3.0,3209,2024-01-01,10.5674,47.3861
0.0,0.58,0.65,0.24,0.2,0.09,0.0,0.0,0.0,3.0,3.0,3209,2024-07-01,10.5674,47.3861
0.0,0.62,0.5,0.24,0.15,0.05,0.0,0.0,0.0,2.0,3.0,3214,2024-01-01,10.6116,47.3645
0.0,0.43,0.5,0.18,0.15,0.06,0.0,0.0,0.0,2.0,2.0,3214,2024-07-01,10.6116,47.3645
0.0,0.59,0.75,0.33,0.35,0.08,0.1,0.0,0.0,3.0,3.0,3216,2024-01-01,10.6123,47.3731
0.0,0.55,0.65,0.28,0.2,0.09,0.0,0.0,0.0,3.0,3.0,3216,2024-07-01,10.6123,47.3731
0.0,0.48,0.5,0.25,0.05,0.04,0.0,0.0,0.0,2.0,3.0,3219,2024-01-01,10.62111670805,42.860507002585
0.0,0.52,0.5,0.17,0.05,0.09,0.0,0.0,0.0,2.0,2.0,3219,2024-07-01,10.62111670805,42.860507002585
0.0,0.62,0.4,0.27,0.1,0.08,0.0,0.0,0.0,2.0,3.0,3221,2024-01-01,10.623106846164,49.894599400279
0.0,0.53,0.5,0.34,0.15,0.09,0.0,-0.0,0.0,2.0,3.0,3221,2024-07-01,10.623106846164,49.894599400279
0.0,0.62,0.4,0.29,0.1,0.06,0.0,0.0,0.0,2.0,3.0,3226,2024-01-01,10.645709447238,49.369407536682
0.0,0.65,0.5,0.35,0.15,0.11,0.0,-0.0,0.0,2.0,3.0,3226,2024-07-01,10.645709447238,49.369407536682
0.0,0.6,0.45,0.28,0.05,0.11,0.0,0.0,0.0,2.0,3.0,3229,2024-01-01,10.65044394775,43.578580963234
0.0,0.59,0.6,0.21,0.15,0.14,0.0,-0.0,0.0,2.0,3.0,3229,2024-07-01,10.65044394775,43.578580963234
0.0,0.63,0.49999999999999994,0.28,0.15000000000000002,0.12,0.05,0.01,0.0,2.0,3.0,3231,2024-01-01,10.6585,43.9021
0.0,0.61,0.55,0.16,0.2,0.11,0.05,0.0,0.0,3.0,2.0,3231,2024-07-01,10.6585,43.9021
0.0,0.49,0.5,0.32,0.15,0.08,0.0,0.0,0.0,2.0,3.0,3235,2024-01-01,10.6843,43.9417
0.0,0.5,0.55,0.2,0.15000000000000002,0.07,0.05,-0.0,0.0,2.0,3.0,3235,2024-07-01,10.6843,43.9417
0.0,0.65,0.6,0.32,0.35,0.11,0.15,0.01,0.0,3.0,3.0,3237,2024-01-01,10.6845,43.9436
0.0,0.6,0.55,0.2,0.2,0.09,0.05,0.0,0.0,3.0,3.0,3237,2024-07-01,10.6845,43.9436
0.0,0.59,0.45,0.33,0.05,0.12,0.0,0.0,0.0,2.0,3.0,3240,2024-01-01,10.687123052396,46.201550061768
0.0,0.54,0.6,0.28,0.15,0.12,0.0,0.0,0.0,2.0,3.0,3240,2024-07-01,10.687123052396,46.201550061768
0.0,0.66,0.44999999999999996,0.33,0.15,0.07,0.0,0.0,0.0,2.0,3.0,3245,2024-01-01,10.795570490679,47.466759339862
0.0,0.63,0.49999999999999994,0.34,0.15000000000000002,0.13,0.05,0.0,0.0,2.0,3.0,3245,2024-07-01,10.795570490679,47.466759339862
0.0,0.6,0.45,0.31,0.05,0.11,0.0,0.0,0.0,2.0,3.0,3258,2024-01-01,10.958648423941,43.24123215449
0.0,0.65,0.6,0.29,0.15,0.14,0.0,-0.0,0.0,2.0,3.0,3258,2024-07-01,10.958648423941,43.24123215449
0.0,0.57,0.4,0.28,0.1,0.08,0.0,0.0,0.0,2.0,3.0,3261,2024-01-01,10.965110322324,50.761472480849
0.0,0.6,0.5,0.31,0.15,0.09,0.0,-0.0,0.0,2.0,3.0,3261,2024-07-01,10.965110322324,50.761472480849
0.0,0.55,0.44999999999999996,0.33,0.15,0.08,0.0,0.0,0.0,2.0,3.0,3263,2024-01-01,10.979454379619,48.571088786066
0.0,0.63,0.49999999999999994,0.32,0.15000000000000002,0.1,0.05,0.0,0.0,2.0,3.0,3263,2024-07-01,10.979454379619,48.571088786066
0.0,0.64,0.5,0.35,0.15,0.06,0.0,0.0,0.0,2.0,3.0,3270,2024-01-01,11.041921224841,49.412704068366
0.0,0.62,0.45,0.36,0.15000000000000002,0.08,0.05,-0.0,0.0,2.0,3.0,3270,2024-07-01,11.041921224841,49.412704068366
0.0,0.63,0.5,0.24,0.15,0.05,0.0,-0.0,0.0,2.0,3.0,3277,2024-01-01,11.103837771523,50.10661613255
0.0,0.64,0.45,0.32,0.15000000000000002,0.09,0.05,-0.0,0.0,2.0,3.0,3277,2024-07-01,11.103837771523,50.10661613255
0.0,0.6,0.44999999999999996,0.24,0.1,0.07,0.0,0.0,0.0,2.0,3.0,3280,2024-01-01,11.116168398,49.148293704
0.0,0.48,0.4,0.27,0.15,0.08,0.0,-0.0,0.0,2.0,3.0,3280,2024-07-01,11.116168398,49.148293704
0.0,0.75,0.55,0.41,0.2,0.11,0.05,0.0,0.0,3.0,3.0,3282,2024-01-01,11.1272,48.1998
0.0,0.66,0.65,0.25,0.2,0.12,0.0,0.01,0.0,3.0,3.0,3282,2024-07-01,11.1272,48.1998
0.0,0.53,0.5,0.27,0.15,0.08,0.0,0.01,0.0,2.0,3.0,3289,2024-01-01,11.1592,48.1934
0.0,0.48,0.5,0.24,0.15,0.11,0.0,0.0,0.0,2.0,3.0,3289,2024-07-01,11.1592,48.1934
0.0,0.63,0.75,0.36,0.35,0.11,0.1,0.0,0.0,3.0,3.0,3292,2024-01-01,11.1595,48.196
0.0,0.6,0.65,0.31,0.2,0.21,0.0,0.0,0.0,3.0,4.0,3292,2024-07-01,11.1595,48.196
0.0,0.68,0.6,0.33,0.30000000000000004,0.11,0.1,0.0,0.0,3.0,3.0,3297,2024-01-01,11.180842447,49.148293704
0.0,0.64,0.49999999999999994,0.31,0.2,0.08,0.05,-0.0,0.0,3.0,3.0,3297,2024-07-01,11.180842447,49.148293704
0.0,0.63,0.49999999999999994,0.37,0.2,0.11,0.05,0.0,0.0,3.0,3.0,3310,2024-01-01,11.2732,49.2758
0.0,0.7,0.49999999999999994,0.37,0.2,0.12,0.05,-0.0,0.0,3.0,3.0,3310,2024-07-01,11.2732,49.2758
0.0,0.42,0.5,0.26,0.15,0.08,0.0,0.0,0.0,2.0,3.0,3316,2024-01-01,11.352,43.4726
0.0,0.31,0.55,0.15,0.15000000000000002,0.02,0.05,0.0,0.0,2.0,2.0,3316,2024-07-01,11.352,43.4726
0.0,0.54,0.5,0.27,0.05,0.13,0.0,0.0,0.0,2.0,3.0,3319,2024-01-01,11.3523,43.476
0.0,0.58,0.55,0.19,0.2,0.09,0.05,0.0,0.0,3.0,2.0,3319,2024-07-01,11.3523,43.476
0.0,0.69,0.49999999999999994,0.33,0.15000000000000002,0.1,0.05,0.0,0.0,2.0,3.0,3327,2024-01-01,11.441694059,49.808147296
0.0,0.59,0.49999999999999994,0.42,0.2,0.08,0.05,-0.0,0.0,3.0,3.0,3327,2024-07-01,11.441694059,49.808147296
0.0,0.42,0.49999999999999994,0.3,0.15000000000000002,0.08,0.05,0.0,0.0,2.0,3.0,3330,2024-01-01,11.4597,49.8603
0.0,0.5,0.4,0.31,0.15,0.07,0.0,-0.0,0.0,2.0,3.0,3330,2024-07-01,11.4597,49.8603
0.0,0.62,0.5,0.33,0.15,0.06,0.0,0.0,0.0,2.0,3.0,3341,2024-01-01,11.667390090323,50.790893598472
0.0,0.63,0.45,0.32,0.15000000000000002,0.08,0.05,-0.0,0.0,2.0,3.0,3341,2024-07-01,11.667390090323,50.790893598472
0.0,0.58,0.49999999999999994,0.27,0.15000000000000002,0.06,0.05,0.01,0.0,2.0,3.0,3367,2024-01-01,11.966,50.7567
0.0,0.48,0.4,0.31,0.15,0.08,0.0,0.0,0.0,2.0,3.0,3367,2024-07-01,11.966,50.7567
