area_id,region
101039,2
100267,4
100178,2
100541,2
100789,2
100508,2
101164,2
101017,2
101097,2
100481,2
101041,2
100917,2
100258,2
101185,6
100002,4
100443,2
100530,2
101116,4
100145,4
101138,2
101320,6
100940,2
100595,2
100348,2
100040,4
100342,2
100024,4
101101,2
100172,2
101173,6
100568,2
100697,2
101063,2
101311,2
100768,2
100274,2
101139,2
101220,2
100865,2
100228,4
100428,2
101292,2
100198,2
100899,2
100210,2
100019,4
101127,2
100167,4
100275,2
100893,2
101132,2
100011,4
101109,4
100653,2
100905,2
100425,2
100987,2
100439,2
100715,2
101009,2
100154,2
100631,2
100854,2
100017,4
101058,2
101143,2
100886,2
100028,4
101318,4
100866,2
100368,2
101137,2
100058,2
100247,2
100501,2
100426,2
100085,4
101239,2
101096,2
100515,2
100271,2
100341,2
101306,4
100549,4
101263,2
100811,2
101074,2
101225,2
100475,2
100817,2
100103,2
100358,2
100385,2
100797,2
100877,2
100129,4
101064,2
100705,2
100603,2
100862,2
100923,2
100005,4
100467,4
100509,2
100518,4
100190,2
100638,2
101194,2
100112,4
100256,2
100064,2
100576,2
100802,2
100663,2
100525,2
100072,2
100688,2
101046,2
100186,2
101281,2
100872,2
100770,2
100722,2
100847,4
101102,2
100470,2
100976,6
100153,2
100571,2
100254,2
100959,2
100220,2
101128,2
100486,2
101149,2
100229,2
100891,4
100615,2
100369,2
100534,2
100591,2
100156,2
101222,2
101147,4
101304,2
100057,2
100587,4
100352,2
100416,4
101186,2
100087,4
100142,2
100989,2
100720,2
100355,2
100455,2
101244,2
100406,2
100613,2
100237,2
101016,2
100223,2
100098,4
100248,2
100094,2
100537,2
100728,2
100784,2
100082,2
100222,2
100207,2
100871,2
100503,4
100250,2
100163,2
100842,2
100980,2
100650,2
101084,4
100083,2
100105,2
100386,2
100583,2
101301,6
101073,2
100244,2
100397,4
100804,2
100421,2
101305,2
100829,2
100343,4
100930,2
101190,2
101261,2
100564,2
100288,2
101080,2
101214,2
100596,2
100961,2
100180,2
100283,2
101107,2
101038,2
100337,2
100709,4
101169,4
101289,4
101053,6
100013,4
100108,2
100127,2
100680,2
101215,2
100599,2
100400,2
100050,2
100081,4
100307,2
100169,2
100395,2
100692,2
101110,4
100733,2
100701,2
100035,2
100623,2
101081,2
101059,2
100110,4
100004,4
100054,2
100299,2
100855,2
101213,2
100396,2
100202,2
101293,2
100597,2
101224,2
100272,2
100516,2
100392,2
100468,2
100499,2
100723,2
100147,4
100080,2
100092,4
100384,2
100580,2
100306,2
100093,4
100048,4
100007,4
101040,2
100969,2
100975,2
100934,2
101023,2
101203,2
100783,2
101245,2
101124,2
100016,4
100344,2
101021,2
101231,4
100276,2
100661,2
101060,2
101287,2
100417,2
101295,2
100837,2
101240,2
101090,2
101159,2
101323,2
100448,2
100824,2
101172,2
100572,2
100278,2
100714,2
100450,2
100164,2
100490,2
100231,2
100612,2
100778,2
100310,2
101210,2
101202,2
100826,2
101047,2
100560,2
100372,2
100941,2
100179,2
101205,2
101175,2
101313,2
100025,4
100656,2
100810,2
100350,4
100430,2
100020,4
100143,2
100921,2
100839,2
101271,2
101024,2
100168,2
101269,2
100115,2
100106,4
100184,2
100874,2
100748,2
101168,2
101051,2
100376,2
100730,2
100983,2
100965,2
100935,2
101282,2
100418,2
100792,2
101086,2
100841,2
100907,2
100415,2
100144,2
100831,2
100099,4
100160,2
100268,2
100091,4
100561,2
100787,2
100119,4
100033,2
100879,2
100698,2
100546,2
100242,2
101254,2
100166,4
100821,2
100627,2
101242,2
101264,2
100914,2
101020,2
100374,2
100911,2
100782,2
100264,2
100478,2
101129,2
100559,2
100402,2
101083,6
100104,2
100277,2
100900,2
100813,2
100869,2
100139,2
100262,4
100758,2
100673,2
100986,2
101028,2
101233,2
100632,4
101093,2
100555,2
100990,2
100933,2
100970,6
100462,2
100706,2
100009,4
100736,2
100200,2
100544,2
100321,2
100816,2
100270,2
100649,2
101033,2
101195,6
100863,2
100197,4
100830,2
100785,2
100550,2
100598,2
100296,4
100027,4
100329,2
100387,2
100117,4
100401,2
100809,2
100693,2
100507,2
101315,2
100305,2
100205,2
101178,6
101166,2
100412,2
101280,2
100558,2
100491,2
100498,2
100600,2
100992,2
101099,2
100775,2
100141,2
101001,2
100488,2
100857,2
101260,2
100528,2
100850,2
100116,4
101055,2
100183,2
100563,2
100994,2
100121,2
101036,2
100523,2
101029,4
100199,2
100617,2
101230,6
100856,2
100642,2
101144,2
100322,2
100328,2
100630,2
101007,2
101153,2
100215,2
100413,2
100925,2
100015,4
100645,2
101154,4
100367,2
101152,2
100126,2
100068,2
100427,2
100315,2
101140,2
101156,2
100551,2
100695,4
100919,2
100334,2
100079,4
101141,6
100643,2
100109,4
100531,2
100454,2
100075,2
100365,2
100840,2
101114,2
100579,2
100861,2
101162,6
100061,2
100182,2
100230,2
100354,4
101200,2
101106,2
100791,2
100357,2
100157,2
101018,2
100074,4
100740,2
100312,2
100670,2
100628,2
101027,2
100512,4
100317,2
100356,2
100246,2
100690,2
100984,2
101012,2
100010,4
100982,2
100483,2
100590,4
100150,2
101167,2
101113,2
100381,2
100962,2
100308,2
101048,2
101300,2
100495,2
100903,2
101297,2
100517,2
100445,2
101085,4
100311,2
100798,2
100971,4
100174,4
100786,2
100848,2
100394,2
101238,6
101268,2
100226,2
100380,2
100849,2
100077,4
100682,2
100655,2
101120,4
101272,2
101265,2
100588,2
101188,2
100852,2
100818,2
100883,2
100370,4
100214,2
100772,2
100391,2
101321,2
100053,2
100521,2
100696,2
101071,2
100718,2
101218,6
100253,2
100581,2
101161,4
101207,2
100235,4
101135,4
100552,2
100227,2
100191,2
100489,2
101091,2
100431,2
100359,2
100338,2
100815,2
100657,2
100492,2
101270,4
101176,6
100269,2
100176,4
100540,2
100165,2
100703,2
100292,2
100838,2
100988,2
101095,2
100284,2
100888,2
100042,2
100351,2
100681,2
100716,2
100702,2
100353,2
100574,2
100928,2
100071,2
100918,2
100217,2
100951,4
101219,2
100364,2
100957,2
100130,2
100124,4
100316,2
101275,2
100746,2
101197,2
100331,4
100379,2
100533,2
100336,2
100924,2
101076,6
101121,6
100086,2
100181,2
100476,2
100876,2
100647,2
100807,2
100610,2
101061,2
100457,2
100036,4
100218,2
100279,2
101236,2
100414,2
100765,2
101160,2
100734,2
100520,2
100408,2
100887,4
100800,2
100003,4
100155,2
100881,2
100453,2
101145,2
100463,2
100303,2
100752,4
100506,2
100794,2
100170,2
100526,2
101010,2
100605,2
100713,2
100006,4
100022,4
100101,4
100120,2
100773,2
100654,2
100193,4
100708,2
100762,2
100743,2
101133,2
100073,2
100875,2
100828,2
100885,2
100668,2
100149,4
100763,4
101187,2
100287,2
100314,2
100832,2
101217,2
100548,2
101126,2
101294,2
100089,2
100249,2
101142,6
100078,2
100575,4
100867,2
100858,2
100929,2
100594,2
101267,2
100916,2
101148,2
100543,2
100556,2
101252,6
100665,2
100151,2
100710,2
100023,4
100759,2
100756,2
101316,4
100652,2
100171,4
100438,4
100063,2
100363,2
100896,2
100194,2
101221,2
100320,2
101234,2
100963,2
101037,6
100461,2
100188,2
100236,2
101092,2
101279,2
101031,2
101094,2
101253,2
100601,2
100233,4
100158,2
101309,2
100636,2
101005,2
100052,4
100435,2
100059,2
100409,2
100721,2
101088,2
100403,2
101119,2
100878,6
100711,2
100212,2
100686,2
100466,2
101157,2
100671,2
100505,2
100070,2
100814,6
101171,2
100853,2
100410,4
100843,2
100796,2
101274,6
100945,4
100213,2
100128,4
100031,4
100034,2
101035,2
101174,2
100870,2
101310,6
100776,2
100997,2
101324,2
100037,2
101284,2
100766,2
100362,2
100373,2
100519,4
100527,2
100634,2
100008,4
100173,2
101044,2
100620,4
100777,2
101130,6
100378,2
100285,2
100055,2
100586,2
101105,2
100100,2
100065,4
100477,2
100684,2
100675,2
100044,4
100067,2
100504,4
101319,2
100241,2
101075,2
101151,2
100066,2
100806,2
100973,2
100039,2
100216,2
100514,2
100001,4
100567,2
101134,6
100224,4
100204,2
100319,2
100606,2
100922,2
100304,2
101249,2
101034,2
100111,4
100926,2
101002,2
100864,2
101089,2
101223,2
100302,2
101067,6
101250,2
101019,2
100196,2
100419,4
100383,2
100609,2
100735,2
101201,2
100607,4
100102,2
100753,2
100949,2
100808,2
100936,2
100398,2
101307,2
100333,2
100731,2
100330,4
101042,2
100056,4
100890,2
100522,2
100780,2
100906,2
100095,2
100382,2
100332,2
101256,6
101209,2
100294,2
101189,2
101235,2
100219,2
100635,2
101288,2
100255,2
100177,2
101057,2
100664,2
100851,2
100405,2
100873,2
100510,2
100897,2
101273,2
100371,2
100265,2
101004,2
100132,4
100295,2
100836,2
101065,2
100493,4
100497,2
100749,2
100388,2
100641,2
100667,2
100967,2
101227,4
101087,2
100266,2
100162,2
100577,2
100148,2
100474,2
100676,4
100473,2
100662,2
100562,2
100107,2
101022,4
100781,2
100757,6
100203,2
101006,2
100447,2
100754,2
101206,4
100090,2
100118,2
100954,2
101204,2
100281,2
101226,4
100062,2
100456,2
100452,2
100449,4
100825,2
101003,6
101079,2
100259,2
101285,2
100614,2
100991,2
100298,4
101247,4
100347,2
100672,2
101199,6
100972,2
100021,4
100211,2
100913,2
100761,2
100947,6
100446,4
100441,2
100539,4
100685,2
100060,4
100252,4
100771,2
101054,2
100335,2
100313,2
100602,2
101150,2
101241,6
101011,2
100030,4
100097,4
101008,2
100660,2
100694,2
100444,2
100300,2
100799,2
100573,2
100739,2
100261,2
101131,2
100904,2
100823,2
100542,2
100699,2
100251,2
100952,2
101257,2
100834,2
100669,2
101296,4
100134,2
100939,2
100719,2
101068,2
101303,6
100860,2
100833,2
100480,2
100524,2
100910,2
100114,2
100464,2
100846,2
100301,2
100429,2
101158,2
100767,2
100651,4
100950,2
100137,4
100339,4
100309,2
101052,2
100979,2
100915,2
100175,2
100195,2
101118,2
101286,2
100894,2
100621,2
100326,2
101104,2
100625,2
100584,4
100624,2
101192,4
100689,2
100043,2
100880,2
100819,2
101069,6
101283,2
101078,2
100282,2
100868,2
100536,2
101103,2
101255,2
100485,2
100496,2
101308,2
100820,4
100953,2
100566,2
100424,2
101077,2
100774,2
100968,2
100745,2
100069,4
100324,2
100920,2
100494,2
100420,2
100208,2
100618,2
100943,2
100724,2
100727,2
100659,4
100646,2
101198,2
100325,2
100633,2
100738,4
100912,2
100859,2
100135,2
100434,2
101155,2
101291,2
100029,4
101082,4
100360,4
101170,2
100700,2
101266,2
100260,4
100938,6
100161,4
100844,2
100459,2
100704,6
100679,4
100327,2
100956,2
100018,4
100393,2
100221,2
100779,2
100835,2
100553,2
100691,2
101015,2
101111,2
100096,2
100479,2
101013,2
100726,2
100678,2
101043,2
101122,2
100578,4
100014,4
100088,4
100366,2
100437,2
101251,2
100822,4
100683,2
101100,4
100240,4
100795,2
100243,2
100146,4
100423,2
100931,2
100472,4
100407,2
100041,4
101050,2
100012,4
100712,2
101216,6
101165,2
100209,2
100532,4
100185,2
101184,2
100349,2
101049,2
100422,2
100513,2
100805,2
101278,2
100290,2
100440,2
100136,4
100280,2
100569,2
100411,4
100608,2
100742,2
101262,6
101302,6
101125,2
100592,2
101277,2
100889,2
100133,2
100084,2
100122,4
100616,2
100658,2
101322,2
100206,2
101056,2
101112,2
100487,2
101025,2
100000,4
100273,2
101290,6
100297,2
101014,2
100744,2
100788,6
100361,2
100565,2
100346,2
101191,2
100801,2
101000,2
100648,2
100769,2
100593,2
100803,2
100529,2
100622,2
100909,2
100201,2
100131,4
101098,2
101123,6
101228,2
100644,2
100433,4
100375,2
100187,2
100152,4
100159,4
100511,2
100289,2
100898,2
101180,2
100399,4
100604,2
100626,4
100958,2
100038,4
100611,2
101208,2
100234,2
100049,4
100619,2
100554,2
101193,2
100755,2
100948,2
100340,2
100901,2
100827,2
100500,2
100225,4
100465,2
101117,6
101211,2
100964,2
100482,2
100717,2
101259,4
101232,2
101276,2
101243,2
100263,2
101030,2
101072,2
101177,2
101183,2
100460,4
100123,2
101314,2
100725,2
101045,2
100239,2
100942,6
100538,2
100138,4
100737,2
100639,2
101070,2
101062,2
100884,2
100729,2
100545,2
100999,2
100996,2
100845,2
100291,2
100674,2
100895,2
101317,2
100812,2
100189,2
101212,6
100589,2
100293,2
100687,4
100045,2
101298,2
101146,2
100977,2
100286,2
100966,2
100458,2
101136,2
100944,2
100451,2
100245,2
100051,4
100640,2
100955,2
100741,4
101312,6
101229,2
100960,2
100932,2
100764,2
100047,2
100345,2
100026,4
100318,4
100892,2
100192,2
100882,4
100323,2
101248,2
100238,2
100793,2
100377,2
100032,4
100469,2
101026,2
100629,2
101237,2
101108,2
101182,6
100484,4
101032,4
100637,2
100677,2
100666,2
100432,2
100125,4
100937,2
100113,4
101299,2
101196,2
100046,4
100557,2
100790,2
100927,2
100974,2
100582,2
100981,2
100570,2
100547,2
100257,2
100747,2
100076,2
100760,2
100502,2
100750,6
100732,2
100471,4
100140,2
100232,2
100535,2
101066,2
100751,2
100707,2
100908,4
101246,2
100946,4
1622,5
1621,1
1620,4
1619,1
1618,4
1617,5
1616,7
1615,7
1614,1
1613,1
1612,7
1610,7
1609,5
1608,7
1607,7
1606,7
1605,1
1604,1
1603,7
1602,7
1601,7
1600,1
1599,7
1598,7
1596,7
1595,1
1594,7
1593,7
1592,1
1591,1
1590,4
1589,4
1588,4
1587,5
1586,7
1584,7
1583,1
1582,4
1581,1
1580,4
1579,1
1578,1
1577,4
1576,4
1575,5
1574,4
1573,7
1572,4
1571,5
1570,4
1569,4
1568,4
1567,5
1566,4
1565,4
1564,4
1563,7
1562,7
1561,7
1560,4
1559,1
1558,1
1557,1
1556,5
1555,1
1554,4
1553,1
1552,4
1551,4
1550,4
1549,7
1548,7
1547,7
1546,1
1545,1
1544,4
1543,4
1542,4
1541,4
1540,1
1539,7
1538,7
1537,1
1536,1
1535,1
1534,1
1533,4
1532,1
1531,1
1530,1
1529,1
1528,1
1527,5
1526,1
1525,1
1524,1
1523,1
1522,1
1521,5
1520,4
1519,4
1518,4
1517,7
1516,4
1515,4
1514,1
1513,1
1512,4
1511,1
1510,4
1509,4
1508,1
1507,1
1506,5
1505,4
1504,4
1503,4
1502,4
1501,4
1500,4
1499,4
1498,4
1497,4
1496,5
1495,4
1494,1
1493,1
1492,4
1491,4
1490,5
1098,3
1097,4
1096,4
1095,3
1094,3
1093,3
1092,3
1091,3
1090,3
1089,4
1088,3
1087,3
1086,3
1085,4
1084,4
1083,3
1082,3
1081,4
1080,4
1079,3
1078,3
1077,3
1076,3
1075,3
1074,4
1073,4
1072,4
1071,3
1070,3
1069,3
1068,3
1067,3
1066,4
1065,4
1063,3
1062,3
1061,3
1060,3
1059,3
1058,3
1057,3
1056,3
1055,3
1054,3
1053,3
1052,3
1051,3
1050,3
1049,3
1048,3
1047,4
1046,4
1045,3
1044,3
1043,3
1042,3
1041,3
1040,3
1039,3
1038,3
1037,3
1036,4
1035,3
1034,3
1033,3
1032,4
1031,3
1030,4
1029,4
1028,3
1027,3
1026,3
1025,3
1024,3
1023,3
1022,3
1021,3
1020,3
1019,3
1018,3
1017,3
1016,3
1015,3
1014,3
1013,3
1012,3
1011,3
1010,3
1009,3
1008,3
1007,3
1006,3
1005,3
1004,3
1003,3
1002,3
1001,3
1000,3
999,3
998,3
997,3
996,3
995,3
994,3
993,3
992,3
991,3
990,3
989,3
988,3
987,3
986,3
985,3
984,3
983,3
982,3
981,3
980,3
979,3
978,3
977,3
976,3
975,3
974,3
973,3
972,3
971,3
970,3
969,3
968,3
967,3
966,3
965,4
964,3
963,4
962,3
961,3
960,3
959,3
958,3
957,3
956,3
955,3
954,3
953,3
952,3
951,3
950,3
949,3
948,3
947,3
946,3
945,3
944,3
943,3
942,3
941,3
940,3
939,3
938,3
937,3
936,3
935,3
934,3
933,3
932,3
931,3
930,3
929,3
928,3
927,3
926,3
925,3
924,3
923,3
922,3
921,3
920,3
919,3
918,3
917,3
916,3
915,3
914,3
913,3
912,3
911,3
910,3
909,3
908,3
907,3
906,3
905,3
904,3
903,3
902,3
901,3
900,3
899,3
898,3
897,3
896,3
895,3
894,3
893,3
892,3
891,3
890,3
889,3
888,3
887,3
886,3
885,3
884,3
883,3
882,3
881,3
880,3
879,3
878,3
877,3
876,3
875,3
874,3
873,3
872,3
871,3
870,3
869,3
868,3
867,3
866,3
865,3
864,3
863,3
862,3
861,3
860,3
859,3
858,3
857,3
856,3
855,3
854,3
853,3
852,3
851,3
850,3
849,3
848,3
847,3
846,3
845,3
844,3
843,3
842,3
841,3
840,3
839,3
838,3
837,3
836,3
835,3
834,3
833,3
832,3
831,3
830,3
829,3
828,3
827,3
826,3
825,3
824,3
823,3
822,3
821,3
820,3
819,3
818,3
817,3
816,3
815,3
814,3
813,3
812,3
811,3
810,3
809,3
808,3
807,3
806,3
805,3
804,3
803,3
802,3
801,3
800,3
799,3
798,3
797,3
796,3
795,3
794,3
793,3
792,3
791,3
790,3
789,3
788,3
787,3
786,3
785,3
784,3
783,3
782,3
781,3
780,3
779,3
778,3
777,3
776,3
775,3
774,3
773,3
772,3
771,3
770,3
769,3
768,3
767,3
766,3
765,3
764,3
763,3
762,3
761,3
760,3
759,3
758,3
757,3
756,3
755,3
754,3
753,3
752,3
751,3
750,3
749,3
748,3
747,3
746,3
745,3
744,3
743,3
742,3
741,3
740,3
739,3
738,3
737,3
736,3
735,3
734,3
733,3
732,3
731,3
730,3
729,3
728,3
727,3
726,3
725,3
724,3
723,3
722,3
721,3
720,3
719,3
718,3
717,3
716,3
715,3
714,3
713,3
712,3
711,3
710,3
709,3
708,3
707,3
706,3
705,3
704,3
703,3
702,3
701,3
700,3
699,3
698,3
697,3
696,3
695,3
694,3
693,3
692,3
691,3
690,3
689,3
688,3
687,3
685,3
684,3
683,3
682,3
681,3
680,3
679,3
678,3
677,3
676,3
675,3
674,3
673,3
672,3
671,3
670,3
669,3
668,3
667,3
666,3
665,3
664,3
663,3
662,3
661,3
660,3
659,3
658,3
657,3
656,3
655,3
654,3
653,3
652,3
651,3
650,3
649,3
648,3
647,3
646,3
645,3
644,3
643,3
642,3
641,3
640,3
639,3
638,3
637,3
636,3
635,3
634,3
633,3
632,3
631,3
630,3
629,3
628,3
627,3
626,3
625,3
624,3
623,3
622,3
621,3
620,3
619,3
618,3
617,3
616,3
615,3
614,3
613,3
612,3
611,3
610,3
609,3
608,3
607,3
606,3
605,3
604,3
603,3
602,3
601,3
600,3
599,3
598,3
597,3
596,3
595,3
594,3
593,3
592,3
591,3
590,3
589,3
588,3
587,3
586,3
585,3
584,3
583,3
582,3
581,3
580,3
579,3
578,3
577,3
576,3
575,3
574,3
573,3
572,3
571,3
570,3
569,3
568,3
567,3
566,3
565,3
564,3
563,3
562,3
561,3
560,3
559,3
558,3
557,3
556,3
555,3
554,3
553,3
552,3
551,3
550,3
549,3
548,3
547,3
546,3
545,3
544,3
543,3
542,3
541,3
540,3
539,3
538,3
537,3
536,3
535,3
534,3
533,3
532,3
531,3
530,3
529,3
528,3
527,3
526,3
525,3
524,3
523,3
522,3
521,3
520,3
519,3
518,3
517,3
516,3
515,3
514,3
513,3
512,3
511,3
510,3
509,3
508,3
507,3
506,3
505,3
504,3
503,3
502,3
501,3
500,3
499,3
498,3
497,3
496,3
495,3
494,3
493,3
492,3
491,3
490,3
489,3
488,3
487,3
486,3
485,3
484,3
483,3
482,3
481,3
480,3
479,3
478,3
477,3
476,3
475,3
474,3
473,3
472,3
471,3
470,3
469,3
468,3
467,3
466,3
465,3
464,3
463,3
462,3
461,3
460,3
459,3
458,3
457,3
456,3
455,3
454,3
453,3
452,3
451,3
450,3
449,3
448,3
447,3
446,3
445,3
444,3
443,3
442,3
441,3
440,3
439,3
438,3
437,3
436,3
435,3
434,3
433,3
432,3
431,3
430,3
429,3
428,3
427,3
426,3
425,3
424,3
423,3
422,3
421,3
420,3
419,3
418,3
417,3
416,3
415,3
414,3
413,3
412,3
411,3
410,3
409,3
408,3
407,3
406,3
405,3
404,3
403,3
402,3
401,3
400,3
399,3
398,3
397,3
396,3
395,3
394,3
393,3
392,3
391,3
390,3
389,3
388,3
387,3
386,3
385,3
384,3
383,3
382,3
381,3
380,3
379,3
378,3
377,3
376,3
375,3
374,3
373,3
372,3
371,3
370,3
369,3
368,3
367,3
366,3
365,3
364,3
363,3
362,3
361,3
360,3
359,3
358,3
357,3
356,3
355,3
354,3
353,3
352,3
351,3
350,3
349,3
348,3
347,3
346,3
345,3
344,3
343,3
342,3
341,3
340,3
339,3
338,3
1489,1
1488,4
1487,1
1486,1
1485,1
1484,1
1483,4
1482,4
1481,4
1480,4
1479,4
1478,1
1477,5
1476,1
1475,4
1474,5
1473,1
1472,1
1471,4
1470,4
1469,1
1468,4
1467,4
1466,4
1465,1
1464,4
1463,4
1462,4
1461,1
1460,4
1459,4
1458,1
1457,5
1456,4
1455,5
1454,1
1453,4
1452,4
1451,4
1450,4
1449,1
1448,1
1446,4
1445,4
1444,4
1443,4
1442,4
337,3
336,3
335,3
333,3
332,3
331,3
330,3
329,3
328,3
327,3
326,3
325,3
324,3
323,3
322,3
321,3
320,3
319,3
318,3
317,3
316,3
315,3
314,3
313,3
312,3
311,3
310,3
309,3
308,3
307,3
306,3
305,3
304,3
303,3
302,3
301,3
300,3
299,3
298,3
297,3
296,3
295,3
294,3
293,3
292,3
291,3
290,3
289,3
288,3
287,3
286,3
285,3
284,3
283,3
282,3
281,3
280,3
278,3
277,3
276,3
275,3
274,3
273,3
272,3
271,3
270,3
269,3
268,3
267,3
266,3
265,3
264,3
263,3
262,3
261,3
260,3
259,3
258,3
257,3
256,3
255,3
254,3
253,3
252,3
251,3
250,3
249,3
248,3
247,3
246,3
245,3
244,3
243,3
242,3
241,3
240,3
239,3
238,3
237,3
236,3
235,3
234,3
233,3
232,3
231,3
230,3
229,3
228,3
227,3
226,3
225,3
224,3
223,3
222,3
221,3
220,3
219,3
218,3
217,3
216,3
215,3
214,3
213,3
212,3
211,3
210,3
209,3
208,3
207,3
206,3
205,3
204,3
203,3
202,3
201,3
200,3
199,3
198,3
197,3
196,3
195,3
194,3
193,3
192,3
191,3
190,3
189,3
188,3
187,3
186,3
185,3
184,3
183,3
182,3
181,3
180,3
179,3
178,3
177,3
176,3
175,3
174,3
173,3
172,3
171,3
170,3
169,3
168,3
167,3
166,3
165,3
164,3
163,3
162,3
161,3
160,3
159,3
158,3
157,3
156,3
155,3
154,3
153,3
152,3
151,3
150,3
149,3
148,3
147,3
146,3
145,3
144,3
143,3
142,3
141,3
140,3
139,3
138,3
137,3
136,3
135,3
134,3
133,3
132,3
131,3
130,3
129,3
128,3
127,3
126,3
125,3
124,3
123,3
122,3
121,3
120,3
119,3
118,3
117,3
116,3
115,3
114,3
113,3
112,3
111,3
110,3
109,3
108,3
107,3
106,3
105,3
104,3
103,3
102,3
101,3
100,3
98,3
97,3
96,3
95,3
94,3
93,3
92,3
91,3
90,3
89,3
88,3
87,3
86,3
85,3
84,3
83,3
82,3
81,3
80,3
79,3
78,3
77,3
76,3
75,3
74,3
73,3
72,3
71,3
70,3
69,3
68,3
67,3
66,3
65,3
64,3
63,3
62,3
61,3
60,3
59,3
58,3
57,3
56,3
55,3
54,3
53,3
52,3
51,3
50,3
49,3
48,3
47,3
46,3
45,3
44,3
43,3
42,3
41,3
40,3
39,3
38,3
37,3
36,3
35,3
34,3
33,3
32,3
31,3
30,3
29,3
28,3
27,3
26,3
25,3
24,3
23,3
22,3
21,3
20,3
19,3
18,3
17,3
16,3
15,3
14,3
13,3
1441,5
1440,1
1439,4
1438,4
1437,4
1436,1
1435,4
1434,1
1433,1
1432,1
1431,1
1430,4
1429,4
1428,4
1427,1
1426,1
1425,1
1424,1
1423,1
1422,1
1421,4
1420,1
1419,4
1418,4
1417,4
1416,4
1415,4
1414,4
1413,4
1412,4
1411,4
1410,1
1409,1
1408,1
1407,1
1405,1
1404,1
1403,1
1402,1
1401,1
1400,1
1399,1
1398,1
1397,1
1396,1
1395,1
1394,4
1393,1
1392,5
1391,1
1390,4
1389,4
1388,4
1387,4
1386,4
1385,4
1384,1
1383,1
1382,1
1381,1
1380,1
1379,1
1378,1
1377,1
1376,1
1375,4
1374,4
1373,1
12,3
11,3
10,3
9,3
8,3
7,3
6,3
5,3
4,3
3,3
2,3
1,3
0,3
1372,1
1371,1
1370,4
1369,4
1368,5
1367,1
1366,1
1365,1
1364,5
1363,1
1362,1
1361,1
1360,1
1359,1
1358,1
1357,4
1356,4
1355,4
1354,4
1353,1
1352,1
1351,4
1350,4
1349,4
1348,4
1347,4
1346,4
1345,4
1344,4
1343,4
1342,4
1341,4
1340,4
1339,4
1338,4
1337,4
1336,4
1335,4
1334,4
1333,4
1332,4
1331,4
1330,4
1329,4
1328,4
1327,1
1326,1
1325,4
1324,4
1323,4
1322,4
1321,4
1320,4
1319,4
1318,4
1317,4
1316,4
1315,4
1314,4
1313,4
1312,4
1311,1
1310,4
1309,4
1308,4
1307,4
1306,4
1305,4
1304,4
1303,4
1302,4
1301,4
1300,4
1299,1
1298,1
1297,1
1296,4
1295,4
1294,4
1293,4
1292,4
1291,1
1290,1
1288,4
1287,4
1286,1
1285,4
1284,4
1283,4
1282,4
1281,4
1280,4
1279,4
1278,1
1277,4
1276,4
1275,4
1274,4
1273,4
1272,1
1271,1
1270,1
1269,1
1268,4
1267,1
1266,4
1265,4
1264,4
1263,4
1262,4
1261,4
1260,4
1259,4
1258,1
1257,4
1256,4
1255,4
1254,4
1253,4
1252,4
1251,1
1250,4
1249,1
1248,4
1247,4
1246,1
1245,1
1244,4
1243,4
1242,4
1241,4
1240,4
1239,4
1238,4
1237,4
1236,4
1235,4
1234,4
1233,4
1232,4
1231,4
1230,4
1229,1
1228,4
1227,4
1226,1
1225,4
1224,4
1223,4
1222,4
1221,4
1220,4
1219,1
1218,1
1217,4
1216,4
1215,4
1214,4
1213,4
1212,1
1210,1
1209,4
1208,1
1207,1
1206,4
1205,4
1204,1
1203,4
1202,4
1201,4
1200,4
1199,1
1198,1
1197,4
1196,4
1195,1
1194,4
1193,4
1192,1
1191,1
1190,4
1189,4
1188,4
1187,4
1186,4
1185,4
1184,4
1183,4
1182,4
1181,4
1180,4
1179,4
1178,4
1177,1
1176,4
1175,4
1174,4
1173,4
1172,4
1171,4
1170,4
1169,4
1168,4
1167,4
1166,4
1165,4
1164,4
1163,4
1162,4
1161,4
1160,4
1159,4
1158,4
1157,0
1156,4
1155,4
1154,4
1153,0
1152,0
1151,0
1150,4
1149,4
1148,0
1147,0
1146,0
1145,3
1144,3
1143,4
1142,4
1141,0
1140,3
1139,3
1138,0
1137,3
1136,4
1135,3
1134,4
1133,3
1132,3
1131,3
1130,0
1129,3
1128,0
1127,0
1126,4
1125,4
1124,0
1123,0
1122,3
1121,3
1120,3
1119,3
1118,4
1116,3
1115,3
1114,4
1113,3
1112,3
1111,3
1110,3
1109,3
1108,3
1107,3
1106,4
1105,3
1104,3
1103,3
1102,3
1101,3
1100,3
1099,3
1623,4
1624,4
1625,4
1626,7
1627,7
1628,7
1629,7
1630,7
1631,7
1632,7
1633,7
1634,7
1635,1
1636,7
1637,7
1638,4
1639,4
1640,1
1641,7
1642,7
1643,1
1644,1
1645,1
1646,1
1647,1
1648,4
1649,1
1650,7
1651,7
1652,1
1653,7
1654,1
1655,1
1656,1
1657,1
1658,1
1659,1
1660,1
1661,1
1662,1
1663,1
1664,1
1665,7
1666,4
1667,4
1668,5
1669,4
1670,4
1671,4
1672,1
1673,7
1674,7
1675,1
1676,1
1677,1
1678,4
1679,4
1680,7
1681,7
1682,7
1683,4
1684,4
1685,7
1686,7
1687,7
1688,4
1689,7
1690,7
1691,7
1692,4
1693,4
1694,7
1695,7
1696,7
1698,7
1699,7
1700,7
1701,4
1702,4
1703,1
1704,1
1705,4
1706,5
1707,7
1708,7
1709,4
1710,4
1711,7
1712,7
1713,5
1714,1
1715,4
1716,1
1717,4
1718,4
1719,7
1720,7
1721,7
1722,7
1723,4
1724,1
1725,1
1726,4
1727,7
1728,7
1729,7
1730,7
1731,1
1732,1
1733,4
1734,4
1736,7
1737,1
1738,7
1739,7
1740,7
1741,7
1742,4
1743,7
1744,7
1745,1
1746,7
1747,7
1748,7
1749,7
1750,7
1751,7
1752,7
1753,7
1754,7
1755,7
1756,7
1757,7
1758,7
1759,7
1760,7
1761,4
1762,7
1763,7
1764,7
1765,4
1766,7
1767,4
1768,7
1769,7
1770,7
1771,7
1772,7
1773,4
1774,1
1775,1
1776,1
1777,1
1778,1
1779,1
1780,1
1781,7
1782,7
1783,7
1784,7
1785,7
1786,7
1787,4
1788,7
1789,7
1790,4
1791,1
1792,1
1793,1
1794,1
1795,4
1796,1
1797,1
1798,4
1799,7
1800,7
1801,4
1802,4
1803,4
1804,4
1805,4
1806,7
1807,7
1808,7
1809,7
1810,7
1811,7
1812,7
1813,7
1814,7
1815,7
1816,7
1817,7
1818,7
1819,7
1820,7
1821,7
1822,7
1823,7
1824,1
1825,1
1826,7
1827,7
1828,7
1829,7
1830,7
1831,7
1832,7
1833,1
1834,7
1835,7
1836,7
1837,7
1838,7
1839,7
1840,4
1841,1
1842,4
1843,1
1844,4
1845,1
1846,1
1847,7
1848,7
1849,7
1850,1
1851,1
1852,1
1853,1
1854,1
1855,7
1856,7
1857,7
1858,7
1859,1
1860,7
1861,7
1862,7
1863,7
1864,7
1865,7
1866,7
1867,1
1868,1
1869,7
1870,7
1871,4
1872,4
1873,7
1874,4
1875,7
1876,7
1877,7
3120,7
3121,7
3122,7
3123,7
3124,7
3125,7
3126,4
3127,7
3128,7
3129,7
3130,7
3131,7
3132,1
3133,1
3134,1
3135,7
3136,7
3137,1
3138,1
3139,7
3140,7
3141,1
3142,7
3143,1
3144,7
3145,7
3146,7
3147,7
3148,7
3149,7
3150,1
3151,1
3152,1
3153,7
3154,7
3155,7
3156,7
3157,7
3158,7
3159,7
3160,7
3161,4
3162,7
3163,7
3164,7
3165,7
3166,7
3167,7
3168,7
3169,7
3170,1
3171,1
3172,7
3173,7
3174,7
3175,1
3176,1
3177,7
3178,7
3179,7
3180,7
3181,7
3182,1
3183,7
3184,4
3185,7
3186,1
3187,7
3188,4
3189,7
3190,7
3191,7
3192,7
3193,1
3194,7
3195,7
3196,7
3197,7
3198,7
3199,7
3200,1
3201,1
3202,7
3203,7
3204,7
3205,7
3206,1
3207,1
3208,7
3209,7
3210,7
3211,7
3213,1
3214,7
3215,7
3216,7
3217,7
3218,1
3219,7
3220,7
3221,7
3222,7
3223,1
3224,7
3225,7
3226,7
3227,7
3228,1
3229,7
3230,7
3231,7
3232,7
3233,1
3234,7
3235,7
3236,7
3237,7
3238,7
3239,7
3240,7
3241,1
3242,1
3243,1
3244,1
3245,7
3246,7
3247,1
3248,1
3249,1
3250,1
3251,1
3252,7
3253,1
3254,1
3255,7
3256,1
3257,1
3258,7
3259,7
3260,7
3261,7
3262,7
3263,7
3264,1
3265,1
3266,1
3267,1
3268,1
3269,7
3270,7
3271,1
3272,7
3273,1
3274,1
3275,1
3276,7
3277,7
3278,1
3279,1
3280,7
3281,7
3282,7
3283,1
3284,1
3285,1
3286,1
3287,1
3288,1
3289,7
3290,7
3291,7
3292,7
3293,7
3294,1
3295,1
3296,1
3297,7
3298,1
3299,1
3300,1
3301,1
3302,7
3303,1
3304,7
3305,1
3306,1
3307,1
3308,7
3309,7
3310,7
3311,1
3312,1
3313,1
3314,1
3315,1
3316,7
3317,7
3318,7
3319,7
3320,1
3321,1
3322,1
3323,1
3324,1
3325,1
3326,1
3327,7
3328,7
3329,7
3330,7
3331,1
3332,1
3333,1
3334,1
3335,1
3336,1
3337,1
3338,1
3339,1
3340,1
3341,7
3342,7
3343,7
3344,1
3345,1
3346,1
3347,1
3348,1
3349,1
3350,1
3351,1
3352,1
3353,1
3354,1
3355,1
3356,1
3357,1
3358,1
3359,1
3360,1
3361,1
3362,1
3363,1
3364,1
3365,7
3366,7
3367,7
3368,1
3369,1
3370,1
3371,1
3372,1
3373,1
3374,1
3375,1
3376,1
3377,1
3378,1
3379,1
3380,1
3381,1
3382,1
3383,1
3384,1
3385,1
3386,1
3387,1
3388,1
3389,1
3390,1
3391,1
3392,1
3393,1
3394,1
3395,1
3396,0
3397,0
3398,0
3399,1
3400,0
3401,0
3402,1
3403,0
3404,0
3405,1
3406,1
3407,1
3408,1
3409,1
3410,1
3411,1
3412,1
3413,1
3414,1
3415,1
3416,1
3417,1
3418,1
3419,1
3420,1
3421,1
3422,0
3423,0
3424,1
3425,1
3426,1
3427,0
3428,0
3429,0
3430,0
3431,0
3432,0
3433,0
3434,0
3435,0
3436,0
3437,0
3438,1
3439,0
3440,0
3441,0
3442,0
3443,0
3444,0
3445,1
3446,1
3447,0
3448,0
3449,0
3450,1
3451,0
3452,0
3453,0
3454,1
3455,1
3456,1
3457,1
3458,0
3459,0
3460,1
3461,0
3462,1
3463,1
3464,1
3465,1
3466,0
3467,0
3468,0
3469,1
3470,0
3471,0
3472,0
3473,1
3474,0
3475,0
3476,0
3477,1
3478,0
3479,0
3480,1
3481,1
3482,0
3483,1
3484,0
3485,0
3486,0
3487,1
3488,1
3489,1
3490,1
3491,0
3492,0
3493,1
3494,0
3495,1
3496,0
3497,0
3498,0
3499,1
3500,1
3501,1
3502,0
3503,1
3504,0
3505,0
3506,0
3507,1
3508,1
3509,1
3510,1
3511,0
3512,1
3513,1
3514,0
3515,0
3516,0
3517,1
3518,0
3519,0
3520,0
3521,1
3522,1
3523,0
3524,0
3525,1
3526,1
3527,5
3528,5
3529,5
3530,5
3531,5
3532,5
3533,1
3534,0
3535,0
3536,0
3537,0
3538,0
3539,0
3540,1
3541,0
3542,0
3543,5
3544,0
3545,0
3546,1
3547,0
3548,0
3549,0
3550,0
3551,1
3552,0
3553,1
3554,0
3555,1
3556,0
3557,0
3558,0
3559,1
3560,0
3561,0
3562,0
3563,0
3564,0
3565,0
3566,0
3567,0
3568,5
3569,1
3570,1
3571,0
3572,0
3573,0
3574,0
3575,5
3576,0
3577,0
3578,0
3579,1
3580,0
3581,0
3582,0
3583,1
3584,5
3585,5
3586,5
3588,5
3589,5
3590,5
3591,1
3592,0
3593,0
3594,0
3595,0
3596,0
3597,0
3598,0
3599,0
3600,0
3601,1
3602,0
3603,0
3604,0
3605,0
3606,0
3607,0
3608,5
3609,0
3610,1
3611,1
3612,1
3613,0
3614,0
3615,0
3616,0
3617,1
3618,1
3619,1
3620,0
3621,0
3622,0
3623,1
3624,0
3625,5
3626,5
3627,0
3628,0
3629,0
3630,0
3631,0
3632,0
3633,0
3634,0
3635,0
3636,0
3637,0
3638,0
3639,0
3640,0
3641,0
3642,0
3643,1
3644,0
3645,0
3646,0
3647,0
3648,0
3649,1
3650,5
3651,5
3652,1
3653,0
3654,0
3655,0
3656,0
3657,0
3658,1
3659,0
3660,0
3661,0
3662,0
3663,0
3664,0
3665,0
3666,1
3667,0
3668,0
3669,0
3670,0
3671,0
3672,0
3673,0
3674,0
3675,0
3676,0
3677,5
3678,0
3679,5
3680,0
3681,0
3682,0
3683,5
3684,0
3685,1
3686,0
3687,0
3688,0
3689,1
3690,1
3691,0
3692,0
3693,0
3694,0
3695,1
3696,0
3697,0
3698,0
3699,0
3700,0
3701,0
3702,1
3703,0
3704,0
3705,1
3706,0
3707,0
3708,0
3709,0
3710,0
3711,0
3712,0
3713,0
3714,0
3715,0
3716,0
3717,0
3718,5
3719,5
3720,5
3721,1
3722,1
3723,0
3724,0
3725,1
3726,0
3727,1
3728,1
3729,0
3730,0
3731,1
3732,5
3733,0
3734,0
3735,5
3736,0
3737,0
3738,0
3739,1
3740,0
3741,5
3742,5
3743,5
3744,0
3745,0
3746,5
3747,5
3748,5
3749,1
3750,0
3751,0
3752,1
3753,5
3754,1
3755,0
3756,5
3757,5
3758,5
3759,5
3760,1
3761,5
3762,5
3763,5
3764,5
3765,0
3766,0
3767,0
3768,0
3769,0
3770,1
3771,0
3772,0
3773,1
3774,1
3775,0
3776,5
3777,5
3778,5
3779,5
3780,1
3781,0
3782,0
3783,0
3784,1
3785,0
3786,5
3787,1
3788,1
3789,0
3790,0
3791,0
3792,0
3793,5
3794,5
3795,5
3796,5
3797,5
3798,0
3799,0
3800,5
3801,0
3802,5
3804,0
3805,0
3806,1
3807,0
3808,0
3809,5
3810,5
3811,5
3812,5
3813,0
3814,1
3815,0
3816,0
3817,0
3818,5
3819,5
3820,0
3821,0
3822,0
3823,0
3824,0
3825,1
3826,5
3827,5
3828,5
3829,5
3830,5
3831,5
3832,0
3833,0
3834,0
3835,5
3836,5
3837,5
3838,5
3839,5
3840,0
3841,5
3842,5
3843,5
3844,5
3845,5
3846,0
3847,0
3848,0
3849,1
3850,1
3851,0
3852,5
3853,5
3854,0
3855,0
3856,0
3857,0
3858,0
3859,5
3860,1
3861,5
3862,5
3863,0
3864,0
3865,5
3866,0
3867,1
3868,1
3869,0
3870,0
3871,0
3872,0
3873,0
3874,5
3875,5
3876,5
3877,5
3878,5
3879,5
3880,0
3881,0
3882,0
3883,0
3884,1
3885,0
3886,0
3887,0
3888,0
3889,0
3890,0
3891,0
3892,1
3893,0
3894,0
3895,0
3896,0
3897,0
3898,5
3899,5
3900,5
3901,5
3902,5
3903,5
3904,5
3905,5
3906,5
3907,0
3908,5
3909,0
3910,0
3911,0
3912,0
3913,0
3914,5
3915,5
3916,5
3917,5
3918,5
3919,5
3920,5
3921,5
3922,0
3923,0
3924,0
3925,0
3926,0
3927,5
3928,5
3929,0
3930,0
3931,0
3932,5
3933,5
3934,5
3935,5
3936,5
3937,1
3938,0
3939,5
3940,5
3941,5
3942,0
3943,0
3944,0
3945,0
3946,0
3947,0
3948,0
3949,0
3950,0
3951,0
3952,1
3953,5
3954,5
3955,5
3956,5
3957,0
3958,0
3959,0
3960,0
3961,5
3962,5
3963,0
3964,0
3965,0
3966,0
3967,0
3968,0
3969,5
3970,5
3971,5
3972,5
3973,5
3974,5
3975,5
3976,0
3977,0
3978,0
3979,0
3980,0
3981,0
3982,0
3983,0
3984,0
3985,0
3986,0
3987,0
3988,0
3989,1
3990,5
3991,5
3992,5
3993,5
3994,0
3995,0
3996,1
3997,0
3998,5
3999,5
4000,5
4001,5
4002,0
4003,0
4004,1
4005,5
4006,5
4007,0
4008,0
4009,5
4010,5
4011,0
4012,0
4013,0
4014,0
4015,0
4016,0
4017,0
4018,0
4019,0
4020,0
4021,0
4022,5
4023,0
4024,5
4025,5
4026,5
4027,5
4028,5
4029,5
4030,0
4031,0
4032,1
4033,0
4034,0
4035,0
4036,1
4037,0
4038,0
4039,0
4040,0
4041,0
4042,0
4043,0
4044,1
4045,0
4046,0
4047,0
4048,5
4049,5
4051,0
4052,0
4053,1
4054,0
4055,0
4056,0
4057,5
4058,5
4059,1
4060,0
4061,0
4062,0
4063,0
4064,0
4065,0
4066,0
4067,0
4068,0
4069,0
4070,0
4071,0
4072,1
4073,0
4074,0
4075,0
4076,0
4077,0
4078,1
4079,0
4080,0
4081,0
4082,0
4083,0
4084,1
4085,0
4086,1
4087,0
4088,0
4089,1
4090,5
4092,5
4093,0
4094,0
4095,0
4096,0
4097,0
4098,0
4099,1
4100,0
4101,1
4102,0
4103,0
4104,0
4105,5
4106,5
4107,0
4108,5
4109,5
4110,0
4111,0
4112,1
4113,0
4114,0
4115,0
4116,0
4117,0
4118,0
4119,0
4120,0
4121,0
4122,0
4123,0
4124,0
4125,0
4126,5
4127,1
4128,0
4129,0
4130,0
4131,0
4132,0
4133,0
4134,0
4135,0
4136,0
4137,0
4138,0
4139,0
4140,0
4141,1
4142,1
4143,5
4144,0
4145,5
4146,5
4147,5
4148,0
4149,0
4150,0
4151,0
4152,0
4153,0
4154,0
4155,5
4156,5
4157,5
4158,5
4159,5
4160,5
4161,0
4162,0
4163,0
4164,5
4165,5
4166,5
4167,5
4168,0
4169,0
4170,5
4171,5
4172,0
4173,0
4174,0
4175,1
4176,0
4177,0
4178,0
4179,0
4180,0
4181,0
4182,0
4183,1
4184,0
4185,0
4186,0
4187,0
4188,1
4189,0
4190,0
4191,0
4192,0
4193,0
4194,0
4195,0
4196,0
4197,0
4198,1
4199,0
4200,0
4201,0
4202,1
4203,0
4204,0
4205,0
4206,0
4207,0
4208,0
4209,0
4210,0
4211,0
4212,0
4213,0
4214,0
4215,1
4216,1
4217,0
4218,0
4219,0
4220,0
4221,0
4222,0
4223,0
4224,0
4225,0
4226,1
4227,0
4228,0
4229,0
4230,0
4231,0
4232,0
4233,0
4234,0
4235,0
4236,0
4237,0
4238,0
4239,0
4240,0
4241,0
4242,0
4243,0
4244,1
4245,0
4246,0
4247,0
4248,0
4249,1
4250,0
4251,0
4252,0
4253,0
4254,1
4255,0
4256,0
4257,0
4258,0
4259,0
4260,0
4261,0
4262,0
4263,0
4264,0
4265,0
4266,0
4267,5
4269,5
4270,5
4271,0
4272,0
4273,0
4274,0
4275,0
4276,0
4277,1
4278,0
4279,0
4280,0
4281,0
4282,0
4283,0
4284,0
4285,1
4286,0
4287,0
4288,0
4289,0
4290,0
4291,0
4292,0
4293,0
4294,0
4295,0
4296,0
4297,0
4298,1
4299,0
4300,0
4301,1
4302,0
4303,0
4304,0
4305,0
4306,0
4307,0
4308,0
4309,5
4310,5
4311,5
4312,5
4313,0
4314,0
4315,0
4316,1
4317,0
4318,0
4319,0
4320,0
4321,1
4322,0
4323,0
4324,1
4325,0
4326,0
4327,0
4328,0
4329,0
4330,0
4331,0
4332,0
4333,1
4334,1
4335,1
4336,0
4337,0
4338,0
4339,0
4340,0
4341,0
4342,1
4343,1
4344,0
4345,1
4346,0
4347,0
4348,5
4349,1
4350,1
4351,1
4352,5
4353,5
4354,5
4355,5
4356,5
4357,5
4358,5
4359,5
4360,5
4362,5
4363,5
4364,5
4365,5
4366,5
4367,5
4368,5
4369,5
4370,5
4371,5
4372,1
4373,5
4374,5
4375,5
4376,5
4377,5
4378,5
4379,5
4380,5
4381,5
4382,5
4383,5
4384,5
4385,5
4386,5
4387,5
4388,5
4389,5
4390,5
4391,5
4392,5
4393,5
4394,5
4395,5
4396,5
4397,5
4398,5
4399,5
4400,5
4401,5
4402,5
4403,5
4404,5
4405,5
4406,5
4407,5
4408,5
4409,5
4410,5
4411,5
4412,5
4413,5
4414,5
4415,5
4416,5
4417,5
4418,5
4419,5
4420,5
4421,5
4422,5
4423,5
4424,5
4425,5
4426,5
4427,5
4428,5
4429,5
4430,5
4431,5
4432,5
4433,5
4434,5
4435,5
4436,5
4437,5
4438,5
4439,5
4440,5
4441,5
4442,5
4443,5
4444,5
4445,5
4446,5
4447,5
4448,5
4449,5
4450,5
4451,5
4452,5
4453,5
4454,5
4455,5
4456,5
4457,5
4458,5
4459,5
4460,5
4461,5
4462,5
4463,5
4464,5
4465,5
4466,1
4467,5
4468,5
4469,5
4470,5
4471,5
4472,1
4473,5
4474,5
4475,5
4476,5
4477,5
4478,5
4479,5
4480,5
4481,1
4482,5
4483,5
4484,5
4486,5
4487,5
4488,5
4489,5
4490,5
4491,5
4492,5
4493,5
4494,5
4495,5
4496,5
4497,5
4498,5
4501,5
4502,5
4503,1
4504,5
4505,1
4506,5
4507,5
4508,1
4509,5
4510,5
4512,5
4513,5
4514,5
4515,5
4516,5
4517,5
4518,5
4519,5
4520,1
4521,5
4523,5
1878,7
1879,1
1880,1
1881,1
1882,1
1883,4
1884,4
1885,7
1886,7
1887,1
1888,7
1889,7
1890,7
1891,7
1892,4
1893,4
1894,7
1895,7
1896,7
1897,1
1898,4
1899,4
1900,7
1901,7
1902,7
1903,7
1904,1
1905,7
1906,7
1907,7
1908,7
1909,7
1910,7
1911,7
1912,4
1913,7
1915,7
1916,1
1917,7
1918,7
1919,7
1920,1
1921,1
1922,7
1923,7
1924,7
1925,7
1926,7
1927,7
1928,1
1929,7
1930,7
1931,7
1932,7
1933,7
1934,7
1935,4
1936,7
1937,7
1938,1
1939,7
1940,7
1941,4
1942,7
1943,7
1944,1
1945,7
1946,7
1947,1
1948,4
1949,7
1950,7
1951,4
1952,7
1953,7
1954,4
1955,7
1956,7
1957,7
1958,7
1959,7
1960,7
1961,4
1962,4
1963,4
1964,7
1965,7
1966,7
1967,4
1968,4
1969,7
1971,7
1972,7
1973,7
1974,7
1975,7
1976,7
1977,7
1978,7
1979,1
1980,1
1981,7
1982,4
1983,7
1984,7
1985,4
1986,7
1987,7
1988,4
1989,7
1990,4
1991,7
1992,7
1993,7
1994,7
1995,7
1996,1
1997,7
1998,1
1999,7
2000,7
2001,1
2002,7
2003,7
2004,4
2005,7
2006,7
2007,7
2008,7
2009,7
2010,7
2011,7
2012,7
2013,7
2014,7
2015,7
2016,7
2017,7
2018,7
2019,4
2020,7
2021,4
2022,7
2023,7
2024,1
2025,1
2026,7
2027,7
2028,7
2029,7
2030,4
2031,4
2032,7
2033,7
2034,7
2035,7
2036,7
2037,7
2038,7
2039,7
2040,7
2041,7
2042,1
2043,7
2044,4
2045,7
2046,4
2047,1
2048,7
2049,1
4524,1
4525,1
4526,1
4527,1
4528,0
4529,0
4530,1
4531,0
4532,0
4533,0
4534,0
4535,1
4536,0
4537,0
4538,0
4539,0
4540,0
4541,0
4542,0
4543,0
4544,0
4545,0
4546,0
4547,0
4548,0
4549,0
4550,0
4551,0
4552,0
4553,0
4554,0
4555,0
4556,0
4557,0
4558,0
4559,0
4560,0
4561,0
4562,0
4563,0
4564,0
4565,0
4566,0
4567,0
4568,0
4569,0
4571,0
4572,0
4573,0
4574,0
4575,0
4576,0
4577,0
4578,0
4579,0
4580,0
4581,0
4582,0
4583,0
4584,0
4585,0
4586,0
4587,0
4588,0
4589,0
4590,0
4591,0
4592,0
4593,0
4594,0
4595,0
4597,0
4598,0
4599,0
4600,0
4601,0
4602,0
4603,0
4604,0
4605,0
4606,0
4607,0
4608,0
4609,0
4610,0
4611,0
4612,0
4613,0
4614,0
4615,0
4616,0
4617,0
4618,0
4619,0
4620,0
4621,0
4622,0
4623,0
4624,0
4625,0
4626,0
4627,0
4628,0
4629,0
4630,0
4631,0
4632,0
4633,0
4634,0
4635,0
4636,0
4637,0
4638,0
4639,0
4640,0
4641,0
4642,0
4643,0
4644,0
4645,0
4646,0
4647,0
4648,0
4649,0
4650,0
4651,0
4652,0
4653,0
4654,0
4655,0
4656,0
4657,0
4658,0
4659,0
4660,0
4661,0
2050,7
2052,7
2053,1
2054,4
2055,4
2056,7
2057,1
2058,4
2059,7
2060,7
2061,7
2062,1
2063,1
2064,1
2065,7
2066,1
2067,4
2068,7
2069,1
2070,1
2071,1
2072,4
2073,7
2074,7
2076,7
2077,4
2078,7
2079,7
2081,7
2082,7
2083,1
2084,7
2085,7
2086,7
2087,7
2088,4
2089,1
2090,1
2091,1
2092,7
2093,7
2094,1
2095,7
2097,7
2098,7
2099,7
2100,1
2101,7
2102,1
2103,1
2104,1
2105,7
2106,1
2107,7
2108,7
2109,7
2110,1
2111,7
2112,7
2113,1
2114,7
2116,7
2117,7
2118,7
2119,7
2120,7
2121,7
2122,1
2123,7
2124,7
2125,4
2126,4
2127,7
2128,7
2130,7
2131,7
2132,7
2133,7
2134,7
2135,7
2136,7
2137,7
2138,4
2139,1
2140,1
2141,4
2142,4
2143,7
2144,7
2145,7
2146,1
2147,7
2148,7
2149,7
2150,7
2152,7
2153,7
2154,1
2155,1
2156,7
2157,1
2158,7
2159,7
2160,4
2161,4
2162,4
2163,4
2164,4
2165,4
2166,4
2167,1
2168,1
2169,1
2170,1
2171,1
2172,1
2173,4
2174,7
2175,1
2176,1
2177,1
2178,7
2179,7
2180,1
2181,7
2182,7
2183,1
2184,1
2185,1
2186,4
2187,1
2188,4
2189,7
2190,7
2191,1
2192,4
2193,7
2194,7
2195,1
2196,1
2197,7
2198,7
2199,7
2200,7
2202,7
2203,7
2204,4
2205,4
2206,7
2207,7
2208,7
2209,7
2210,7
2211,7
2212,7
2213,7
2214,7
2215,7
2216,4
2217,4
2218,7
2219,7
2220,7
2221,7
2222,7
2223,7
2224,7
2226,7
2227,7
2228,7
2230,7
2231,7
2232,7
2234,4
2235,7
2236,7
2237,4
2238,4
2239,4
2240,4
2241,7
2242,7
2243,4
2244,4
2245,1
2246,1
2247,7
2248,1
2249,1
2250,7
2251,7
2252,7
2253,7
2254,7
2256,7
2257,1
4662,0
4663,0
4664,0
4665,0
4666,0
4667,0
4668,0
4669,0
4670,0
4671,0
4672,0
4673,0
4674,0
4675,0
4676,0
4677,0
4678,0
4679,0
4680,0
4681,0
4682,0
4683,0
4684,0
4685,8
4686,8
4687,8
4688,8
4689,0
4690,0
4691,0
4692,0
4693,0
4694,0
4695,0
4696,0
4697,8
4698,0
4699,0
4700,0
4701,8
4702,0
4703,0
4704,0
4705,0
4706,0
4707,0
4708,0
4709,0
4710,0
4711,0
4712,0
4713,0
4714,0
4715,0
4716,0
4717,0
4718,0
4719,0
4720,0
4721,0
4722,0
4723,0
4724,0
4725,0
4726,0
4727,0
4728,0
4729,0
4730,0
4731,0
4732,0
4733,0
4734,0
4735,0
4736,0
4737,0
4738,0
4739,0
4740,0
4741,0
4742,0
4743,0
4744,0
4745,0
4746,0
4747,0
4748,0
4749,0
4750,0
4751,0
4752,0
4753,0
4754,0
4755,0
4756,0
4757,0
4758,0
4759,0
4760,0
4761,0
4762,0
4763,0
4764,0
4765,0
4766,0
4767,0
4768,0
4769,0
4770,0
4771,0
4772,0
4773,0
4774,0
4775,0
4776,0
4777,0
4778,0
4779,0
4780,0
4781,0
4782,0
4783,0
4784,0
4785,0
4786,0
4787,0
4788,0
4789,0
4790,0
4791,0
4792,0
4793,0
4794,0
4795,0
4796,0
4797,0
4798,0
4799,0
4800,0
4801,0
4802,0
4803,0
4804,0
4805,0
4806,0
4807,0
4808,0
4809,0
4810,0
4811,0
4812,0
4813,0
4814,0
4815,0
4816,0
4817,0
4818,0
4819,0
4820,0
4821,0
4822,0
4823,0
4824,0
4825,0
4826,0
4827,0
4828,0
4829,0
4830,0
4831,0
4832,0
4833,0
4834,0
4835,0
4836,0
4837,0
4838,0
4839,0
4840,0
4841,0
4842,0
4843,0
4844,0
4845,0
4846,0
4847,0
4848,0
4849,0
4850,0
4851,0
4852,0
4853,0
4854,0
4855,0
4856,0
4857,0
4858,0
4859,0
4860,0
4861,0
4862,0
4863,0
4864,0
4865,0
4866,0
4867,0
4868,0
4869,0
4870,0
4871,0
4872,0
4873,0
4874,0
4875,0
4876,0
4877,0
4878,0
4879,0
4880,0
4881,0
4882,0
4883,0
4884,0
4885,0
4886,0
4887,0
4888,0
4889,0
4890,0
4891,0
4892,0
4893,0
4894,0
4895,0
4896,0
4897,0
4898,0
4899,0
4900,0
4901,0
4902,0
4903,0
4904,0
4905,0
4906,0
4907,0
4908,0
4909,0
4910,0
4911,0
4912,0
4913,0
4914,0
4915,0
4916,0
4917,0
4918,0
4919,0
4920,0
4921,0
4922,0
4923,0
4924,0
4925,0
4926,0
4927,0
4928,0
4929,0
4930,0
4931,0
4932,0
4933,0
4934,0
4935,0
4936,0
4937,0
4938,0
4939,0
4940,0
4941,0
4942,0
4943,0
4944,0
4945,0
4946,0
4947,0
4948,0
4949,0
4950,0
4951,0
4952,0
4953,0
4954,0
4955,0
4956,0
4957,0
4958,0
4959,0
4960,0
4961,0
4962,0
4963,0
4964,0
4965,0
4966,0
4967,0
4968,0
4969,0
4970,0
2258,4
2259,7
2260,7
2261,7
2262,7
2264,7
2265,7
2266,7
2267,7
2268,7
2269,7
2270,1
2271,1
2272,7
2273,4
2274,7
2275,7
2276,4
2277,4
2278,4
2279,4
2280,4
2281,4
2282,7
2283,7
2284,7
2285,7
2286,7
2287,7
2288,7
2289,7
2290,7
2291,7
2292,7
2293,1
2294,4
2295,7
2296,4
2297,4
2299,7
2300,7
2301,7
2302,7
2303,7
2304,7
2305,7
2306,1
2307,7
2308,7
2309,4
2310,4
2311,7
2312,7
2313,7
2314,1
2315,1
2316,1
2317,1
2318,4
2319,4
2320,7
2321,4
2322,4
2323,4
2325,7
2326,7
2327,7
2328,7
2329,4
2330,4
2331,4
2332,4
2333,4
2334,1
2335,1
2336,4
2337,4
2338,4
2339,4
2340,4
2341,1
2342,1
2343,4
2344,4
2345,4
2346,4
2347,4
2348,4
2349,4
2350,4
2351,4
2352,4
2353,4
2354,4
2355,4
2356,4
2357,4
2358,4
2359,4
2360,4
2361,4
2362,4
2363,4
2364,4
2365,4
2366,1
2367,4
2368,4
2369,4
2370,4
2371,7
2372,7
2373,7
2374,1
2375,4
2376,1
2377,1
2378,4
2379,4
2380,4
2381,4
2382,4
2383,4
2384,4
2385,4
2386,4
2387,4
2388,1
2389,1
2390,4
2391,7
2393,7
2394,7
2395,7
2396,7
2398,4
2399,4
2400,7
2401,1
2402,7
2403,7
2404,7
2405,7
2406,7
2407,7
2408,7
2409,7
2410,7
2411,7
2412,7
2413,4
2414,4
2415,1
2416,1
2417,7
2418,4
2419,7
2420,7
2421,7
2422,7
2423,7
2424,7
2425,4
2426,4
2427,7
2428,7
2429,7
2430,7
2431,4
2432,4
2433,1
2434,1
2435,7
2436,4
2437,4
2438,4
2439,7
2440,7
2441,7
2442,7
2443,4
2444,7
2445,7
2446,7
2447,7
2448,4
2449,7
2450,7
2451,7
2452,7
2453,7
2454,7
2455,4
2456,4
2457,4
2458,1
2459,4
2460,4
2461,4
2462,4
2463,4
2464,4
2465,4
2466,4
2467,4
2468,1
2469,1
2470,1
2471,1
2472,7
2473,7
2474,1
2475,4
2476,1
2477,1
2478,7
2479,7
2480,1
2481,1
2482,4
2483,4
2484,4
2485,4
2486,1
2487,1
2488,7
2489,7
2490,4
2491,4
2492,1
2493,1
2494,4
2495,4
2496,4
2497,1
2498,7
2499,7
2500,1
2501,1
2502,1
2503,1
2504,1
2505,1
2506,1
2507,1
2508,7
2509,4
2510,4
2511,7
2512,7
2513,7
2514,7
2515,1
2516,1
2517,7
2518,7
2519,4
2520,4
2521,4
2522,4
2523,4
2524,7
2525,7
2526,4
2527,4
2528,7
2529,7
2530,7
2531,7
2532,1
2533,1
2534,4
2535,4
2536,4
2537,4
2538,7
2539,4
2540,4
2541,7
2542,4
2543,4
2544,7
2545,7
2546,4
2547,1
2548,7
2549,1
2550,7
2551,7
2552,4
2553,4
2554,7
2555,1
2556,1
2557,4
2558,4
2559,7
2560,4
2561,4
2562,4
2563,1
2564,4
2565,4
2566,4
2567,4
2568,1
2569,4
2570,4
2571,4
2572,4
2573,4
2574,7
2575,7
2576,7
2577,1
2578,1
2579,1
2580,1
2581,1
2582,4
2583,4
2584,4
2585,4
2586,7
2587,7
2588,7
2589,7
2590,7
2591,7
2592,7
2593,1
2594,1
2595,1
2596,1
2597,4
2598,7
2599,7
2600,7
2601,7
2602,7
2603,1
2604,1
2605,1
2606,1
2607,7
2608,1
2609,1
2610,1
2611,7
2612,7
2613,4
2614,4
2615,1
2616,7
2617,7
2618,7
2619,7
2620,1
2621,4
2622,4
2623,1
2624,4
2625,4
2626,4
2627,4
2628,4
2629,4
2630,4
2631,1
2632,1
2633,1
2634,4
2635,4
2636,7
2637,7
2638,7
2639,1
2640,1
2641,1
2642,1
2643,1
2644,1
2645,1
2646,1
2647,1
2648,1
2649,1
2650,4
2651,1
2652,4
2653,4
2654,4
2655,4
2656,4
2657,7
2658,7
2659,1
2660,1
2661,1
2662,1
2663,7
2664,1
2665,1
2666,7
2667,1
2668,4
2669,7
2670,1
2671,1
2672,4
2673,4
2674,4
2675,7
2676,7
2677,4
2678,4
2679,7
2680,4
2681,4
2682,1
2683,4
2684,4
2685,1
2686,1
2687,7
2688,7
2689,4
2690,7
2691,7
2692,4
2693,7
2694,7
2695,7
2696,1
2697,7
2698,7
2699,1
2700,1
2701,4
2702,7
2703,7
2704,1
2705,4
2706,4
2707,7
2708,1
2709,7
2710,1
2711,4
2712,4
2713,4
2714,4
2715,1
2716,4
2717,4
2718,1
2719,7
2720,7
2721,7
2722,1
2723,1
2724,1
2725,7
2726,7
2727,7
2728,7
2729,7
2730,7
2731,1
2732,4
2733,4
2734,7
2735,1
2736,1
2737,7
2738,1
2739,1
2740,1
2741,1
2742,1
2743,1
2744,1
2745,1
2746,7
2747,7
2748,7
2749,7
2750,7
2751,4
2752,7
2753,1
2754,4
2755,4
2756,7
2757,7
2758,7
2759,7
2760,7
2761,1
2762,4
2763,1
2764,4
2765,1
2766,4
2767,4
2768,4
2769,4
2770,1
2771,7
2772,4
2773,4
2774,1
2775,1
2776,1
2777,1
2778,4
2779,1
2780,4
2781,4
2782,4
2783,4
2784,4
2785,1
2786,4
2787,1
2788,4
2789,1
2790,1
2791,1
2792,1
2793,1
2794,1
2795,1
2796,4
2797,4
2798,7
2799,1
2800,7
2801,1
2802,1
2803,1
2804,1
2805,1
2806,1
2807,1
2808,1
2809,4
2810,7
2811,7
2812,7
2813,7
2814,4
2815,1
2816,1
2817,7
2818,7
2819,1
2820,4
2821,1
2822,1
2823,7
2824,7
2825,7
2826,1
2827,1
2828,4
2829,4
2830,1
2831,4
2832,1
2833,1
2834,7
2835,7
2836,7
2837,7
2838,7
2839,7
2840,7
2841,4
2842,1
2843,7
2844,7
2845,7
2846,7
2847,1
2848,1
2849,1
2850,1
2851,7
2852,7
2853,1
2854,1
2855,7
2856,7
2857,4
2858,1
2859,7
2860,7
2861,7
2862,7
2863,1
2864,1
2865,7
2866,1
2867,1
2868,7
2869,7
2870,7
2871,7
2872,7
2874,1
2875,1
2876,4
2877,7
2878,7
2879,7
2880,1
2881,1
2882,4
2883,7
2884,7
2885,7
2886,7
2887,7
2888,7
2889,7
2890,7
2891,7
2892,1
2893,1
2894,7
2895,7
2896,1
2897,7
2898,7
2899,7
2900,7
2901,1
2902,1
2903,1
2904,1
2905,1
2906,1
2907,1
2908,1
2909,1
2910,1
2911,1
2912,1
2913,1
2914,1
2915,1
2916,4
2917,4
2918,1
2919,1
2920,7
2921,7
2922,1
2923,1
2924,1
2925,1
2926,1
2927,7
2928,7
2929,1
2930,1
2931,7
2932,7
2933,7
2934,7
2935,7
2936,7
2937,1
2938,7
2939,7
2940,7
2941,7
2942,7
2943,7
2944,1
2945,1
2946,7
2947,7
2948,4
2949,4
2950,1
2951,1
2952,1
2953,1
2954,7
2955,7
2956,1
2957,1
2958,7
2960,7
2961,1
2962,1
2963,7
2964,7
2965,7
2966,7
2967,7
2968,7
2969,7
2970,7
2971,7
2972,1
2973,7
2974,7
2975,7
2976,7
2977,7
2978,7
2979,7
2980,7
2981,7
2982,1
2983,7
2984,7
2985,1
2986,1
2987,7
2988,1
2989,1
2990,1
2991,7
2992,7
2993,1
2994,1
2995,7
2996,1
2997,1
2998,7
2999,7
3000,7
3001,1
3002,1
3003,7
3004,1
3005,1
3006,7
3007,7
3008,7
3009,7
3010,7
3011,7
3012,7
3013,7
3014,1
3015,7
3016,7
3017,1
3018,1
3019,7
3020,7
3021,7
3022,7
3023,7
3024,7
3025,1
3026,1
3027,7
3028,7
3029,7
3030,7
3031,7
3032,7
3033,7
3034,7
3035,7
3036,1
3037,7
3038,1
3039,7
3040,7
3041,7
3042,7
3043,7
3044,7
3045,7
3046,1
3047,1
3048,7
3049,7
3050,7
3051,7
3052,7
3053,7
3054,7
3055,1
3056,1
3057,1
3058,1
3059,7
3060,7
3061,4
3062,7
3064,7
3065,7
3066,7
3067,7
3068,7
3069,1
3070,1
3071,7
3072,7
3073,7
3074,7
3075,1
3076,1
3077,1
3078,1
3079,7
3080,7
3081,1
3082,1
3083,4
3084,7
3085,7
3087,7
3088,7
3089,7
3090,7
3091,7
3092,1
3093,7
3094,7
3095,7
3096,7
3097,7
3098,7
3099,7
3100,7
3101,7
3102,7
3103,7
3104,7
3105,7
3106,7
3107,7
3108,7
3109,7
3110,7
3111,7
3112,7
3113,7
3114,1
3115,1
3116,7
3117,7
3118,7
3119,7
