data_setting,outer_year,horizon,n_cohort,n_primary,n_excluded,cohort_sha256,status,reason,n,n_areas,n_months,n_original_reports,n_originals,n_copies,raw_r2,raw_rmse,raw_mae,raw_bias,raw_mean_truth,raw_mean_pred,raw_r2_reason,raw_auc,raw_auc_reason,final_r2,final_rmse,final_mae,final_bias,final_mean_truth,final_mean_pred,final_r2_reason,final_auc,final_auc_reason,bin_f1,bin_recall,bin_precision,bin_f2,bin_tp,bin_fp,bin_fn,bin_tn,n_clipped,n_fallback_direct,n_residual_branch
original,2022,0,729,720,9,3b26865a7eb1533a4775d997fbbdf222b35efbcb0cf300dc91648f9ddb2b72c1,complete,,720.0,395.0,4.0,4.0,720.0,0.0,-0.6021252665813444,0.2800620764216132,0.24102267596904486,-0.21998270344022963,0.4589586754026877,0.23897597196245804,,0.7644059433082955,,-0.6021252665813444,0.2800620764216132,0.24102267596904486,-0.21998270344022963,0.4589586754026877,0.23897597196245804,,0.7644059433082955,,0.8591184096802075,0.8311036789297659,0.889087656529517,0.8420874279905117,497.0,62.0,101.0,60.0,0.0,380.0,340.0
original,2023,0,1018,1018,0,2401ee687e25da97ef542c475708595453f1a6897296e6b4470ffb75368fd932,complete,,1018.0,692.0,3.0,3.0,1018.0,0.0,0.01997430496934005,0.2047266115978641,0.1607412468852557,0.07528166969154784,0.3286042150383997,0.4038858847299475,,0.7787254161143938,,-0.9277871885258777,0.28713432470821226,0.2456639328418533,0.21326993424698726,0.3286042150383997,0.541874149285387,,0.777655968056949,,0.7712733856366928,1.0,0.6277013752455796,0.8939563514269726,639.0,379.0,0.0,0.0,12.0,386.0,632.0
original,2024,0,710,710,0,e8e7666d1d9bc23524ceb4a2bce0504f02de54876107a39616db32d89a8cd572,complete,,710.0,371.0,2.0,2.0,710.0,0.0,0.3698132148272031,0.12464119005819166,0.09717936780041371,0.010462961140233023,0.20697183098591548,0.21743479212614852,,0.7900306612694249,,0.3698132148272031,0.12464119005819166,0.09717936780041371,0.010462961140233023,0.20697183098591548,0.21743479212614852,,0.7900306612694249,,0.7066848567530696,0.8274760383386581,0.6166666666666667,0.7745215311004785,259.0,161.0,54.0,236.0,0.0,0.0,0.0
original,2025,0,1876,1876,0,4616493233a737d1c4bf378669926599ae09f0592af86a885ff86d2cdfc97b14,complete,,1876.0,904.0,4.0,4.0,1876.0,0.0,-0.04349093766590029,0.13252027465721603,0.10575761522359049,0.039337981966481035,0.22492004264392326,0.26425802461040426,,0.6880410201089496,,-0.04349093766590029,0.13252027465721603,0.10575761522359049,0.039337981966481035,0.22492004264392326,0.26425802461040426,,0.6880410201089496,,0.7285774588433939,0.8570009930486594,0.6336270190895742,0.800556586270872,863.0,499.0,144.0,370.0,0.0,0.0,0.0
original,2026,0,904,904,0,8b56c4798fd5f8980375677bac1f8b6c2fd831977cb3daa240c8662399ff1812,complete,,904.0,904.0,1.0,1.0,904.0,0.0,0.1013680688950449,0.1697583838641082,0.14611784779376727,0.01043959421049463,0.2757029041722674,0.28614249838276196,,0.6997907150822628,,-0.03204693663499514,0.1819240155053001,0.14788513670066783,-0.0662654986999302,0.2757029041722674,0.2094374054723372,,0.6997932611274907,,0.7018216682646213,0.6765249537892791,0.7290836653386454,0.6864216054013503,366.0,136.0,175.0,227.0,2.0,0.0,904.0
original,2022,3,729,720,9,3b26865a7eb1533a4775d997fbbdf222b35efbcb0cf300dc91648f9ddb2b72c1,complete,,720.0,395.0,4.0,4.0,720.0,0.0,-1.057540445665595,0.3173805147156658,0.26601111073450295,-0.24348169603566663,0.4589586754026877,0.21547697936702107,,0.7156847963155875,,-1.057540445665595,0.3173805147156658,0.26601111073450295,-0.24348169603566663,0.4589586754026877,0.21547697936702107,,0.7156847963155875,,0.8134057971014492,0.7508361204013378,0.8873517786561265,0.7746721877156659,449.0,57.0,149.0,65.0,0.0,0.0,0.0
original,2023,3,1018,1018,0,2401ee687e25da97ef542c475708595453f1a6897296e6b4470ffb75368fd932,complete,,1018.0,692.0,3.0,3.0,1018.0,0.0,-0.005808727263545643,0.20740215620209662,0.16451040952108387,0.08599646903895519,0.3286042150383997,0.41460068407735495,,0.7883958692052639,,-1.2684251551921255,0.31147112724420717,0.27043870057821484,0.24970415682515132,0.3286042150383997,0.578308371863551,,0.7894240258319192,,0.7717391304347826,1.0,0.6283185840707964,0.8942065491183879,639.0,378.0,0.0,1.0,13.0,395.0,623.0
original,2024,3,710,710,0,e8e7666d1d9bc23524ceb4a2bce0504f02de54876107a39616db32d89a8cd572,complete,,710.0,371.0,2.0,2.0,710.0,0.0,0.3812473088811329,0.12350527055260682,0.0985983751777192,0.006610781882010712,0.20697183098591548,0.2135826128679262,,0.7852343052124158,,0.3812473088811329,0.12350527055260682,0.0985983751777192,0.006610781882010712,0.20697183098591548,0.2135826128679262,,0.7852343052124158,,0.7110481586402266,0.8019169329073482,0.638676844783715,0.7629179331306991,251.0,142.0,62.0,255.0,0.0,0.0,0.0
original,2025,3,1876,275,1601,9d71d873c1d11fbde4db2f44e16e8df297146e5268ba1682ef6720a023bc7615,complete,,275.0,132.0,3.0,3.0,275.0,0.0,-0.03697068056472186,0.1330045322915602,0.10894539654254913,0.027678256576711482,0.21363636363636362,0.24131462021307512,,0.6450264550264551,,-0.03697068056472186,0.1330045322915602,0.10894539654254913,0.027678256576711482,0.21363636363636362,0.24131462021307512,,0.6450264550264551,,0.6105919003115264,0.7,0.5414364640883977,0.6612685560053981,98.0,83.0,42.0,52.0,0.0,0.0,0.0
original,2026,3,904,0,904,e3b0c44298fc1c149afbf4c8996fb92427ae41e4649b934ca495991b7852b855,empty_cohort,no source-eligible rows,,,,,,,,,,,,,,,,,,,,,,,,,,,,,,,,,,,
original,2022,6,729,720,9,3b26865a7eb1533a4775d997fbbdf222b35efbcb0cf300dc91648f9ddb2b72c1,complete,,720.0,395.0,4.0,4.0,720.0,0.0,-1.470003905208968,0.34774019199446193,0.29450693675209466,-0.2684907951268172,0.4589586754026877,0.19046788027587042,,0.5005140084434453,,-1.470003905208968,0.34774019199446193,0.29450693675209466,-0.2684907951268172,0.4589586754026877,0.19046788027587042,,0.5005140084434453,,0.11801242236024845,0.06354515050167224,0.8260869565217391,0.07793273174733388,38.0,8.0,560.0,114.0,0.0,703.0,17.0
original,2023,6,1018,1018,0,2401ee687e25da97ef542c475708595453f1a6897296e6b4470ffb75368fd932,complete,,1018.0,692.0,3.0,3.0,1018.0,0.0,0.04435792908253555,0.2021637094189408,0.17261450552609292,-0.011356298549672628,0.3286042150383997,0.3172479164887271,,0.6902316862181591,,-0.9560544274968021,0.28923179626474277,0.23886387043608237,0.20434251146360016,0.3286042150383997,0.5329467265019999,,0.6758953014480904,,0.7712733856366928,1.0,0.6277013752455796,0.8939563514269726,639.0,379.0,0.0,0.0,0.0,0.0,0.0
original,2024,6,710,710,0,e8e7666d1d9bc23524ceb4a2bce0504f02de54876107a39616db32d89a8cd572,complete,,710.0,371.0,2.0,2.0,710.0,0.0,-0.11644657299978611,0.16589981948120114,0.13439545809606115,0.05416086722729386,0.20697183098591548,0.2611326982132094,,0.6555797877049114,,-0.6630327399302447,0.20247776605378012,0.1594694752731602,0.09318651618360854,0.20697183098591548,0.300158347169524,,0.620339446809538,,0.6501854140914709,0.8402555910543131,0.530241935483871,0.7522883295194508,263.0,233.0,50.0,164.0,0.0,5.0,350.0
original,2025,6,1876,275,1601,9d71d873c1d11fbde4db2f44e16e8df297146e5268ba1682ef6720a023bc7615,complete,,275.0,132.0,3.0,3.0,275.0,0.0,0.06970318804897813,0.12597778497687662,0.10585314772345801,0.044826698086478496,0.21363636363636362,0.2584630617228421,,0.7743915343915344,,0.06970318804897813,0.12597778497687662,0.10585314772345801,0.044826698086478496,0.21363636363636362,0.2584630617228421,,0.7743915343915344,,0.7391304347826086,0.9714285714285714,0.5964912280701754,0.8629441624365483,136.0,92.0,4.0,43.0,0.0,0.0,0.0
original,2026,6,904,0,904,e3b0c44298fc1c149afbf4c8996fb92427ae41e4649b934ca495991b7852b855,empty_cohort,no source-eligible rows,,,,,,,,,,,,,,,,,,,,,,,,,,,,,,,,,,,
original,2022,12,729,720,9,3b26865a7eb1533a4775d997fbbdf222b35efbcb0cf300dc91648f9ddb2b72c1,complete,,720.0,395.0,4.0,4.0,720.0,0.0,-2.145797917406085,0.3924383851040345,0.3328302594252532,-0.323474655901346,0.4589586754026877,0.1354840195013417,,0.4416154942705192,,-2.145797917406085,0.3924383851040345,0.3328302594252532,-0.323474655901346,0.4589586754026877,0.1354840195013417,,0.4416154942705192,,0.0,0.0,,0.0,0.0,0.0,598.0,122.0,0.0,0.0,0.0
original,2023,12,1018,1018,0,2401ee687e25da97ef542c475708595453f1a6897296e6b4470ffb75368fd932,complete,,1018.0,692.0,3.0,3.0,1018.0,0.0,-0.5581284723930569,0.2581411254372808,0.20284621461467417,-0.12464690873310554,0.3286042150383997,0.20395730630529418,,0.5421234531197741,,-1.0294872751269946,0.29461084763452,0.24358667955904628,-0.04453292627693269,0.3286042150383997,0.28407128876146703,,0.5279770089313365,,0.48484848484848486,0.40062597809076683,0.6139088729016786,0.4305415405314497,256.0,161.0,383.0,218.0,0.0,0.0,0.0
original,2024,12,710,710,0,e8e7666d1d9bc23524ceb4a2bce0504f02de54876107a39616db32d89a8cd572,complete,,710.0,371.0,2.0,2.0,710.0,0.0,-0.6243517917194481,0.20010916827550712,0.1739487067599532,0.10389665559773716,0.20697183098591548,0.3108684865836526,,0.5096892830413403,,-4.681871558495789,0.374259339677757,0.3389983233641967,0.32961274714143,0.20697183098591548,0.5365845781273455,,0.47485132100981003,,0.6119257086999023,1.0,0.44084507042253523,0.7976554536187563,313.0,397.0,0.0,0.0,0.0,0.0,0.0
original,2025,12,1876,1100,776,b072278b8d81afaa85f433fb85bbd7d38f8a75840f5087a7c654d5dfbdb2b9f7,complete,,1100.0,904.0,3.0,3.0,1100.0,0.0,-2.0928649464496996,0.2449072723590634,0.18751889955969148,0.1375502991137786,0.22445454545454543,0.3620048445683241,,0.6865324642253596,,-2.057974025155224,0.24352194245007736,0.18698290283949665,0.1370143023935838,0.22445454545454543,0.3614688478481292,,0.6865440391032447,,0.697054698457223,0.922077922077922,0.560315670800451,0.816628327308577,497.0,390.0,42.0,171.0,9.0,32.0,872.0
original,2026,12,904,132,772,19b77d72b60c92c5bf08d4a8d63f134749a0be1c24dbdcce57084a7770bc40a9,complete,,132.0,132.0,1.0,1.0,132.0,0.0,-0.0011040673365398934,0.1800824943990676,0.1450684131163261,-0.05391778548919591,0.2771835805827901,0.22326579509359418,,0.6492374727668845,,-0.0011040673365398934,0.1800824943990676,0.1450684131163261,-0.05391778548919591,0.2771835805827901,0.22326579509359418,,0.6492374727668845,,0.6081081081081081,0.5555555555555556,0.6716417910447762,0.5754475703324808,45.0,22.0,36.0,29.0,0.0,0.0,0.0
augmented,2022,0,2103,2094,9,355810f0015ba817fcc338ec1e8182e4a444a9a52a4a7794062f0f0f5f91cc0c,complete,,2094.0,395.0,8.0,4.0,720.0,1374.0,-0.5856341851777724,0.2810030978946785,0.23829172541358165,-0.21635838518246342,0.46119148078385014,0.2448330956013868,,0.7640442778418558,,-0.1966345936578131,0.24411270576019178,0.20283725094255525,-0.16546419458633607,0.46119148078385014,0.29572728619751415,,0.765365884916058,,0.9241533725160929,0.9521337946943483,0.8977705274605764,0.9407407407407408,1651.0,188.0,83.0,172.0,0.0,1108.0,986.0
augmented,2023,0,2013,2013,0,1f7b5ada3cbe80ae80db6b6a35c62dd07d08be405ed753f4a46f194368c89de9,complete,,2013.0,692.0,5.0,3.0,1018.0,995.0,0.1450242272812604,0.1920966578617566,0.1470510681391541,0.07470059910238808,0.3294680034322359,0.40416860253462406,,0.8261551224873708,,-0.19147129362478754,0.22676952815606616,0.18519881343138853,0.14225045242095993,0.3294680034322359,0.47171845585319583,,0.8262555219716344,,0.8205128205128205,0.9992094861660079,0.6960352422907489,0.9191390343222804,1264.0,552.0,1.0,196.0,16.0,532.0,1481.0
augmented,2024,0,2130,2130,0,f3b0a165a57f51aa377c40e6bfb4209b15d00a5825394ec15b425323c29e4435,complete,,2130.0,371.0,6.0,2.0,710.0,1420.0,0.3670893616525812,0.12491026760827383,0.09971565033418471,0.0131970499819713,0.2069718309859155,0.22016888096788678,,0.7609154208569955,,0.3670893616525812,0.12491026760827383,0.09971565033418471,0.0131970499819713,0.2069718309859155,0.22016888096788678,,0.7609154208569955,,0.6752058554437328,0.7859424920127795,0.5918203688853247,0.7375574655206876,738.0,509.0,201.0,682.0,0.0,0.0,0.0
augmented,2025,0,1876,1876,0,4616493233a737d1c4bf378669926599ae09f0592af86a885ff86d2cdfc97b14,complete,,1876.0,904.0,4.0,4.0,1876.0,0.0,0.12493073420791956,0.12135542676371579,0.09559765820230628,0.016184615497109985,0.22492004264392326,0.24110465814103324,,0.7236787824697772,,0.12493073420791956,0.12135542676371579,0.09559765820230628,0.016184615497109985,0.22492004264392326,0.24110465814103324,,0.7236787824697772,,0.728963684676705,0.817279046673287,0.6578737010391686,0.7795036938814169,823.0,428.0,184.0,441.0,0.0,0.0,0.0
augmented,2026,0,904,904,0,8b56c4798fd5f8980375677bac1f8b6c2fd831977cb3daa240c8662399ff1812,complete,,904.0,904.0,1.0,1.0,904.0,0.0,0.1302228347793618,0.167010705142346,0.14110662615188538,-0.02050510521292984,0.2757029041722674,0.2551977989593376,,0.7371768432094428,,-0.18943175362636167,0.19530352104099097,0.15316770211517894,-0.10344402412525117,0.2757029041722674,0.17225888004701623,,0.7371615669380751,,0.6153846153846154,0.4953789279112754,0.8121212121212121,0.53728949478749,268.0,62.0,273.0,301.0,9.0,0.0,904.0
augmented,2022,3,2103,2094,9,355810f0015ba817fcc338ec1e8182e4a444a9a52a4a7794062f0f0f5f91cc0c,complete,,2094.0,395.0,8.0,4.0,720.0,1374.0,-1.2184834066255812,0.33238215554887707,0.2800949541804617,-0.2549158477252408,0.46119148078385014,0.20627563305860946,,0.6244273036011789,,-1.2184834066255812,0.33238215554887707,0.2800949541804617,-0.2549158477252408,0.46119148078385014,0.20627563305860946,,0.6244273036011789,,0.6986959505833905,0.5870818915801614,0.8627118644067797,0.6271562345983243,1018.0,162.0,716.0,198.0,0.0,0.0,0.0
augmented,2023,3,2013,2013,0,1f7b5ada3cbe80ae80db6b6a35c62dd07d08be405ed753f4a46f194368c89de9,complete,,2013.0,692.0,5.0,3.0,1018.0,995.0,0.1479358442469454,0.19176928666472498,0.14694917827956616,0.07132444684011115,0.3294680034322359,0.4007924502723471,,0.8211583986810679,,-0.2669951051009205,0.23384623030850196,0.19027400234722472,0.15316645518348745,0.3294680034322359,0.4826344586157234,,0.8196835830990679,,0.8183878277759793,0.9992094861660079,0.6929824561403509,0.9180708890180128,1264.0,560.0,1.0,188.0,16.0,541.0,1472.0
augmented,2024,3,2130,2130,0,f3b0a165a57f51aa377c40e6bfb4209b15d00a5825394ec15b425323c29e4435,complete,,2130.0,371.0,6.0,2.0,710.0,1420.0,0.3087650942178799,0.1305388467038483,0.10342355760505223,0.015432042728917138,0.2069718309859155,0.22240387371483264,,0.7608885955994059,,0.3087650942178799,0.1305388467038483,0.10342355760505223,0.015432042728917138,0.2069718309859155,0.22240387371483264,,0.7608885955994059,,0.6822594880847308,0.8232161874334398,0.5825169555388093,0.7603777296871926,773.0,554.0,166.0,637.0,0.0,0.0,0.0
augmented,2025,3,1876,275,1601,9d71d873c1d11fbde4db2f44e16e8df297146e5268ba1682ef6720a023bc7615,complete,,275.0,132.0,3.0,3.0,275.0,0.0,0.057502604868285845,0.1268011758891329,0.10185784471035003,0.016745881871743636,0.21363636363636362,0.23038224550810726,,0.6973015873015873,,0.057502604868285845,0.1268011758891329,0.10185784471035003,0.016745881871743636,0.21363636363636362,0.23038224550810726,,0.6973015873015873,,0.660377358490566,0.75,0.5898876404494382,0.7113821138211383,105.0,73.0,35.0,62.0,0.0,0.0,0.0
augmented,2026,3,904,0,904,e3b0c44298fc1c149afbf4c8996fb92427ae41e4649b934ca495991b7852b855,empty_cohort,no source-eligible rows,,,,,,,,,,,,,,,,,,,,,,,,,,,,,,,,,,,
augmented,2022,6,2103,2094,9,355810f0015ba817fcc338ec1e8182e4a444a9a52a4a7794062f0f0f5f91cc0c,complete,,2094.0,395.0,8.0,4.0,720.0,1374.0,-1.1287022186448286,0.32558700592726864,0.27643068554708683,-0.2372008046425621,0.46119148078385014,0.22399067614128812,,0.5113858451877483,,-0.6766103819386937,0.28895198558675933,0.24588523630836942,-0.18369259458976073,0.46119148078385014,0.2774988861940895,,0.5115428360886838,,0.9056209150326797,0.9988465974625144,0.8283118125298901,0.9593441896532624,1732.0,359.0,2.0,1.0,0.0,2077.0,17.0
augmented,2023,6,2013,2013,0,1f7b5ada3cbe80ae80db6b6a35c62dd07d08be405ed753f4a46f194368c89de9,incomplete,696 of 2013 required final predictions missing or unavailable,,,,,,,,,,,,,,,,,,,,,,,,,,,,,,,,,,,
augmented,2024,6,2130,2130,0,f3b0a165a57f51aa377c40e6bfb4209b15d00a5825394ec15b425323c29e4435,complete,,2130.0,371.0,6.0,2.0,710.0,1420.0,-0.01581251217400048,0.158246356655066,0.12609214205439565,0.05337348582777494,0.2069718309859155,0.26034531681369044,,0.6921081880522092,,-0.0011085382691651269,0.15709686690663274,0.12469507810955417,0.04951276181701641,0.2069718309859155,0.25648459280293184,,0.692261539108096,,0.6490228013029316,0.8487752928647497,0.5253790375741595,0.7557367722359188,797.0,720.0,142.0,471.0,0.0,134.0,1996.0
augmented,2025,6,1876,275,1601,9d71d873c1d11fbde4db2f44e16e8df297146e5268ba1682ef6720a023bc7615,complete,,275.0,132.0,3.0,3.0,275.0,0.0,0.06259244375120876,0.12645832546499736,0.10275753075968135,0.015673112950541756,0.21363636363636362,0.2293094765869054,,0.7012169312169313,,0.06259244375120876,0.12645832546499736,0.10275753075968135,0.015673112950541756,0.21363636363636362,0.2293094765869054,,0.7012169312169313,,0.6871165644171779,0.8,0.6021505376344086,0.7506702412868632,112.0,74.0,28.0,61.0,0.0,0.0,0.0
augmented,2026,6,904,0,904,e3b0c44298fc1c149afbf4c8996fb92427ae41e4649b934ca495991b7852b855,empty_cohort,no source-eligible rows,,,,,,,,,,,,,,,,,,,,,,,,,,,,,,,,,,,
augmented,2022,12,2103,2094,9,355810f0015ba817fcc338ec1e8182e4a444a9a52a4a7794062f0f0f5f91cc0c,complete,,2094.0,395.0,8.0,4.0,720.0,1374.0,-1.5066101475559046,0.3533076201051178,0.29944678303463396,-0.2742419579578231,0.46119148078385014,0.18694952282602717,,0.5481113033448675,,-1.501788337811377,0.3529676385996707,0.29903549566145216,-0.273826686557771,0.46119148078385014,0.18736479422607918,,0.5482194348327566,,0.03178206583427923,0.016147635524798153,1.0,0.020103388856978748,28.0,0.0,1706.0,360.0,0.0,0.0,0.0
augmented,2023,12,2013,2013,0,1f7b5ada3cbe80ae80db6b6a35c62dd07d08be405ed753f4a46f194368c89de9,complete,,2013.0,692.0,5.0,3.0,1018.0,995.0,-0.4591916674661447,0.2509568620271089,0.2061720270361244,-0.09080956218214974,0.3294680034322359,0.23865844125008617,,0.49145389021580604,,-0.9879248476327354,0.2929158590206792,0.25174269147995226,0.07304735495327977,0.3294680034322359,0.4025153583855157,,0.4880297393840756,,0.7718120805369127,1.0,0.6284153005464481,0.8942457231726283,1265.0,748.0,0.0,0.0,0.0,1317.0,0.0
augmented,2024,12,2130,2130,0,f3b0a165a57f51aa377c40e6bfb4209b15d00a5825394ec15b425323c29e4435,complete,,2130.0,371.0,6.0,2.0,710.0,1420.0,-0.5880486495226798,0.19786038162326425,0.1681414921452322,0.10440059283144876,0.2069718309859155,0.31137242381736424,,0.575124580967122,,-3.9003013056497657,0.34756683821506795,0.29713256675436306,0.2684273993164181,0.2069718309859155,0.47539923030233355,,0.4876232732358146,,0.6215405135045015,0.9925452609158679,0.4524271844660194,0.8012379642365888,932.0,1128.0,7.0,63.0,0.0,0.0,0.0
augmented,2025,12,1876,1100,776,b072278b8d81afaa85f433fb85bbd7d38f8a75840f5087a7c654d5dfbdb2b9f7,complete,,1100.0,904.0,3.0,3.0,1100.0,0.0,0.053298522318841246,0.1354963919112334,0.10508825762558432,-0.003927780840712875,0.22445454545454543,0.22052676461383255,,0.6689287285161999,,0.053298522318841246,0.1354963919112334,0.10508825762558432,-0.003927780840712875,0.22445454545454543,0.22052676461383255,,0.6689287285161999,,0.6406117247238743,0.699443413729128,0.5909090909090909,0.6746599856836077,377.0,261.0,162.0,300.0,0.0,19.0,113.0
augmented,2026,12,904,132,772,19b77d72b60c92c5bf08d4a8d63f134749a0be1c24dbdcce57084a7770bc40a9,complete,,132.0,132.0,1.0,1.0,132.0,0.0,0.14968086217500476,0.16596742715058793,0.13365736976895723,-0.04209294988937246,0.2771835805827901,0.2350906306934176,,0.7327523602033406,,0.14968086217500476,0.16596742715058793,0.13365736976895723,-0.04209294988937246,0.2771835805827901,0.2350906306934176,,0.7327523602033406,,0.8095238095238095,0.8395061728395061,0.7816091954022989,0.8272506082725061,68.0,19.0,13.0,32.0,0.0,0.0,0.0
