polygon_id,year,n,TP_count,TN_count,FP_count,FN_count,error_rate,accuracy
12166831,2024,180,180,0,0,0,0.0,1.0
12166839,2024,360,360,0,0,0,0.0,1.0
12166893,2024,360,180,30,120,30,0.4166666666666667,0.5833333333333334
12166896,2024,360,270,0,60,30,0.25,0.75
12166899,2024,360,120,90,105,45,0.4166666666666667,0.5833333333333334
12166905,2024,360,270,0,60,30,0.25,0.75
12166908,2024,135,135,0,0,0,0.0,1.0
12166911,2024,360,105,75,60,120,0.5,0.5
12166914,2024,360,225,15,45,75,0.3333333333333333,0.6666666666666666
12166917,2024,360,60,180,105,15,0.3333333333333333,0.6666666666666666
12166920,2024,360,150,90,90,30,0.3333333333333333,0.6666666666666666
12166923,2024,360,195,15,75,75,0.4166666666666667,0.5833333333333334
12166926,2024,360,195,15,105,45,0.4166666666666667,0.5833333333333334
12166929,2024,360,60,90,150,60,0.5833333333333334,0.4166666666666667
12166938,2024,360,165,90,105,0,0.2916666666666667,0.7083333333333334
12166941,2024,360,180,15,150,15,0.4583333333333333,0.5416666666666666
12166944,2024,360,105,105,120,30,0.4166666666666667,0.5833333333333334
12166947,2024,360,60,75,210,15,0.625,0.375
12166950,2024,360,90,75,195,0,0.5416666666666666,0.4583333333333333
12166953,2024,360,150,45,120,45,0.4583333333333333,0.5416666666666666
12166956,2024,360,90,45,180,45,0.625,0.375
12166965,2024,360,225,30,45,60,0.2916666666666667,0.7083333333333334
12166968,2024,360,225,15,15,105,0.3333333333333333,0.6666666666666666
12166977,2024,540,405,45,15,75,0.16666666666666666,0.8333333333333334
12166980,2024,360,45,210,45,60,0.2916666666666667,0.7083333333333334
12166983,2024,360,135,90,135,0,0.375,0.625
12166986,2024,360,60,135,150,15,0.4583333333333333,0.5416666666666666
12166989,2024,360,210,30,105,15,0.3333333333333333,0.6666666666666666
12166992,2024,360,270,15,75,0,0.20833333333333334,0.7916666666666666
12174533,2024,180,180,0,0,0,0.0,1.0
12499319,2024,180,180,0,0,0,0.0,1.0
12511537,2024,360,180,0,180,0,0.5,0.5
12511571,2024,360,360,0,0,0,0.0,1.0
12527613,2024,360,360,0,0,0,0.0,1.0
12693342,2024,360,360,0,0,0,0.0,1.0
12693375,2024,360,180,0,180,0,0.5,0.5
12851443,2024,180,0,0,180,0,1.0,0.0
12856216,2024,360,180,30,120,30,0.4166666666666667,0.5833333333333334
12856219,2024,360,270,0,60,30,0.25,0.75
12856228,2024,360,165,90,105,0,0.2916666666666667,0.7083333333333334
12856234,2024,360,270,0,60,30,0.25,0.75
12856237,2024,360,150,45,120,45,0.4583333333333333,0.5416666666666666
12856240,2024,360,90,45,180,45,0.625,0.375
12856243,2024,360,225,30,45,60,0.2916666666666667,0.7083333333333334
12856246,2024,360,195,15,75,75,0.4166666666666667,0.5833333333333334
12856252,2024,360,120,90,105,45,0.4166666666666667,0.5833333333333334
12856256,2024,360,225,15,15,105,0.3333333333333333,0.6666666666666666
12856262,2024,360,225,15,45,75,0.3333333333333333,0.6666666666666666
12856269,2024,360,45,210,45,60,0.2916666666666667,0.7083333333333334
12856274,2024,360,225,45,15,75,0.25,0.75
12856280,2024,360,270,15,75,0,0.20833333333333334,0.7916666666666666
12856285,2024,360,210,30,105,15,0.3333333333333333,0.6666666666666666
12856291,2024,360,105,75,60,120,0.5,0.5
12856297,2024,360,105,105,120,30,0.4166666666666667,0.5833333333333334
12856306,2024,360,90,75,195,0,0.5416666666666666,0.4583333333333333
12856318,2024,360,135,90,135,0,0.375,0.625
12856330,2024,360,60,90,150,60,0.5833333333333334,0.4166666666666667
12856334,2024,360,150,90,90,30,0.3333333333333333,0.6666666666666666
12856341,2024,135,135,0,0,0,0.0,1.0
12856353,2024,360,180,15,150,15,0.4583333333333333,0.5416666666666666
12856357,2024,360,60,75,210,15,0.625,0.375
12856364,2024,360,60,135,150,15,0.4583333333333333,0.5416666666666666
12856371,2024,360,60,180,105,15,0.3333333333333333,0.6666666666666666
12856376,2024,360,195,15,105,45,0.4166666666666667,0.5833333333333334
12934757,2024,180,180,0,0,0,0.0,1.0
12934830,2024,180,180,0,0,0,0.0,1.0
12934868,2024,180,180,0,0,0,0.0,1.0
12934909,2024,180,180,0,0,0,0.0,1.0
12934991,2024,180,180,0,0,0,0.0,1.0
12935020,2024,180,180,0,0,0,0.0,1.0
12935056,2024,180,180,0,0,0,0.0,1.0
12935072,2024,180,180,0,0,0,0.0,1.0
12935191,2024,180,180,0,0,0,0.0,1.0
12935285,2024,180,180,0,0,0,0.0,1.0
12935291,2024,180,180,0,0,0,0.0,1.0
12935303,2024,180,180,0,0,0,0.0,1.0
12935369,2024,180,180,0,0,0,0.0,1.0
12935431,2024,180,180,0,0,0,0.0,1.0
12935433,2024,180,180,0,0,0,0.0,1.0
12940688,2024,180,0,0,180,0,1.0,0.0
12940691,2024,360,0,0,360,0,1.0,0.0
13090088,2024,180,180,0,0,0,0.0,1.0
13090168,2024,180,180,0,0,0,0.0,1.0
13480314,2024,180,180,0,0,0,0.0,1.0
13480318,2024,180,180,0,0,0,0.0,1.0
13480334,2024,180,180,0,0,0,0.0,1.0
13480336,2024,180,180,0,0,0,0.0,1.0
13850142,2024,180,180,0,0,0,0.0,1.0
13850181,2024,180,180,0,0,0,0.0,1.0
13850234,2024,360,360,0,0,0,0.0,1.0
13850274,2024,180,180,0,0,0,0.0,1.0
13850413,2024,180,180,0,0,0,0.0,1.0
13850591,2024,180,0,0,180,0,1.0,0.0
13850693,2024,180,180,0,0,0,0.0,1.0
13909763,2024,360,360,0,0,0,0.0,1.0
13928773,2024,360,270,15,75,0,0.20833333333333334,0.7916666666666666
13928777,2024,360,150,45,120,45,0.4583333333333333,0.5416666666666666
13928779,2024,360,90,45,180,45,0.625,0.375
13928781,2024,540,285,105,120,30,0.2777777777777778,0.7222222222222222
13928783,2024,360,60,135,150,15,0.4583333333333333,0.5416666666666666
13928785,2024,360,135,90,135,0,0.375,0.625
13928787,2024,360,195,15,75,75,0.4166666666666667,0.5833333333333334
13928791,2024,360,90,75,195,0,0.5416666666666666,0.4583333333333333
13928795,2024,360,270,0,60,30,0.25,0.75
13928797,2024,360,225,15,45,75,0.3333333333333333,0.6666666666666666
13928799,2024,360,105,75,60,120,0.5,0.5
13928801,2024,360,210,30,105,15,0.3333333333333333,0.6666666666666666
13928803,2024,360,150,90,90,30,0.3333333333333333,0.6666666666666666
13928805,2024,360,270,0,60,30,0.25,0.75
13928807,2024,360,60,90,150,60,0.5833333333333334,0.4166666666666667
13928811,2024,360,195,15,105,45,0.4166666666666667,0.5833333333333334
13928813,2024,360,180,15,150,15,0.4583333333333333,0.5416666666666666
13928815,2024,360,225,15,15,105,0.3333333333333333,0.6666666666666666
13928817,2024,360,225,30,45,60,0.2916666666666667,0.7083333333333334
13928819,2024,135,135,0,0,0,0.0,1.0
13928821,2024,360,60,180,105,15,0.3333333333333333,0.6666666666666666
13928826,2024,360,225,45,15,75,0.25,0.75
13928828,2024,360,45,210,45,60,0.2916666666666667,0.7083333333333334
13928830,2024,360,120,90,105,45,0.4166666666666667,0.5833333333333334
13928832,2024,360,60,75,210,15,0.625,0.375
13928834,2024,360,165,90,105,0,0.2916666666666667,0.7083333333333334
13928836,2024,360,180,30,120,30,0.4166666666666667,0.5833333333333334
13983416,2024,180,180,0,0,0,0.0,1.0
13983474,2024,180,180,0,0,0,0.0,1.0
13983594,2024,180,180,0,0,0,0.0,1.0
14113325,2024,180,180,0,0,0,0.0,1.0
14113327,2024,180,0,0,180,0,1.0,0.0
14113374,2024,180,180,0,0,0,0.0,1.0
14113400,2024,180,180,0,0,0,0.0,1.0
14113452,2024,180,180,0,0,0,0.0,1.0
14116627,2024,180,180,0,0,0,0.0,1.0
14116695,2024,180,180,0,0,0,0.0,1.0
14119601,2024,360,360,0,0,0,0.0,1.0
14119698,2024,1080,720,0,360,0,0.3333333333333333,0.6666666666666666
14140561,2024,180,180,0,0,0,0.0,1.0
14182430,2024,180,180,0,0,0,0.0,1.0
14192983,2024,180,180,0,0,0,0.0,1.0
14193138,2024,180,180,0,0,0,0.0,1.0
14193142,2024,180,180,0,0,0,0.0,1.0
14193284,2024,360,360,0,0,0,0.0,1.0
14210033,2024,180,180,0,0,0,0.0,1.0
14210140,2024,180,180,0,0,0,0.0,1.0
14210152,2024,180,180,0,0,0,0.0,1.0
14399599,2024,180,180,0,0,0,0.0,1.0
15731855,2024,360,180,30,120,30,0.4166666666666667,0.5833333333333334
15731857,2024,360,60,135,150,15,0.4583333333333333,0.5416666666666666
15731861,2024,360,165,90,105,0,0.2916666666666667,0.7083333333333334
15731863,2024,360,135,90,135,0,0.375,0.625
15731865,2024,360,60,75,210,15,0.625,0.375
15731867,2024,360,120,90,105,45,0.4166666666666667,0.5833333333333334
15731869,2024,360,45,210,45,60,0.2916666666666667,0.7083333333333334
15731871,2024,360,225,45,15,75,0.25,0.75
15731875,2024,360,60,180,105,15,0.3333333333333333,0.6666666666666666
15731879,2024,135,135,0,0,0,0.0,1.0
15731881,2024,360,225,30,45,60,0.2916666666666667,0.7083333333333334
15731885,2024,360,90,45,180,45,0.625,0.375
15731891,2024,360,225,15,15,105,0.3333333333333333,0.6666666666666666
15731893,2024,360,180,15,150,15,0.4583333333333333,0.5416666666666666
15731897,2024,360,150,45,120,45,0.4583333333333333,0.5416666666666666
15731901,2024,360,195,15,105,45,0.4166666666666667,0.5833333333333334
15731907,2024,360,60,90,150,60,0.5833333333333334,0.4166666666666667
15731909,2024,360,270,0,60,30,0.25,0.75
15731913,2024,360,150,90,90,30,0.3333333333333333,0.6666666666666666
15731917,2024,360,210,30,105,15,0.3333333333333333,0.6666666666666666
15731919,2024,360,105,75,60,120,0.5,0.5
15731921,2024,360,225,15,45,75,0.3333333333333333,0.6666666666666666
15731923,2024,360,270,0,60,30,0.25,0.75
15731927,2024,360,105,105,120,30,0.4166666666666667,0.5833333333333334
15731929,2024,360,90,75,195,0,0.5416666666666666,0.4583333333333333
15731931,2024,360,195,15,75,75,0.4166666666666667,0.5833333333333334
15731935,2024,360,270,15,75,0,0.20833333333333334,0.7916666666666666
15803057,2024,180,180,0,0,0,0.0,1.0
15803087,2024,180,180,0,0,0,0.0,1.0
18152093,2024,360,360,0,0,0,0.0,1.0
18152159,2024,180,180,0,0,0,0.0,1.0
18262805,2024,180,180,0,0,0,0.0,1.0
18262837,2024,180,180,0,0,0,0.0,1.0
18262857,2024,180,180,0,0,0,0.0,1.0
18262861,2024,180,180,0,0,0,0.0,1.0
18262871,2024,180,180,0,0,0,0.0,1.0
18262893,2024,180,180,0,0,0,0.0,1.0
18262905,2024,180,180,0,0,0,0.0,1.0
18262922,2024,180,180,0,0,0,0.0,1.0
18262958,2024,180,180,0,0,0,0.0,1.0
18262974,2024,180,180,0,0,0,0.0,1.0
18560699,2024,180,180,0,0,0,0.0,1.0
18560856,2024,180,0,0,0,180,1.0,0.0
18560882,2024,180,180,0,0,0,0.0,1.0
18678043,2024,180,180,0,0,0,0.0,1.0
18976823,2024,360,0,0,180,180,1.0,0.0
18978477,2024,540,360,30,120,30,0.2777777777777778,0.7222222222222222
18978483,2024,360,150,45,120,45,0.4583333333333333,0.5416666666666666
18978487,2024,360,135,90,135,0,0.375,0.625
18978489,2024,360,60,135,150,15,0.4583333333333333,0.5416666666666666
18978495,2024,360,90,75,195,0,0.5416666666666666,0.4583333333333333
18978499,2024,360,195,15,75,75,0.4166666666666667,0.5833333333333334
18978501,2024,360,165,90,105,0,0.2916666666666667,0.7083333333333334
18978503,2024,360,90,45,180,45,0.625,0.375
18978505,2024,360,60,75,210,15,0.625,0.375
18978507,2024,360,120,90,105,45,0.4166666666666667,0.5833333333333334
18978511,2024,360,45,210,45,60,0.2916666666666667,0.7083333333333334
18978513,2024,360,225,45,15,75,0.25,0.75
18978515,2024,180,180,0,0,0,0.0,1.0
18978517,2024,360,60,180,105,15,0.3333333333333333,0.6666666666666666
18978519,2024,135,135,0,0,0,0.0,1.0
18978521,2024,360,225,30,45,60,0.2916666666666667,0.7083333333333334
18978523,2024,180,180,0,0,0,0.0,1.0
18978525,2024,360,225,15,15,105,0.3333333333333333,0.6666666666666666
18978527,2024,540,360,15,150,15,0.3055555555555556,0.6944444444444444
18978529,2024,540,195,15,285,45,0.6111111111111112,0.3888888888888889
18978533,2024,360,60,90,150,60,0.5833333333333334,0.4166666666666667
18978535,2024,360,270,0,60,30,0.25,0.75
18978537,2024,360,150,90,90,30,0.3333333333333333,0.6666666666666666
18978539,2024,360,210,30,105,15,0.3333333333333333,0.6666666666666666
18978543,2024,360,105,75,60,120,0.5,0.5
18978545,2024,360,225,15,45,75,0.3333333333333333,0.6666666666666666
18978547,2024,360,270,0,60,30,0.25,0.75
18978549,2024,360,105,105,120,30,0.4166666666666667,0.5833333333333334
18978555,2024,360,270,15,75,0,0.20833333333333334,0.7916666666666666
19191772,2024,180,180,0,0,0,0.0,1.0
19191784,2024,180,180,0,0,0,0.0,1.0
19191846,2024,180,180,0,0,0,0.0,1.0
19191854,2024,180,180,0,0,0,0.0,1.0
19191987,2024,180,180,0,0,0,0.0,1.0
19526910,2024,180,180,0,0,0,0.0,1.0
19527045,2024,180,180,0,0,0,0.0,1.0
19527078,2024,180,180,0,0,0,0.0,1.0
19527114,2024,180,180,0,0,0,0.0,1.0
19527218,2024,180,180,0,0,0,0.0,1.0
19527262,2024,180,180,0,0,0,0.0,1.0
19527335,2024,180,180,0,0,0,0.0,1.0
19527363,2024,180,180,0,0,0,0.0,1.0
19527385,2024,180,180,0,0,0,0.0,1.0
19527447,2024,180,180,0,0,0,0.0,1.0
19527459,2024,180,180,0,0,0,0.0,1.0
21820095,2024,180,0,0,180,0,1.0,0.0
21820193,2024,180,180,0,0,0,0.0,1.0
21820227,2024,180,0,0,180,0,1.0,0.0
22458401,2024,720,720,0,0,0,0.0,1.0
22458419,2024,360,360,0,0,0,0.0,1.0
22458432,2024,360,360,0,0,0,0.0,1.0
22458437,2024,360,180,0,180,0,0.5,0.5
22458449,2024,360,0,0,360,0,1.0,0.0
22458462,2024,720,720,0,0,0,0.0,1.0
22458477,2024,360,360,0,0,0,0.0,1.0
22458479,2024,360,360,0,0,0,0.0,1.0
22458509,2024,720,540,0,180,0,0.25,0.75
22458523,2024,360,360,0,0,0,0.0,1.0
22458537,2024,720,720,0,0,0,0.0,1.0
22458543,2024,360,360,0,0,0,0.0,1.0
23204345,2024,360,0,0,360,0,1.0,0.0
23402195,2024,180,180,0,0,0,0.0,1.0
23402212,2024,360,360,0,0,0,0.0,1.0
23402214,2024,360,360,0,0,0,0.0,1.0
23402222,2024,180,180,0,0,0,0.0,1.0
23402230,2024,180,180,0,0,0,0.0,1.0
23402232,2024,360,360,0,0,0,0.0,1.0
23762584,2024,360,180,30,120,30,0.4166666666666667,0.5833333333333334
23762586,2024,360,165,90,105,0,0.2916666666666667,0.7083333333333334
23762588,2024,360,60,75,210,15,0.625,0.375
23762590,2024,180,180,0,0,0,0.0,1.0
23762592,2024,360,120,90,105,45,0.4166666666666667,0.5833333333333334
23762594,2024,180,180,0,0,0,0.0,1.0
23762596,2024,360,45,210,45,60,0.2916666666666667,0.7083333333333334
23762598,2024,360,225,45,15,75,0.25,0.75
23762602,2024,360,60,180,105,15,0.3333333333333333,0.6666666666666666
23762604,2024,180,180,0,0,0,0.0,1.0
23762606,2024,135,135,0,0,0,0.0,1.0
23762608,2024,360,225,30,45,60,0.2916666666666667,0.7083333333333334
23762610,2024,180,180,0,0,0,0.0,1.0
23762614,2024,360,225,15,15,105,0.3333333333333333,0.6666666666666666
23762616,2024,180,180,0,0,0,0.0,1.0
23762618,2024,360,180,15,150,15,0.4583333333333333,0.5416666666666666
23762620,2024,180,180,0,0,0,0.0,1.0
23762622,2024,360,195,15,105,45,0.4166666666666667,0.5833333333333334
23762624,2024,180,180,0,0,0,0.0,1.0
23762628,2024,180,180,0,0,0,0.0,1.0
23762630,2024,360,60,90,150,60,0.5833333333333334,0.4166666666666667
23762632,2024,360,270,0,60,30,0.25,0.75
23762634,2024,360,150,90,90,30,0.3333333333333333,0.6666666666666666
23762636,2024,360,210,30,105,15,0.3333333333333333,0.6666666666666666
23762638,2024,180,180,0,0,0,0.0,1.0
23762640,2024,360,105,75,60,120,0.5,0.5
23762642,2024,360,225,15,45,75,0.3333333333333333,0.6666666666666666
23762644,2024,360,270,0,60,30,0.25,0.75
23762650,2024,360,90,75,195,0,0.5416666666666666,0.4583333333333333
23762654,2024,360,195,15,75,75,0.4166666666666667,0.5833333333333334
23762656,2024,360,135,90,135,0,0.375,0.625
23762658,2024,360,60,135,150,15,0.4583333333333333,0.5416666666666666
23762660,2024,360,105,105,120,30,0.4166666666666667,0.5833333333333334
23762662,2024,360,90,45,180,45,0.625,0.375
23762664,2024,360,150,45,120,45,0.4583333333333333,0.5416666666666666
23762666,2024,180,180,0,0,0,0.0,1.0
23762670,2024,540,450,15,75,0,0.1388888888888889,0.8611111111111112
23886704,2024,180,180,0,0,0,0.0,1.0
24004142,2024,180,180,0,0,0,0.0,1.0
24004191,2024,180,180,0,0,0,0.0,1.0
24004265,2024,360,360,0,0,0,0.0,1.0
24004281,2024,180,180,0,0,0,0.0,1.0
24004437,2024,180,180,0,0,0,0.0,1.0
24004491,2024,180,180,0,0,0,0.0,1.0
24152772,2024,180,180,0,0,0,0.0,1.0
24259871,2024,180,180,0,0,0,0.0,1.0
24380573,2024,360,60,135,150,15,0.4583333333333333,0.5416666666666666
24380575,2024,360,135,90,135,0,0.375,0.625
24380579,2024,360,195,15,75,75,0.4166666666666667,0.5833333333333334
24380581,2024,360,270,0,60,30,0.25,0.75
24380583,2024,360,270,15,75,0,0.20833333333333334,0.7916666666666666
24380585,2024,360,165,90,105,0,0.2916666666666667,0.7083333333333334
24380589,2024,360,105,105,120,30,0.4166666666666667,0.5833333333333334
24380591,2024,540,450,0,60,30,0.16666666666666666,0.8333333333333334
24380593,2024,360,90,45,180,45,0.625,0.375
24380595,2024,360,150,90,90,30,0.3333333333333333,0.6666666666666666
24380597,2024,360,225,15,45,75,0.3333333333333333,0.6666666666666666
24380607,2024,360,60,90,150,60,0.5833333333333334,0.4166666666666667
24380609,2024,360,60,75,210,15,0.625,0.375
24380613,2024,360,180,30,120,30,0.4166666666666667,0.5833333333333334
24380615,2024,360,150,45,120,45,0.4583333333333333,0.5416666666666666
24380617,2024,360,120,90,105,45,0.4166666666666667,0.5833333333333334
24380619,2024,135,135,0,0,0,0.0,1.0
24380621,2024,360,180,15,150,15,0.4583333333333333,0.5416666666666666
24380623,2024,360,60,180,105,15,0.3333333333333333,0.6666666666666666
24380625,2024,360,225,30,45,60,0.2916666666666667,0.7083333333333334
24380627,2024,360,90,75,195,0,0.5416666666666666,0.4583333333333333
24380629,2024,360,195,15,105,45,0.4166666666666667,0.5833333333333334
24380633,2024,360,105,75,60,120,0.5,0.5
24380635,2024,360,210,30,105,15,0.3333333333333333,0.6666666666666666
24380637,2024,360,225,45,15,75,0.25,0.75
24380639,2024,360,45,210,45,60,0.2916666666666667,0.7083333333333334
24380641,2024,360,225,15,15,105,0.3333333333333333,0.6666666666666666
24439253,2024,180,180,0,0,0,0.0,1.0
24439255,2024,360,360,0,0,0,0.0,1.0
24439268,2024,180,120,0,60,0,0.3333333333333333,0.6666666666666666
24439272,2024,180,60,60,60,0,0.3333333333333333,0.6666666666666666
24439280,2024,180,180,0,0,0,0.0,1.0
24439284,2024,360,360,0,0,0,0.0,1.0
24439298,2024,180,180,0,0,0,0.0,1.0
24448901,2024,180,180,0,0,0,0.0,1.0
24448914,2024,180,180,0,0,0,0.0,1.0
24448946,2024,180,180,0,0,0,0.0,1.0
24448954,2024,180,180,0,0,0,0.0,1.0
24665061,2024,360,360,0,0,0,0.0,1.0
24988896,2024,180,180,0,0,0,0.0,1.0
24988947,2024,180,180,0,0,0,0.0,1.0
24988980,2024,180,0,0,180,0,1.0,0.0
25037998,2024,180,180,0,0,0,0.0,1.0
25038023,2024,180,180,0,0,0,0.0,1.0
25038068,2024,180,180,0,0,0,0.0,1.0
25038146,2024,180,180,0,0,0,0.0,1.0
25114453,2024,360,60,75,210,15,0.625,0.375
25114455,2024,360,120,90,105,45,0.4166666666666667,0.5833333333333334
25114459,2024,360,45,210,45,60,0.2916666666666667,0.7083333333333334
25114461,2024,360,225,45,15,75,0.25,0.75
25114467,2024,135,135,0,0,0,0.0,1.0
25114469,2024,360,225,30,45,60,0.2916666666666667,0.7083333333333334
25114473,2024,540,405,15,15,105,0.2222222222222222,0.7777777777777778
25114477,2024,360,195,15,105,45,0.4166666666666667,0.5833333333333334
25114483,2024,360,60,90,150,60,0.5833333333333334,0.4166666666666667
25114485,2024,360,150,90,90,30,0.3333333333333333,0.6666666666666666
25114489,2024,360,225,15,45,75,0.3333333333333333,0.6666666666666666
25114493,2024,360,90,75,195,0,0.5416666666666666,0.4583333333333333
25114497,2024,360,60,135,150,15,0.4583333333333333,0.5416666666666666
25114503,2024,360,150,45,120,45,0.4583333333333333,0.5416666666666666
25114505,2024,540,345,90,105,0,0.19444444444444445,0.8055555555555556
25114507,2024,180,180,0,0,0,0.0,1.0
25114509,2024,360,180,30,120,30,0.4166666666666667,0.5833333333333334
25114511,2024,360,135,90,135,0,0.375,0.625
25114513,2024,360,105,105,120,30,0.4166666666666667,0.5833333333333334
25114515,2024,360,90,45,180,45,0.625,0.375
25114517,2024,360,60,180,105,15,0.3333333333333333,0.6666666666666666
25114525,2024,360,270,0,60,30,0.25,0.75
25114527,2024,360,210,30,105,15,0.3333333333333333,0.6666666666666666
25114529,2024,360,105,75,60,120,0.5,0.5
25114531,2024,360,270,0,60,30,0.25,0.75
25114537,2024,360,195,15,75,75,0.4166666666666667,0.5833333333333334
25114539,2024,360,180,15,150,15,0.4583333333333333,0.5416666666666666
25114541,2024,360,270,15,75,0,0.20833333333333334,0.7916666666666666
25857832,2024,180,180,0,0,0,0.0,1.0
25857864,2024,180,180,0,0,0,0.0,1.0
25857873,2024,180,180,0,0,0,0.0,1.0
25857882,2024,180,180,0,0,0,0.0,1.0
25857952,2024,180,180,0,0,0,0.0,1.0
25857954,2024,180,180,0,0,0,0.0,1.0
25857990,2024,180,180,0,0,0,0.0,1.0
25857998,2024,180,180,0,0,0,0.0,1.0
25858046,2024,180,0,0,180,0,1.0,0.0
25858110,2024,180,180,0,0,0,0.0,1.0
25914083,2024,180,0,0,180,0,1.0,0.0
26097120,2024,180,180,0,0,0,0.0,1.0
26097210,2024,180,180,0,0,0,0.0,1.0
26143915,2024,180,180,0,0,0,0.0,1.0
26144015,2024,180,180,0,0,0,0.0,1.0
26468847,2024,180,180,0,0,0,0.0,1.0
26546578,2024,180,0,0,180,0,1.0,0.0
26546610,2024,180,180,0,0,0,0.0,1.0
26598357,2024,360,180,30,120,30,0.4166666666666667,0.5833333333333334
26598359,2024,360,165,90,105,0,0.2916666666666667,0.7083333333333334
26598365,2024,360,60,75,210,15,0.625,0.375
26598369,2024,360,60,180,105,15,0.3333333333333333,0.6666666666666666
26598371,2024,360,225,45,15,75,0.25,0.75
26598375,2024,360,225,30,45,60,0.2916666666666667,0.7083333333333334
26598377,2024,360,195,15,105,45,0.4166666666666667,0.5833333333333334
26598383,2024,360,270,0,60,30,0.25,0.75
26598385,2024,360,210,30,105,15,0.3333333333333333,0.6666666666666666
26598389,2024,360,270,0,60,30,0.25,0.75
26598393,2024,360,60,135,150,15,0.4583333333333333,0.5416666666666666
26598397,2024,360,150,45,120,45,0.4583333333333333,0.5416666666666666
26598399,2024,360,90,45,180,45,0.625,0.375
26598401,2024,360,180,15,150,15,0.4583333333333333,0.5416666666666666
26598403,2024,360,270,15,75,0,0.20833333333333334,0.7916666666666666
26598405,2024,360,120,90,105,45,0.4166666666666667,0.5833333333333334
26598407,2024,360,195,15,75,75,0.4166666666666667,0.5833333333333334
26598411,2024,135,135,0,0,0,0.0,1.0
26598419,2024,360,105,105,120,30,0.4166666666666667,0.5833333333333334
26598421,2024,360,225,15,45,75,0.3333333333333333,0.6666666666666666
26598423,2024,360,90,75,195,0,0.5416666666666666,0.4583333333333333
26598425,2024,360,105,75,60,120,0.5,0.5
26598431,2024,360,150,90,90,30,0.3333333333333333,0.6666666666666666
26598435,2024,360,60,90,150,60,0.5833333333333334,0.4166666666666667
26598437,2024,360,135,90,135,0,0.375,0.625
26598439,2024,360,45,210,45,60,0.2916666666666667,0.7083333333333334
26598441,2024,360,225,15,15,105,0.3333333333333333,0.6666666666666666
26601271,2024,360,180,0,180,0,0.5,0.5
26601295,2024,720,540,0,180,0,0.25,0.75
26601298,2024,180,0,0,180,0,1.0,0.0
26601367,2024,180,180,0,0,0,0.0,1.0
26601587,2024,360,360,0,0,0,0.0,1.0
26601780,2024,180,180,0,0,0,0.0,1.0
26601801,2024,900,900,0,0,0,0.0,1.0
26669925,2024,180,0,0,180,0,1.0,0.0
26680332,2024,180,180,0,0,0,0.0,1.0
26680335,2024,360,360,0,0,0,0.0,1.0
26680339,2024,360,300,0,60,0,0.16666666666666666,0.8333333333333334
26680359,2024,360,360,0,0,0,0.0,1.0
26680361,2024,180,180,0,0,0,0.0,1.0
26680363,2024,180,60,60,60,0,0.3333333333333333,0.6666666666666666
26680369,2024,180,180,0,0,0,0.0,1.0
26680372,2024,180,180,0,0,0,0.0,1.0
26680387,2024,180,180,0,0,0,0.0,1.0
26680389,2024,360,180,0,0,180,0.5,0.5
26698170,2024,180,180,0,0,0,0.0,1.0
26698179,2024,180,180,0,0,0,0.0,1.0
26698181,2024,180,180,0,0,0,0.0,1.0
26698188,2024,180,180,0,0,0,0.0,1.0
26698198,2024,180,180,0,0,0,0.0,1.0
26698225,2024,180,180,0,0,0,0.0,1.0
26698236,2024,180,180,0,0,0,0.0,1.0
26698241,2024,180,180,0,0,0,0.0,1.0
26698264,2024,180,180,0,0,0,0.0,1.0
26698274,2024,180,180,0,0,0,0.0,1.0
26698280,2024,180,180,0,0,0,0.0,1.0
26698282,2024,180,180,0,0,0,0.0,1.0
26698286,2024,180,180,0,0,0,0.0,1.0
26698290,2024,180,180,0,0,0,0.0,1.0
26698298,2024,180,180,0,0,0,0.0,1.0
26698301,2024,180,180,0,0,0,0.0,1.0
26698309,2024,180,180,0,0,0,0.0,1.0
26698313,2024,180,180,0,0,0,0.0,1.0
26698315,2024,180,180,0,0,0,0.0,1.0
26698325,2024,180,180,0,0,0,0.0,1.0
26698331,2024,180,180,0,0,0,0.0,1.0
26698335,2024,180,180,0,0,0,0.0,1.0
26698343,2024,180,180,0,0,0,0.0,1.0
26698349,2024,180,180,0,0,0,0.0,1.0
26698351,2024,180,180,0,0,0,0.0,1.0
26698353,2024,180,180,0,0,0,0.0,1.0
26698363,2024,180,180,0,0,0,0.0,1.0
26698365,2024,180,180,0,0,0,0.0,1.0
26698367,2024,180,180,0,0,0,0.0,1.0
26698390,2024,180,180,0,0,0,0.0,1.0
26698394,2024,180,180,0,0,0,0.0,1.0
26698404,2024,180,180,0,0,0,0.0,1.0
26698410,2024,180,180,0,0,0,0.0,1.0
26698432,2024,180,180,0,0,0,0.0,1.0
26698440,2024,180,180,0,0,0,0.0,1.0
26698442,2024,180,180,0,0,0,0.0,1.0
26698450,2024,180,180,0,0,0,0.0,1.0
26698462,2024,180,180,0,0,0,0.0,1.0
26698472,2024,180,180,0,0,0,0.0,1.0
26698474,2024,180,180,0,0,0,0.0,1.0
26698476,2024,180,180,0,0,0,0.0,1.0
26698492,2024,180,180,0,0,0,0.0,1.0
26698508,2024,180,180,0,0,0,0.0,1.0
26698510,2024,180,180,0,0,0,0.0,1.0
26698512,2024,180,180,0,0,0,0.0,1.0
26698516,2024,180,180,0,0,0,0.0,1.0
26698518,2024,180,180,0,0,0,0.0,1.0
26698520,2024,180,180,0,0,0,0.0,1.0
26698528,2024,180,180,0,0,0,0.0,1.0
26698530,2024,180,180,0,0,0,0.0,1.0
26698532,2024,180,180,0,0,0,0.0,1.0
26698538,2024,180,180,0,0,0,0.0,1.0
26698544,2024,180,180,0,0,0,0.0,1.0
26698556,2024,180,180,0,0,0,0.0,1.0
26698558,2024,180,180,0,0,0,0.0,1.0
26698582,2024,180,180,0,0,0,0.0,1.0
26698598,2024,180,180,0,0,0,0.0,1.0
26698616,2024,180,180,0,0,0,0.0,1.0
26698620,2024,180,180,0,0,0,0.0,1.0
26698686,2024,180,180,0,0,0,0.0,1.0
26698688,2024,180,180,0,0,0,0.0,1.0
26698696,2024,180,180,0,0,0,0.0,1.0
26698700,2024,180,180,0,0,0,0.0,1.0
26698720,2024,180,180,0,0,0,0.0,1.0
26698722,2024,180,180,0,0,0,0.0,1.0
26698728,2024,180,180,0,0,0,0.0,1.0
26698732,2024,180,180,0,0,0,0.0,1.0
26698738,2024,180,180,0,0,0,0.0,1.0
26698754,2024,180,180,0,0,0,0.0,1.0
26698758,2024,180,180,0,0,0,0.0,1.0
26698770,2024,180,180,0,0,0,0.0,1.0
26698774,2024,180,180,0,0,0,0.0,1.0
26698786,2024,180,180,0,0,0,0.0,1.0
26698796,2024,180,180,0,0,0,0.0,1.0
26698808,2024,180,180,0,0,0,0.0,1.0
26698812,2024,180,180,0,0,0,0.0,1.0
26698816,2024,180,180,0,0,0,0.0,1.0
26698822,2024,180,180,0,0,0,0.0,1.0
26698838,2024,180,180,0,0,0,0.0,1.0
26750358,2024,180,144,36,0,0,0.0,1.0
26750361,2024,180,144,0,0,36,0.2,0.8
26750364,2024,180,72,72,0,36,0.2,0.8
26750366,2024,180,144,0,36,0,0.2,0.8
26750374,2024,180,144,0,0,36,0.2,0.8
26750383,2024,180,144,0,36,0,0.2,0.8
26750385,2024,180,144,36,0,0,0.0,1.0
26750388,2024,180,144,0,0,36,0.2,0.8
26750395,2024,180,144,0,0,36,0.2,0.8
26750398,2024,180,144,0,0,36,0.2,0.8
26750404,2024,180,144,0,0,36,0.2,0.8
26750406,2024,180,144,0,0,36,0.2,0.8
26750408,2024,180,108,0,36,36,0.4,0.6
26750414,2024,180,36,72,0,72,0.4,0.6
26750416,2024,180,180,0,0,0,0.0,1.0
26750423,2024,180,144,0,0,36,0.2,0.8
26750428,2024,180,72,36,72,0,0.4,0.6
26750434,2024,180,180,0,0,0,0.0,1.0
26750442,2024,180,108,0,72,0,0.4,0.6
26750444,2024,180,144,0,0,36,0.2,0.8
26750446,2024,180,108,0,36,36,0.4,0.6
26750451,2024,180,36,0,108,36,0.8,0.2
26750469,2024,180,108,36,0,36,0.2,0.8
26783552,2024,720,180,360,180,0,0.25,0.75
26783654,2024,1080,720,0,360,0,0.3333333333333333,0.6666666666666666
26783706,2024,1440,180,0,900,360,0.875,0.125
26783740,2024,720,0,180,360,180,0.75,0.25
26783832,2024,720,360,0,360,0,0.5,0.5
26783954,2024,720,360,360,0,0,0.0,1.0
26783982,2024,720,180,180,360,0,0.5,0.5
26784014,2024,360,0,0,360,0,1.0,0.0
26855147,2024,360,360,0,0,0,0.0,1.0
26855171,2024,180,0,0,180,0,1.0,0.0
33607428,2024,720,360,0,360,0,0.5,0.5
33607482,2024,360,360,0,0,0,0.0,1.0
33607492,2024,1080,720,0,180,180,0.3333333333333333,0.6666666666666666
33607498,2024,720,180,180,180,180,0.5,0.5
33607520,2024,720,180,0,540,0,0.75,0.25
33607581,2024,720,360,180,180,0,0.25,0.75
33607587,2024,360,360,0,0,0,0.0,1.0
33607589,2024,720,540,0,180,0,0.25,0.75
33607745,2024,360,360,0,0,0,0.0,1.0
33607775,2024,360,180,0,180,0,0.5,0.5
33607807,2024,1080,540,0,540,0,0.5,0.5
33607815,2024,360,180,0,180,0,0.5,0.5
33607941,2024,360,180,0,180,0,0.5,0.5
33607979,2024,1080,720,0,360,0,0.3333333333333333,0.6666666666666666
33608057,2024,720,360,0,360,0,0.5,0.5
33608061,2024,720,360,0,360,0,0.5,0.5
33608073,2024,720,180,0,180,360,0.75,0.25
33608103,2024,1080,360,180,180,360,0.5,0.5
37109619,2024,180,180,0,0,0,0.0,1.0
37109621,2024,180,180,0,0,0,0.0,1.0
37109623,2024,180,180,0,0,0,0.0,1.0
49993349,2024,180,0,0,180,0,1.0,0.0
49993353,2024,180,180,0,0,0,0.0,1.0
51997867,2024,180,180,0,0,0,0.0,1.0
51997870,2024,720,540,0,180,0,0.25,0.75
51997872,2024,180,0,0,180,0,1.0,0.0
51997877,2024,540,360,0,180,0,0.3333333333333333,0.6666666666666666
51997880,2024,540,540,0,0,0,0.0,1.0
51997883,2024,180,0,0,180,0,1.0,0.0
51997886,2024,180,180,0,0,0,0.0,1.0
51997888,2024,180,180,0,0,0,0.0,1.0
51997891,2024,540,180,0,360,0,0.6666666666666666,0.3333333333333333
51997893,2024,180,180,0,0,0,0.0,1.0
51997896,2024,180,180,0,0,0,0.0,1.0
51997898,2024,180,180,0,0,0,0.0,1.0
51997900,2024,180,180,0,0,0,0.0,1.0
51997902,2024,360,360,0,0,0,0.0,1.0
51997904,2024,180,180,0,0,0,0.0,1.0
54776000,2024,1080,540,180,0,360,0.3333333333333333,0.6666666666666666
54776046,2024,360,0,0,360,0,1.0,0.0
54776074,2024,360,180,0,180,0,0.5,0.5
54776076,2024,360,0,0,360,0,1.0,0.0
54776080,2024,360,360,0,0,0,0.0,1.0
54776089,2024,360,180,0,180,0,0.5,0.5
54776091,2024,360,360,0,0,0,0.0,1.0
54776094,2024,360,0,0,360,0,1.0,0.0
54776096,2024,360,180,0,180,0,0.5,0.5
54776098,2024,360,0,0,360,0,1.0,0.0
54776100,2024,1440,1080,0,360,0,0.25,0.75
54776102,2024,720,360,0,360,0,0.5,0.5
54776104,2024,360,0,0,360,0,1.0,0.0
54776113,2024,360,0,0,360,0,1.0,0.0
54776115,2024,360,0,0,360,0,1.0,0.0
54776121,2024,360,0,0,360,0,1.0,0.0
54776123,2024,720,360,0,180,180,0.5,0.5
54776125,2024,360,0,360,0,0,0.0,1.0
54776133,2024,360,0,0,360,0,1.0,0.0
54776135,2024,1440,720,0,720,0,0.5,0.5
54776154,2024,360,360,0,0,0,0.0,1.0
54776156,2024,360,180,0,180,0,0.5,0.5
54776158,2024,360,0,0,360,0,1.0,0.0
54776160,2024,360,0,0,360,0,1.0,0.0
54776168,2024,360,180,0,180,0,0.5,0.5
54776170,2024,360,0,0,360,0,1.0,0.0
54776172,2024,360,0,0,360,0,1.0,0.0
54776177,2024,360,0,0,360,0,1.0,0.0
54776183,2024,1080,720,0,360,0,0.3333333333333333,0.6666666666666666
54776189,2024,360,0,0,360,0,1.0,0.0
54776202,2024,360,180,0,180,0,0.5,0.5
54776208,2024,1080,900,0,180,0,0.16666666666666666,0.8333333333333334
54776216,2024,360,0,0,180,180,1.0,0.0
54776218,2024,360,0,360,0,0,0.0,1.0
54776220,2024,360,180,0,180,0,0.5,0.5
54776224,2024,720,0,0,720,0,1.0,0.0
54776229,2024,360,0,0,360,0,1.0,0.0
54776231,2024,360,0,0,360,0,1.0,0.0
54776233,2024,360,0,0,360,0,1.0,0.0
54776242,2024,360,0,0,360,0,1.0,0.0
54776244,2024,360,0,0,360,0,1.0,0.0
54776246,2024,360,0,180,180,0,0.5,0.5
54776248,2024,360,0,0,360,0,1.0,0.0
54776257,2024,360,0,0,360,0,1.0,0.0
54776263,2024,360,180,0,180,0,0.5,0.5
54776265,2024,360,0,0,360,0,1.0,0.0
54776267,2024,360,180,0,180,0,0.5,0.5
54776269,2024,360,360,0,0,0,0.0,1.0
54776273,2024,360,180,0,180,0,0.5,0.5
54776275,2024,360,360,0,0,0,0.0,1.0
54776281,2024,360,0,0,360,0,1.0,0.0
54776287,2024,1440,720,0,720,0,0.5,0.5
54776289,2024,360,0,0,360,0,1.0,0.0
54776297,2024,360,180,0,180,0,0.5,0.5
54776299,2024,360,0,0,360,0,1.0,0.0
54776301,2024,360,360,0,0,0,0.0,1.0
54776303,2024,360,180,0,180,0,0.5,0.5
54776315,2024,360,360,0,0,0,0.0,1.0
54776317,2024,360,0,0,360,0,1.0,0.0
54776319,2024,360,0,0,360,0,1.0,0.0
54776321,2024,360,0,180,180,0,0.5,0.5
54776323,2024,360,0,0,360,0,1.0,0.0
54776327,2024,360,0,0,360,0,1.0,0.0
54776347,2024,360,0,0,360,0,1.0,0.0
54776349,2024,720,180,0,540,0,0.75,0.25
54776351,2024,360,360,0,0,0,0.0,1.0
54776361,2024,360,0,0,360,0,1.0,0.0
54776363,2024,1080,360,360,360,0,0.3333333333333333,0.6666666666666666
54776365,2024,360,0,0,360,0,1.0,0.0
54776367,2024,360,360,0,0,0,0.0,1.0
54776375,2024,360,0,180,180,0,0.5,0.5
54776377,2024,360,360,0,0,0,0.0,1.0
54776379,2024,360,0,0,360,0,1.0,0.0
54776385,2024,180,180,0,0,0,0.0,1.0
54776393,2024,360,0,0,360,0,1.0,0.0
54776395,2024,360,180,0,180,0,0.5,0.5
54776397,2024,1080,180,0,900,0,0.8333333333333334,0.16666666666666666
54776401,2024,360,0,0,360,0,1.0,0.0
54776403,2024,360,360,0,0,0,0.0,1.0
54776405,2024,360,360,0,0,0,0.0,1.0
54776407,2024,360,0,0,360,0,1.0,0.0
54776419,2024,360,0,0,360,0,1.0,0.0
54776421,2024,360,0,0,360,0,1.0,0.0
54776435,2024,360,180,0,0,180,0.5,0.5
54776437,2024,360,180,0,180,0,0.5,0.5
54776439,2024,360,0,180,180,0,0.5,0.5
54776441,2024,360,180,180,0,0,0.0,1.0
54776467,2024,360,0,0,360,0,1.0,0.0
54776469,2024,360,0,0,360,0,1.0,0.0
54776473,2024,360,0,0,360,0,1.0,0.0
54776475,2024,1440,720,0,720,0,0.5,0.5
54776483,2024,360,0,0,360,0,1.0,0.0
54776485,2024,360,0,0,360,0,1.0,0.0
54776493,2024,360,0,0,360,0,1.0,0.0
54776495,2024,360,360,0,0,0,0.0,1.0
54776497,2024,360,0,0,360,0,1.0,0.0
54776503,2024,180,0,0,180,0,1.0,0.0
54776515,2024,720,540,0,180,0,0.25,0.75
54776517,2024,360,0,0,360,0,1.0,0.0
54776519,2024,360,0,0,360,0,1.0,0.0
54776527,2024,1080,180,0,900,0,0.8333333333333334,0.16666666666666666
54776529,2024,360,0,0,360,0,1.0,0.0
54776535,2024,360,180,0,180,0,0.5,0.5
54776541,2024,360,0,0,360,0,1.0,0.0
54776553,2024,360,0,0,360,0,1.0,0.0
54776555,2024,360,0,0,360,0,1.0,0.0
54776561,2024,180,0,0,180,0,1.0,0.0
54776577,2024,360,180,0,180,0,0.5,0.5
54776579,2024,360,0,180,180,0,0.5,0.5
54776585,2024,1080,360,0,720,0,0.6666666666666666,0.3333333333333333
54776589,2024,360,0,180,180,0,0.5,0.5
54776593,2024,360,180,0,180,0,0.5,0.5
54776599,2024,1080,720,0,360,0,0.3333333333333333,0.6666666666666666
54776613,2024,360,180,0,180,0,0.5,0.5
54776615,2024,720,720,0,0,0,0.0,1.0
54776619,2024,1440,720,0,720,0,0.5,0.5
54776627,2024,360,180,0,180,0,0.5,0.5
54776629,2024,360,180,0,180,0,0.5,0.5
54776635,2024,360,0,0,360,0,1.0,0.0
54776637,2024,360,0,0,360,0,1.0,0.0
56653318,2024,180,180,0,0,0,0.0,1.0
56653363,2024,180,180,0,0,0,0.0,1.0
56653377,2024,180,180,0,0,0,0.0,1.0
56653460,2024,180,0,0,0,180,1.0,0.0
56653574,2024,180,180,0,0,0,0.0,1.0
56657199,2024,180,180,0,0,0,0.0,1.0
56657242,2024,180,0,0,180,0,1.0,0.0
56657246,2024,180,0,0,180,0,1.0,0.0
56661028,2024,360,195,15,75,75,0.4166666666666667,0.5833333333333334
56661034,2024,360,225,30,45,60,0.2916666666666667,0.7083333333333334
56661038,2024,360,225,15,15,105,0.3333333333333333,0.6666666666666666
56661044,2024,360,150,90,90,30,0.3333333333333333,0.6666666666666666
56661046,2024,360,210,30,105,15,0.3333333333333333,0.6666666666666666
56661048,2024,360,105,75,60,120,0.5,0.5
56661050,2024,360,225,15,45,75,0.3333333333333333,0.6666666666666666
56661054,2024,360,90,75,195,0,0.5416666666666666,0.4583333333333333
56661056,2024,360,150,45,120,45,0.4583333333333333,0.5416666666666666
56661060,2024,360,270,15,75,0,0.20833333333333334,0.7916666666666666
56661062,2024,360,165,90,105,0,0.2916666666666667,0.7083333333333334
56661064,2024,360,270,0,60,30,0.25,0.75
56661068,2024,360,60,75,210,15,0.625,0.375
56661074,2024,540,300,90,105,45,0.2777777777777778,0.7222222222222222
56661076,2024,360,45,210,45,60,0.2916666666666667,0.7083333333333334
56661078,2024,360,60,135,150,15,0.4583333333333333,0.5416666666666666
56661080,2024,360,225,45,15,75,0.25,0.75
56661082,2024,360,60,180,105,15,0.3333333333333333,0.6666666666666666
56661084,2024,360,105,105,120,30,0.4166666666666667,0.5833333333333334
56661086,2024,135,135,0,0,0,0.0,1.0
56661094,2024,360,180,15,150,15,0.4583333333333333,0.5416666666666666
56661102,2024,360,195,15,105,45,0.4166666666666667,0.5833333333333334
56661106,2024,360,90,45,180,45,0.625,0.375
56661110,2024,360,60,90,150,60,0.5833333333333334,0.4166666666666667
56661112,2024,360,180,30,120,30,0.4166666666666667,0.5833333333333334
56661114,2024,360,270,0,60,30,0.25,0.75
56661116,2024,360,135,90,135,0,0.375,0.625
58836604,2024,180,180,0,0,0,0.0,1.0
58836660,2024,180,0,0,180,0,1.0,0.0
58836664,2024,180,180,0,0,0,0.0,1.0
58836811,2024,180,180,0,0,0,0.0,1.0
58856937,2024,180,144,0,0,36,0.2,0.8
58856954,2024,180,180,0,0,0,0.0,1.0
58856957,2024,180,108,0,36,36,0.4,0.6
58856960,2024,180,144,0,0,36,0.2,0.8
58856966,2024,180,180,0,0,0,0.0,1.0
58856971,2024,180,36,72,0,72,0.4,0.6
58856974,2024,180,144,0,0,36,0.2,0.8
58856979,2024,180,144,0,0,36,0.2,0.8
58856987,2024,180,72,72,0,36,0.2,0.8
58856997,2024,180,144,0,36,0,0.2,0.8
58857003,2024,180,108,0,72,0,0.4,0.6
58857009,2024,180,144,0,0,36,0.2,0.8
58857011,2024,180,144,0,0,36,0.2,0.8
58857013,2024,180,144,36,0,0,0.0,1.0
58857022,2024,180,144,0,36,0,0.2,0.8
58857026,2024,180,144,0,0,36,0.2,0.8
58857028,2024,180,144,0,0,36,0.2,0.8
58857036,2024,180,108,36,0,36,0.2,0.8
58857038,2024,180,72,36,72,0,0.4,0.6
58857041,2024,180,108,0,36,36,0.4,0.6
58857043,2024,180,144,0,0,36,0.2,0.8
58857045,2024,180,36,0,108,36,0.8,0.2
58857050,2024,180,144,36,0,0,0.0,1.0
59067556,2024,180,180,0,0,0,0.0,1.0
59067588,2024,180,180,0,0,0,0.0,1.0
59074200,2024,180,0,0,180,0,1.0,0.0
62439602,2024,180,180,0,0,0,0.0,1.0
62439626,2024,180,180,0,0,0,0.0,1.0
62439642,2024,180,180,0,0,0,0.0,1.0
62468628,2024,180,180,0,0,0,0.0,1.0
62468646,2024,180,180,0,0,0,0.0,1.0
62915720,2024,180,180,0,0,0,0.0,1.0
62915743,2024,180,180,0,0,0,0.0,1.0
62915783,2024,180,180,0,0,0,0.0,1.0
63060121,2024,540,504,0,36,0,0.06666666666666667,0.9333333333333333
63060123,2024,180,144,0,0,36,0.2,0.8
63060129,2024,180,144,0,0,36,0.2,0.8
63060138,2024,540,468,0,36,36,0.13333333333333333,0.8666666666666667
63060141,2024,180,72,72,0,36,0.2,0.8
63060149,2024,180,180,0,0,0,0.0,1.0
63060152,2024,180,144,0,0,36,0.2,0.8
63060157,2024,180,144,0,0,36,0.2,0.8
63060159,2024,180,72,36,72,0,0.4,0.6
63060162,2024,180,144,0,36,0,0.2,0.8
63060164,2024,180,144,0,0,36,0.2,0.8
63060170,2024,180,36,72,0,72,0.4,0.6
63060183,2024,180,108,0,72,0,0.4,0.6
63060191,2024,180,144,0,0,36,0.2,0.8
63060194,2024,180,108,0,36,36,0.4,0.6
63060208,2024,180,108,36,0,36,0.2,0.8
63060212,2024,180,144,0,0,36,0.2,0.8
63060219,2024,180,144,0,0,36,0.2,0.8
63060230,2024,180,36,0,108,36,0.8,0.2
63060246,2024,180,144,36,0,0,0.0,1.0
63060250,2024,180,144,0,0,36,0.2,0.8
63060255,2024,180,180,0,0,0,0.0,1.0
63060259,2024,180,144,36,0,0,0.0,1.0
63066205,2024,360,120,90,105,45,0.4166666666666667,0.5833333333333334
63066207,2024,360,90,75,195,0,0.5416666666666666,0.4583333333333333
63066209,2024,360,180,15,150,15,0.4583333333333333,0.5416666666666666
63066211,2024,360,135,90,135,0,0.375,0.625
63066213,2024,360,105,105,120,30,0.4166666666666667,0.5833333333333334
63066217,2024,360,165,90,105,0,0.2916666666666667,0.7083333333333334
63066219,2024,360,150,90,90,30,0.3333333333333333,0.6666666666666666
63066223,2024,360,45,210,45,60,0.2916666666666667,0.7083333333333334
63066225,2024,360,60,180,105,15,0.3333333333333333,0.6666666666666666
63066233,2024,360,195,15,105,45,0.4166666666666667,0.5833333333333334
63066239,2024,360,210,30,105,15,0.3333333333333333,0.6666666666666666
63066243,2024,360,105,75,60,120,0.5,0.5
63066245,2024,360,225,45,15,75,0.25,0.75
63066247,2024,540,405,15,45,75,0.2222222222222222,0.7777777777777778
63066249,2024,360,270,0,60,30,0.25,0.75
63066251,2024,360,270,0,60,30,0.25,0.75
63066253,2024,360,60,90,150,60,0.5833333333333334,0.4166666666666667
63066255,2024,360,150,45,120,45,0.4583333333333333,0.5416666666666666
63066261,2024,360,60,75,210,15,0.625,0.375
63066263,2024,135,135,0,0,0,0.0,1.0
63066267,2024,360,225,30,45,60,0.2916666666666667,0.7083333333333334
63066269,2024,360,225,15,15,105,0.3333333333333333,0.6666666666666666
63066279,2024,360,60,135,150,15,0.4583333333333333,0.5416666666666666
63066281,2024,360,90,45,180,45,0.625,0.375
63066283,2024,360,180,30,120,30,0.4166666666666667,0.5833333333333334
63066285,2024,360,270,15,75,0,0.20833333333333334,0.7916666666666666
63066289,2024,360,195,15,75,75,0.4166666666666667,0.5833333333333334
64768899,2024,180,180,0,0,0,0.0,1.0
64768931,2024,180,180,0,0,0,0.0,1.0
64768962,2024,180,180,0,0,0,0.0,1.0
64769003,2024,180,180,0,0,0,0.0,1.0
64769009,2024,360,360,0,0,0,0.0,1.0
64769032,2024,180,180,0,0,0,0.0,1.0
64769108,2024,180,180,0,0,0,0.0,1.0
64769140,2024,180,180,0,0,0,0.0,1.0
64769178,2024,180,180,0,0,0,0.0,1.0
65024773,2024,1080,720,360,0,0,0.0,1.0
65024776,2024,360,0,360,0,0,0.0,1.0
65024787,2024,720,180,180,360,0,0.5,0.5
65024793,2024,360,180,0,180,0,0.5,0.5
65024797,2024,360,360,0,0,0,0.0,1.0
65024802,2024,1440,720,0,720,0,0.5,0.5
65025152,2024,180,180,0,0,0,0.0,1.0
65025196,2024,540,360,0,180,0,0.3333333333333333,0.6666666666666666
65025222,2024,360,180,0,180,0,0.5,0.5
65025302,2024,900,720,0,180,0,0.2,0.8
65025320,2024,180,0,0,180,0,1.0,0.0
65025392,2024,900,720,0,180,0,0.2,0.8
65114001,2024,180,0,0,180,0,1.0,0.0
65114041,2024,180,0,0,180,0,1.0,0.0
65115082,2024,540,540,0,0,0,0.0,1.0
65508280,2024,180,180,0,0,0,0.0,1.0
65508317,2024,360,360,0,0,0,0.0,1.0
68621334,2024,180,180,0,0,0,0.0,1.0
68621336,2024,180,180,0,0,0,0.0,1.0
68621346,2024,180,180,0,0,0,0.0,1.0
68621385,2024,180,180,0,0,0,0.0,1.0
68621409,2024,180,180,0,0,0,0.0,1.0
68621427,2024,180,180,0,0,0,0.0,1.0
68621429,2024,180,180,0,0,0,0.0,1.0
68621441,2024,180,180,0,0,0,0.0,1.0
68621443,2024,180,180,0,0,0,0.0,1.0
68621445,2024,180,180,0,0,0,0.0,1.0
68621449,2024,180,180,0,0,0,0.0,1.0
68621467,2024,180,180,0,0,0,0.0,1.0
68728147,2024,360,225,15,15,105,0.3333333333333333,0.6666666666666666
68728149,2024,540,330,90,90,30,0.2222222222222222,0.7777777777777778
68728151,2024,180,180,0,0,0,0.0,1.0
68728157,2024,360,165,90,105,0,0.2916666666666667,0.7083333333333334
68728159,2024,540,60,75,390,15,0.75,0.25
68728163,2024,360,120,90,105,45,0.4166666666666667,0.5833333333333334
68728167,2024,540,225,210,45,60,0.19444444444444445,0.8055555555555556
68728169,2024,540,240,180,105,15,0.2222222222222222,0.7777777777777778
68728173,2024,360,225,45,15,75,0.25,0.75
68728179,2024,540,405,30,45,60,0.19444444444444445,0.8055555555555556
68728181,2024,360,180,15,150,15,0.4583333333333333,0.5416666666666666
68728183,2024,360,195,15,105,45,0.4166666666666667,0.5833333333333334
68728189,2024,180,180,0,0,0,0.0,1.0
68728191,2024,540,240,90,150,60,0.3888888888888889,0.6111111111111112
68728193,2024,540,270,0,240,30,0.5,0.5
68728195,2024,540,390,30,105,15,0.2222222222222222,0.7777777777777778
68728197,2024,360,225,15,45,75,0.3333333333333333,0.6666666666666666
68728199,2024,540,285,75,60,120,0.3333333333333333,0.6666666666666666
68728201,2024,360,270,0,60,30,0.25,0.75
68728205,2024,180,180,0,0,0,0.0,1.0
68728207,2024,540,270,75,195,0,0.3611111111111111,0.6388888888888888
68728209,2024,540,240,135,150,15,0.3055555555555556,0.6944444444444444
68728211,2024,360,105,105,120,30,0.4166666666666667,0.5833333333333334
68728213,2024,540,315,90,135,0,0.25,0.75
68728215,2024,540,270,45,180,45,0.4166666666666667,0.5833333333333334
68728217,2024,540,330,45,120,45,0.3055555555555556,0.6944444444444444
68728221,2024,360,270,15,75,0,0.20833333333333334,0.7916666666666666
68728229,2024,315,135,0,180,0,0.5714285714285714,0.42857142857142855
68728231,2024,180,180,0,0,0,0.0,1.0
68728233,2024,540,375,15,75,75,0.2777777777777778,0.7222222222222222
68728235,2024,360,180,30,120,30,0.4166666666666667,0.5833333333333334
68744074,2024,180,144,0,36,0,0.2,0.8
68744077,2024,180,108,0,36,36,0.4,0.6
68744083,2024,180,144,0,0,36,0.2,0.8
68744089,2024,360,360,0,0,0,0.0,1.0
68744097,2024,180,72,36,72,0,0.4,0.6
68744104,2024,180,144,0,0,36,0.2,0.8
68744112,2024,180,72,72,0,36,0.2,0.8
68744117,2024,180,144,0,0,36,0.2,0.8
68744122,2024,180,108,0,36,36,0.4,0.6
68744131,2024,180,144,36,0,0,0.0,1.0
68744137,2024,180,144,0,0,36,0.2,0.8
68744150,2024,180,144,0,0,36,0.2,0.8
68744158,2024,180,144,0,36,0,0.2,0.8
68744162,2024,180,144,36,0,0,0.0,1.0
68744166,2024,180,180,0,0,0,0.0,1.0
68744171,2024,180,144,0,0,36,0.2,0.8
68744176,2024,180,144,0,0,36,0.2,0.8
68744183,2024,180,36,0,108,36,0.8,0.2
68744188,2024,180,144,0,0,36,0.2,0.8
68744204,2024,180,108,36,0,36,0.2,0.8
68744208,2024,180,144,0,0,36,0.2,0.8
68744211,2024,180,36,72,0,72,0.4,0.6
68744218,2024,180,108,0,72,0,0.4,0.6
68805072,2024,180,0,0,0,180,1.0,0.0
68805114,2024,180,0,0,0,180,1.0,0.0
68810220,2024,1080,1080,0,0,0,0.0,1.0
68810223,2024,360,360,0,0,0,0.0,1.0
68810228,2024,360,180,0,180,0,0.5,0.5
68810231,2024,540,540,0,0,0,0.0,1.0
68810234,2024,360,360,0,0,0,0.0,1.0
68811143,2024,180,180,0,0,0,0.0,1.0
68811151,2024,180,180,0,0,0,0.0,1.0
68887686,2024,180,180,0,0,0,0.0,1.0
68887727,2024,180,180,0,0,0,0.0,1.0
68887746,2024,180,180,0,0,0,0.0,1.0
68887752,2024,180,180,0,0,0,0.0,1.0
68887787,2024,180,180,0,0,0,0.0,1.0
68887798,2024,180,180,0,0,0,0.0,1.0
68887802,2024,180,180,0,0,0,0.0,1.0
68887804,2024,180,180,0,0,0,0.0,1.0
68887814,2024,180,180,0,0,0,0.0,1.0
68887824,2024,180,180,0,0,0,0.0,1.0
68887832,2024,180,180,0,0,0,0.0,1.0
68887836,2024,180,0,0,180,0,1.0,0.0
68887842,2024,180,180,0,0,0,0.0,1.0
68887846,2024,180,180,0,0,0,0.0,1.0
68887870,2024,180,180,0,0,0,0.0,1.0
68887876,2024,180,180,0,0,0,0.0,1.0
68887896,2024,180,180,0,0,0,0.0,1.0
68887900,2024,180,180,0,0,0,0.0,1.0
68887902,2024,180,180,0,0,0,0.0,1.0
68887912,2024,360,360,0,0,0,0.0,1.0
68909932,2024,180,180,0,0,0,0.0,1.0
68937978,2024,180,0,180,0,0,0.0,1.0
68937980,2024,180,0,0,180,0,1.0,0.0
69019738,2024,180,0,0,180,0,1.0,0.0
69019740,2024,180,0,180,0,0,0.0,1.0
69019742,2024,180,0,0,180,0,1.0,0.0
69019744,2024,180,0,180,0,0,0.0,1.0
69019746,2024,180,0,0,0,180,1.0,0.0
69019748,2024,180,0,0,180,0,1.0,0.0
69019750,2024,180,180,0,0,0,0.0,1.0
69019752,2024,180,180,0,0,0,0.0,1.0
69019754,2024,180,0,0,180,0,1.0,0.0
69019756,2024,180,0,0,180,0,1.0,0.0
69019758,2024,180,0,0,180,0,1.0,0.0
69019760,2024,180,0,0,180,0,1.0,0.0
69019762,2024,180,0,180,0,0,0.0,1.0
69019764,2024,180,180,0,0,0,0.0,1.0
69019766,2024,180,0,0,180,0,1.0,0.0
69019768,2024,180,180,0,0,0,0.0,1.0
69019770,2024,180,0,0,180,0,1.0,0.0
69019772,2024,180,0,0,180,0,1.0,0.0
69019774,2024,180,0,0,180,0,1.0,0.0
69019776,2024,180,0,0,180,0,1.0,0.0
69019778,2024,180,0,0,180,0,1.0,0.0
69019780,2024,180,0,180,0,0,0.0,1.0
69124030,2024,360,0,0,360,0,1.0,0.0
69124048,2024,180,0,0,180,0,1.0,0.0
69124052,2024,180,180,0,0,0,0.0,1.0
69124058,2024,180,180,0,0,0,0.0,1.0
69124060,2024,180,180,0,0,0,0.0,1.0
69124062,2024,180,180,0,0,0,0.0,1.0
69124066,2024,180,180,0,0,0,0.0,1.0
69348621,2024,180,0,0,0,180,1.0,0.0
69448413,2024,180,180,0,0,0,0.0,1.0
69448416,2024,180,180,0,0,0,0.0,1.0
69448419,2024,180,180,0,0,0,0.0,1.0
69448422,2024,180,180,0,0,0,0.0,1.0
69448425,2024,180,180,0,0,0,0.0,1.0
69448428,2024,180,180,0,0,0,0.0,1.0
69448431,2024,180,180,0,0,0,0.0,1.0
69448435,2024,180,180,0,0,0,0.0,1.0
69448438,2024,180,180,0,0,0,0.0,1.0
69448441,2024,180,180,0,0,0,0.0,1.0
69448451,2024,180,180,0,0,0,0.0,1.0
69448454,2024,180,180,0,0,0,0.0,1.0
69448457,2024,180,180,0,0,0,0.0,1.0
69448462,2024,180,180,0,0,0,0.0,1.0
69448465,2024,180,180,0,0,0,0.0,1.0
69448470,2024,180,180,0,0,0,0.0,1.0
69448474,2024,180,180,0,0,0,0.0,1.0
69448480,2024,180,180,0,0,0,0.0,1.0
69448485,2024,180,180,0,0,0,0.0,1.0
69448487,2024,180,180,0,0,0,0.0,1.0
69448489,2024,180,180,0,0,0,0.0,1.0
69462048,2024,180,180,0,0,0,0.0,1.0
69462214,2024,180,180,0,0,0,0.0,1.0
69462224,2024,180,180,0,0,0,0.0,1.0
69465155,2024,180,180,0,0,0,0.0,1.0
72080496,2024,540,540,0,0,0,0.0,1.0
72080498,2024,540,540,0,0,0,0.0,1.0
72104330,2024,180,180,0,0,0,0.0,1.0
72104332,2024,180,180,0,0,0,0.0,1.0
72104334,2024,180,180,0,0,0,0.0,1.0
72104336,2024,180,180,0,0,0,0.0,1.0
72104338,2024,180,180,0,0,0,0.0,1.0
72104340,2024,180,180,0,0,0,0.0,1.0
72104342,2024,180,180,0,0,0,0.0,1.0
72104344,2024,180,180,0,0,0,0.0,1.0
72104346,2024,180,180,0,0,0,0.0,1.0
72104348,2024,180,180,0,0,0,0.0,1.0
72104350,2024,180,180,0,0,0,0.0,1.0
72104352,2024,180,180,0,0,0,0.0,1.0
72104354,2024,180,180,0,0,0,0.0,1.0
72104356,2024,180,180,0,0,0,0.0,1.0
72104358,2024,180,180,0,0,0,0.0,1.0
72104360,2024,180,180,0,0,0,0.0,1.0
72104362,2024,180,180,0,0,0,0.0,1.0
72104364,2024,180,180,0,0,0,0.0,1.0
72104366,2024,180,180,0,0,0,0.0,1.0
72104368,2024,180,180,0,0,0,0.0,1.0
72104370,2024,180,180,0,0,0,0.0,1.0
72104372,2024,180,180,0,0,0,0.0,1.0
72104374,2024,180,180,0,0,0,0.0,1.0
72104376,2024,180,180,0,0,0,0.0,1.0
72104378,2024,180,180,0,0,0,0.0,1.0
72104380,2024,180,180,0,0,0,0.0,1.0
72104382,2024,180,180,0,0,0,0.0,1.0
72104384,2024,180,180,0,0,0,0.0,1.0
72104386,2024,180,180,0,0,0,0.0,1.0
72104388,2024,180,180,0,0,0,0.0,1.0
72104390,2024,180,180,0,0,0,0.0,1.0
72104392,2024,180,180,0,0,0,0.0,1.0
72104394,2024,180,180,0,0,0,0.0,1.0
72104396,2024,180,180,0,0,0,0.0,1.0
72110283,2024,180,180,0,0,0,0.0,1.0
72110383,2024,180,180,0,0,0,0.0,1.0
72110387,2024,180,0,0,0,180,1.0,0.0
72110412,2024,180,180,0,0,0,0.0,1.0
72110435,2024,180,180,0,0,0,0.0,1.0
72110454,2024,180,180,0,0,0,0.0,1.0
72110530,2024,180,180,0,0,0,0.0,1.0
72110566,2024,180,180,0,0,0,0.0,1.0
72110570,2024,180,180,0,0,0,0.0,1.0
72110572,2024,180,0,0,180,0,1.0,0.0
72110636,2024,180,180,0,0,0,0.0,1.0
72110646,2024,180,180,0,0,0,0.0,1.0
72110660,2024,180,180,0,0,0,0.0,1.0
72110682,2024,180,0,0,180,0,1.0,0.0
72110694,2024,180,180,0,0,0,0.0,1.0
72163948,2024,720,540,0,180,0,0.25,0.75
72163952,2024,540,180,0,360,0,0.6666666666666666,0.3333333333333333
72163954,2024,180,180,0,0,0,0.0,1.0
72166797,2024,180,180,0,0,0,0.0,1.0
72166799,2024,180,180,0,0,0,0.0,1.0
72166802,2024,180,180,0,0,0,0.0,1.0
72166807,2024,180,180,0,0,0,0.0,1.0
72166809,2024,180,180,0,0,0,0.0,1.0
72166816,2024,180,180,0,0,0,0.0,1.0
72166821,2024,180,180,0,0,0,0.0,1.0
72166823,2024,180,180,0,0,0,0.0,1.0
72166827,2024,180,180,0,0,0,0.0,1.0
72166829,2024,180,180,0,0,0,0.0,1.0
72166838,2024,180,180,0,0,0,0.0,1.0
72166841,2024,180,180,0,0,0,0.0,1.0
72166843,2024,180,180,0,0,0,0.0,1.0
72166845,2024,180,180,0,0,0,0.0,1.0
72166847,2024,180,180,0,0,0,0.0,1.0
72166849,2024,180,180,0,0,0,0.0,1.0
72166851,2024,180,180,0,0,0,0.0,1.0
72166857,2024,180,0,0,180,0,1.0,0.0
72166859,2024,180,180,0,0,0,0.0,1.0
72166862,2024,180,180,0,0,0,0.0,1.0
72166864,2024,180,180,0,0,0,0.0,1.0
72166868,2024,180,180,0,0,0,0.0,1.0
72166872,2024,180,180,0,0,0,0.0,1.0
72166874,2024,180,180,0,0,0,0.0,1.0
72166876,2024,180,0,0,180,0,1.0,0.0
72166880,2024,180,180,0,0,0,0.0,1.0
72166884,2024,180,180,0,0,0,0.0,1.0
72166888,2024,180,180,0,0,0,0.0,1.0
72166894,2024,180,180,0,0,0,0.0,1.0
72166896,2024,180,180,0,0,0,0.0,1.0
72166898,2024,180,180,0,0,0,0.0,1.0
72166900,2024,180,180,0,0,0,0.0,1.0
72166902,2024,180,180,0,0,0,0.0,1.0
72166904,2024,180,180,0,0,0,0.0,1.0
72166906,2024,180,180,0,0,0,0.0,1.0
72166910,2024,180,180,0,0,0,0.0,1.0
72166914,2024,180,180,0,0,0,0.0,1.0
72166916,2024,180,180,0,0,0,0.0,1.0
72166920,2024,180,0,0,180,0,1.0,0.0
72166926,2024,180,180,0,0,0,0.0,1.0
72166930,2024,180,180,0,0,0,0.0,1.0
72166932,2024,180,180,0,0,0,0.0,1.0
72166934,2024,180,180,0,0,0,0.0,1.0
72166936,2024,180,180,0,0,0,0.0,1.0
72166938,2024,180,0,0,180,0,1.0,0.0
72166941,2024,180,0,0,180,0,1.0,0.0
72166943,2024,180,180,0,0,0,0.0,1.0
72166947,2024,180,180,0,0,0,0.0,1.0
72166949,2024,180,180,0,0,0,0.0,1.0
72166951,2024,180,0,0,180,0,1.0,0.0
72166953,2024,180,180,0,0,0,0.0,1.0
72166955,2024,180,180,0,0,0,0.0,1.0
72166961,2024,180,180,0,0,0,0.0,1.0
72166963,2024,180,180,0,0,0,0.0,1.0
72166965,2024,180,180,0,0,0,0.0,1.0
73897529,2024,180,180,0,0,0,0.0,1.0
73897531,2024,180,180,0,0,0,0.0,1.0
73897537,2024,180,180,0,0,0,0.0,1.0
73897539,2024,180,180,0,0,0,0.0,1.0
73897541,2024,180,180,0,0,0,0.0,1.0
74795271,2024,180,180,0,0,0,0.0,1.0
74795274,2024,180,180,0,0,0,0.0,1.0
74795277,2024,360,360,0,0,0,0.0,1.0
74795280,2024,180,0,0,180,0,1.0,0.0
74795284,2024,180,180,0,0,0,0.0,1.0
74795286,2024,180,180,0,0,0,0.0,1.0
74795288,2024,180,180,0,0,0,0.0,1.0
74795290,2024,180,180,0,0,0,0.0,1.0
74795296,2024,180,180,0,0,0,0.0,1.0
74795299,2024,360,360,0,0,0,0.0,1.0
74795301,2024,180,180,0,0,0,0.0,1.0
74795319,2024,360,360,0,0,0,0.0,1.0
74795321,2024,180,180,0,0,0,0.0,1.0
74795323,2024,180,180,0,0,0,0.0,1.0
74795325,2024,180,180,0,0,0,0.0,1.0
74795327,2024,180,180,0,0,0,0.0,1.0
74795334,2024,180,180,0,0,0,0.0,1.0
74795337,2024,180,180,0,0,0,0.0,1.0
74795339,2024,180,180,0,0,0,0.0,1.0
74795341,2024,180,180,0,0,0,0.0,1.0
74795345,2024,180,180,0,0,0,0.0,1.0
74795347,2024,180,180,0,0,0,0.0,1.0
74795349,2024,180,180,0,0,0,0.0,1.0
74795353,2024,180,180,0,0,0,0.0,1.0
74795355,2024,360,360,0,0,0,0.0,1.0
74795358,2024,180,180,0,0,0,0.0,1.0
74795360,2024,180,180,0,0,0,0.0,1.0
74795362,2024,180,180,0,0,0,0.0,1.0
74795364,2024,180,180,0,0,0,0.0,1.0
74795373,2024,180,180,0,0,0,0.0,1.0
74795375,2024,180,180,0,0,0,0.0,1.0
74795377,2024,180,180,0,0,0,0.0,1.0
74795379,2024,180,180,0,0,0,0.0,1.0
74795381,2024,180,180,0,0,0,0.0,1.0
74795387,2024,180,180,0,0,0,0.0,1.0
74795390,2024,180,180,0,0,0,0.0,1.0
74795393,2024,180,180,0,0,0,0.0,1.0
74795395,2024,180,180,0,0,0,0.0,1.0
74795401,2024,180,180,0,0,0,0.0,1.0
74795404,2024,180,180,0,0,0,0.0,1.0
74795406,2024,180,180,0,0,0,0.0,1.0
74795416,2024,180,180,0,0,0,0.0,1.0
74795422,2024,180,180,0,0,0,0.0,1.0
74795430,2024,180,180,0,0,0,0.0,1.0
74795432,2024,360,360,0,0,0,0.0,1.0
74795446,2024,180,180,0,0,0,0.0,1.0
74795448,2024,180,180,0,0,0,0.0,1.0
74795454,2024,180,180,0,0,0,0.0,1.0
74795456,2024,180,180,0,0,0,0.0,1.0
74795459,2024,180,180,0,0,0,0.0,1.0
74795461,2024,180,180,0,0,0,0.0,1.0
74795463,2024,180,180,0,0,0,0.0,1.0
74795465,2024,180,180,0,0,0,0.0,1.0
74795467,2024,540,540,0,0,0,0.0,1.0
74795471,2024,180,180,0,0,0,0.0,1.0
74795473,2024,180,180,0,0,0,0.0,1.0
74795475,2024,180,180,0,0,0,0.0,1.0
74795481,2024,180,180,0,0,0,0.0,1.0
74795483,2024,180,180,0,0,0,0.0,1.0
74795485,2024,180,180,0,0,0,0.0,1.0
74795489,2024,180,180,0,0,0,0.0,1.0
74795497,2024,180,180,0,0,0,0.0,1.0
74795499,2024,180,180,0,0,0,0.0,1.0
74795501,2024,180,180,0,0,0,0.0,1.0
74795505,2024,180,180,0,0,0,0.0,1.0
74795507,2024,180,180,0,0,0,0.0,1.0
74795515,2024,180,180,0,0,0,0.0,1.0
74795519,2024,180,180,0,0,0,0.0,1.0
74795521,2024,180,180,0,0,0,0.0,1.0
74795523,2024,180,180,0,0,0,0.0,1.0
74795525,2024,180,180,0,0,0,0.0,1.0
74795527,2024,180,180,0,0,0,0.0,1.0
74795539,2024,180,180,0,0,0,0.0,1.0
74795541,2024,360,360,0,0,0,0.0,1.0
74795545,2024,180,180,0,0,0,0.0,1.0
74795573,2024,180,180,0,0,0,0.0,1.0
74795585,2024,180,180,0,0,0,0.0,1.0
75572980,2024,180,0,0,0,180,1.0,0.0
75573031,2024,180,0,0,0,180,1.0,0.0
75573065,2024,180,0,0,0,180,1.0,0.0
75573147,2024,540,144,0,360,36,0.7333333333333333,0.26666666666666666
75573150,2024,180,144,0,36,0,0.2,0.8
75573158,2024,540,252,36,252,0,0.4666666666666667,0.5333333333333333
75573164,2024,540,504,36,0,0,0.0,1.0
75573167,2024,540,468,36,0,36,0.06666666666666667,0.9333333333333333
75573170,2024,540,324,0,180,36,0.4,0.6
75573173,2024,540,468,0,36,36,0.13333333333333333,0.8666666666666667
75573176,2024,540,144,0,360,36,0.7333333333333333,0.26666666666666666
75573187,2024,540,288,0,252,0,0.4666666666666667,0.5333333333333333
75573190,2024,540,396,0,108,36,0.26666666666666666,0.7333333333333333
75573195,2024,540,504,0,0,36,0.06666666666666667,0.9333333333333333
75573198,2024,540,504,0,0,36,0.06666666666666667,0.9333333333333333
75573200,2024,720,504,0,180,36,0.3,0.7
75573206,2024,540,144,0,360,36,0.7333333333333333,0.26666666666666666
75573209,2024,540,144,36,360,0,0.6666666666666666,0.3333333333333333
75573212,2024,540,432,72,0,36,0.06666666666666667,0.9333333333333333
75573217,2024,180,108,0,36,36,0.4,0.6
75573224,2024,540,324,0,180,36,0.4,0.6
75573227,2024,180,180,0,0,0,0.0,1.0
75573238,2024,540,504,0,0,36,0.06666666666666667,0.9333333333333333
75573245,2024,540,540,0,0,0,0.0,1.0
75573250,2024,540,144,0,396,0,0.7333333333333333,0.26666666666666666
75573261,2024,540,396,72,0,72,0.13333333333333333,0.8666666666666667
75655203,2024,360,0,0,360,0,1.0,0.0
75655209,2024,360,0,0,360,0,1.0,0.0
75655211,2024,720,720,0,0,0,0.0,1.0
75655213,2024,180,180,0,0,0,0.0,1.0
75655215,2024,360,360,0,0,0,0.0,1.0
75655217,2024,180,180,0,0,0,0.0,1.0
75655219,2024,360,360,0,0,0,0.0,1.0
75655221,2024,180,180,0,0,0,0.0,1.0
75655225,2024,180,180,0,0,0,0.0,1.0
75655231,2024,180,180,0,0,0,0.0,1.0
75655233,2024,360,360,0,0,0,0.0,1.0
75655235,2024,360,360,0,0,0,0.0,1.0
75655239,2024,360,0,0,360,0,1.0,0.0
75655243,2024,360,360,0,0,0,0.0,1.0
75655245,2024,180,180,0,0,0,0.0,1.0
75655247,2024,360,0,0,360,0,1.0,0.0
75655249,2024,180,180,0,0,0,0.0,1.0
75655251,2024,360,360,0,0,0,0.0,1.0
75655255,2024,360,360,0,0,0,0.0,1.0
75655257,2024,360,360,0,0,0,0.0,1.0
75655259,2024,360,360,0,0,0,0.0,1.0
75655263,2024,180,180,0,0,0,0.0,1.0
75655265,2024,720,720,0,0,0,0.0,1.0
75655267,2024,360,360,0,0,0,0.0,1.0
75655269,2024,360,180,0,180,0,0.5,0.5
75655271,2024,180,180,0,0,0,0.0,1.0
75655273,2024,360,360,0,0,0,0.0,1.0
75655275,2024,360,360,0,0,0,0.0,1.0
75655277,2024,180,120,0,60,0,0.3333333333333333,0.6666666666666666
75655285,2024,360,360,0,0,0,0.0,1.0
75655287,2024,180,180,0,0,0,0.0,1.0
75655289,2024,540,540,0,0,0,0.0,1.0
75655291,2024,360,360,0,0,0,0.0,1.0
75655293,2024,360,360,0,0,0,0.0,1.0
75655299,2024,360,360,0,0,0,0.0,1.0
75655301,2024,180,180,0,0,0,0.0,1.0
75655303,2024,360,360,0,0,0,0.0,1.0
75655309,2024,180,180,0,0,0,0.0,1.0
75655311,2024,360,240,60,60,0,0.16666666666666666,0.8333333333333334
75655313,2024,180,180,0,0,0,0.0,1.0
75655315,2024,360,360,0,0,0,0.0,1.0
75655317,2024,360,360,0,0,0,0.0,1.0
75655319,2024,360,360,0,0,0,0.0,1.0
75655321,2024,180,180,0,0,0,0.0,1.0
75655323,2024,360,360,0,0,0,0.0,1.0
75655325,2024,180,180,0,0,0,0.0,1.0
75655331,2024,180,180,0,0,0,0.0,1.0
75655333,2024,180,180,0,0,0,0.0,1.0
75655335,2024,360,360,0,0,0,0.0,1.0
75655339,2024,360,360,0,0,0,0.0,1.0
