job_id,view,branch,method,status,reason,calibration_months,calibration_rows,shift,isotonic_thresholds
y2025_h00_o2025-04,A,direct,shift,ok,,2023-08;2024-01;2024-07,1059,0.07758773822228338,
y2025_h00_o2025-04,B,direct,shift,ok,,2023-08;2024-01;2024-07,1059,0.07955995315054432,
y2025_h00_o2025-04,D_direct,direct,none,ok,,,0,,
y2025_h00_o2025-04,D_residual,residual,isotonic,ok,,2023-08;2024-01;2024-07,1010,,41.0
y2025_h00_o2025-04,D_residual,fallback_direct,isotonic,ok,,2023-08;2024-01;2024-07,1059,,38.0
y2025_h00_o2025-07,A,direct,shift,ok,,2023-08;2024-01;2024-07,1059,0.07758773822228338,
y2025_h00_o2025-07,B,direct,shift,ok,,2023-08;2024-01;2024-07,1059,0.07955995315054432,
y2025_h00_o2025-07,D_direct,direct,none,ok,,,0,,
y2025_h00_o2025-07,D_residual,residual,isotonic,ok,,2023-08;2024-01;2024-07,1010,,41.0
y2025_h00_o2025-07,D_residual,fallback_direct,isotonic,ok,,2023-08;2024-01;2024-07,1059,,38.0
y2025_h00_o2025-09,A,direct,shift,ok,,2023-08;2024-01;2024-07,1059,0.07758773822228338,
y2025_h00_o2025-09,B,direct,shift,ok,,2023-08;2024-01;2024-07,1059,0.07955995315054432,
y2025_h00_o2025-09,D_direct,direct,none,ok,,,0,,
y2025_h00_o2025-09,D_residual,residual,isotonic,ok,,2023-08;2024-01;2024-07,1010,,41.0
y2025_h00_o2025-09,D_residual,fallback_direct,isotonic,ok,,2023-08;2024-01;2024-07,1059,,38.0
y2025_h00_o2025-10,A,direct,shift,ok,,2023-08;2024-01;2024-07,1059,0.07758773822228338,
y2025_h00_o2025-10,B,direct,shift,ok,,2023-08;2024-01;2024-07,1059,0.07955995315054432,
y2025_h00_o2025-10,D_direct,direct,none,ok,,,0,,
y2025_h00_o2025-10,D_residual,residual,isotonic,ok,,2023-08;2024-01;2024-07,1010,,41.0
y2025_h00_o2025-10,D_residual,fallback_direct,isotonic,ok,,2023-08;2024-01;2024-07,1059,,38.0
y2026_h00_o2026-04,A,direct,isotonic,ok,,2025-07;2025-09;2025-10,972,,19.0
y2026_h00_o2026-04,B,direct,isotonic,ok,,2025-07;2025-09;2025-10,972,,13.0
y2026_h00_o2026-04,D_direct,direct,shift,ok,,2025-07;2025-09;2025-10,972,0.05491593834549312,
y2026_h00_o2026-04,D_residual,residual,shift,ok,,2025-07;2025-09;2025-10,972,0.07534984488420714,
y2026_h00_o2026-04,D_residual,fallback_direct,shift,ok,,2025-07;2025-09;2025-10,972,0.05491593834549312,
y2025_h03_o2025-01,A,direct,shift,ok,,2023-08;2024-01;2024-07,1059,0.07457606693953134,
y2025_h03_o2025-01,B,direct,shift,ok,,2023-08;2024-01;2024-07,1059,0.06321745962889493,
y2025_h03_o2025-01,C,direct,shift,ok,,2023-08;2024-01;2024-07,1059,0.0667774463580733,
y2025_h03_o2025-01,D_direct,direct,none,ok,,,0,,
y2025_h03_o2025-01,D_residual,residual,isotonic,ok,,2023-08;2024-01;2024-07,1010,,37.0
y2025_h03_o2025-01,D_residual,fallback_direct,isotonic,ok,,2023-08;2024-01;2024-07,1059,,49.0
y2025_h03_o2025-04,A,direct,shift,ok,,2023-08;2024-01;2024-07,1059,0.07457606693953134,
y2025_h03_o2025-04,B,direct,shift,ok,,2023-08;2024-01;2024-07,1059,0.06321745962889493,
y2025_h03_o2025-04,C,direct,shift,ok,,2023-08;2024-01;2024-07,1059,0.0667774463580733,
y2025_h03_o2025-04,D_direct,direct,none,ok,,,0,,
y2025_h03_o2025-04,D_residual,residual,isotonic,ok,,2023-08;2024-01;2024-07,1010,,37.0
y2025_h03_o2025-04,D_residual,fallback_direct,isotonic,ok,,2023-08;2024-01;2024-07,1059,,49.0
y2025_h03_o2025-06,A,direct,shift,ok,,2023-08;2024-01;2024-07,1059,0.07457606693953134,
y2025_h03_o2025-06,B,direct,shift,ok,,2023-08;2024-01;2024-07,1059,0.06321745962889493,
y2025_h03_o2025-06,C,direct,shift,ok,,2023-08;2024-01;2024-07,1059,0.0667774463580733,
y2025_h03_o2025-06,D_direct,direct,none,ok,,,0,,
y2025_h03_o2025-06,D_residual,residual,isotonic,ok,,2023-08;2024-01;2024-07,1010,,37.0
y2025_h03_o2025-06,D_residual,fallback_direct,isotonic,ok,,2023-08;2024-01;2024-07,1059,,49.0
y2025_h03_o2025-07,A,direct,shift,ok,,2023-08;2024-01;2024-07,1059,0.07457606693953134,
y2025_h03_o2025-07,B,direct,shift,ok,,2023-08;2024-01;2024-07,1059,0.06321745962889493,
y2025_h03_o2025-07,C,direct,shift,ok,,2023-08;2024-01;2024-07,1059,0.0667774463580733,
y2025_h03_o2025-07,D_direct,direct,none,ok,,,0,,
y2025_h03_o2025-07,D_residual,residual,isotonic,ok,,2023-08;2024-01;2024-07,1010,,37.0
y2025_h03_o2025-07,D_residual,fallback_direct,isotonic,ok,,2023-08;2024-01;2024-07,1059,,49.0
y2026_h03_o2026-01,A,direct,isotonic,ok,,2025-07;2025-09;2025-10,972,,9.0
y2026_h03_o2026-01,B,direct,isotonic,ok,,2025-07;2025-09;2025-10,972,,12.0
y2026_h03_o2026-01,C,direct,isotonic,ok,,2025-07;2025-09;2025-10,972,,10.0
y2026_h03_o2026-01,D_direct,direct,shift,ok,,2025-07;2025-09;2025-10,972,0.030786057791592162,
y2026_h03_o2026-01,D_residual,residual,shift,ok,,2025-07;2025-09;2025-10,972,-0.007208264043808338,
y2026_h03_o2026-01,D_residual,fallback_direct,shift,ok,,2025-07;2025-09;2025-10,972,0.030786057791592162,
y2025_h06_o2024-10,A,direct,shift,ok,,2023-08;2024-01;2024-07,1059,0.07982577716015328,
y2025_h06_o2024-10,B,direct,shift,ok,,2023-08;2024-01;2024-07,1059,0.0765806713145898,
y2025_h06_o2024-10,C,direct,shift,ok,,2023-08;2024-01;2024-07,1059,0.06731935824505893,
y2025_h06_o2024-10,D_direct,direct,none,ok,,,0,,
y2025_h06_o2024-10,D_residual,residual,isotonic,ok,,2023-08;2024-01;2024-07,836,,25.0
y2025_h06_o2024-10,D_residual,fallback_direct,isotonic,ok,,2023-08;2024-01;2024-07,1059,,39.0
y2025_h06_o2025-01,A,direct,shift,ok,,2023-08;2024-01;2024-07,1059,0.07982577716015328,
y2025_h06_o2025-01,B,direct,shift,ok,,2023-08;2024-01;2024-07,1059,0.0765806713145898,
y2025_h06_o2025-01,C,direct,shift,ok,,2023-08;2024-01;2024-07,1059,0.06731935824505893,
y2025_h06_o2025-01,D_direct,direct,none,ok,,,0,,
y2025_h06_o2025-01,D_residual,residual,isotonic,ok,,2023-08;2024-01;2024-07,836,,25.0
y2025_h06_o2025-01,D_residual,fallback_direct,isotonic,ok,,2023-08;2024-01;2024-07,1059,,39.0
y2025_h06_o2025-03,A,direct,shift,ok,,2023-08;2024-01;2024-07,1059,0.07982577716015328,
y2025_h06_o2025-03,B,direct,shift,ok,,2023-08;2024-01;2024-07,1059,0.0765806713145898,
y2025_h06_o2025-03,C,direct,shift,ok,,2023-08;2024-01;2024-07,1059,0.06731935824505893,
y2025_h06_o2025-03,D_direct,direct,none,ok,,,0,,
y2025_h06_o2025-03,D_residual,residual,isotonic,ok,,2023-08;2024-01;2024-07,836,,25.0
y2025_h06_o2025-03,D_residual,fallback_direct,isotonic,ok,,2023-08;2024-01;2024-07,1059,,39.0
y2025_h06_o2025-04,A,direct,shift,ok,,2023-08;2024-01;2024-07,1059,0.07982577716015328,
y2025_h06_o2025-04,B,direct,shift,ok,,2023-08;2024-01;2024-07,1059,0.0765806713145898,
y2025_h06_o2025-04,C,direct,shift,ok,,2023-08;2024-01;2024-07,1059,0.06731935824505893,
y2025_h06_o2025-04,D_direct,direct,none,ok,,,0,,
y2025_h06_o2025-04,D_residual,residual,isotonic,ok,,2023-08;2024-01;2024-07,836,,25.0
y2025_h06_o2025-04,D_residual,fallback_direct,isotonic,ok,,2023-08;2024-01;2024-07,1059,,39.0
y2026_h06_o2025-10,A,direct,isotonic,ok,,2025-07;2025-09;2025-10,972,,57.0
y2026_h06_o2025-10,B,direct,isotonic,ok,,2025-07;2025-09;2025-10,972,,28.0
y2026_h06_o2025-10,C,direct,isotonic,ok,,2025-07;2025-09;2025-10,972,,38.0
y2026_h06_o2025-10,D_direct,direct,shift,ok,,2025-07;2025-09;2025-10,972,0.01402367965276104,
y2026_h06_o2025-10,D_residual,residual,shift,ok,,2025-07;2025-09;2025-10,971,0.02483133970477865,
y2026_h06_o2025-10,D_residual,fallback_direct,shift,ok,,2025-07;2025-09;2025-10,972,0.01402367965276104,
y2025_h12_o2024-04,A,direct,shift,ok,,2023-03;2023-08;2024-01,1049,0.016281224724422835,
y2025_h12_o2024-04,B,direct,shift,ok,,2023-03;2023-08;2024-01,1049,0.010853922530144784,
y2025_h12_o2024-04,C,direct,shift,ok,,2023-03;2023-08;2024-01,1049,0.0032489711804513503,
y2025_h12_o2024-04,D_direct,direct,none,ok,,,0,,
y2025_h12_o2024-04,D_residual,residual,isotonic,ok,,2023-08;2024-01,339,,24.0
y2025_h12_o2024-04,D_residual,fallback_direct,isotonic,ok,,2023-03;2023-08;2024-01,1049,,22.0
y2025_h12_o2024-07,A,direct,shift,ok,,2023-08;2024-01;2024-07,1059,0.11118455408906126,
y2025_h12_o2024-07,B,direct,shift,ok,,2023-08;2024-01;2024-07,1059,0.11123183664142017,
y2025_h12_o2024-07,C,direct,shift,ok,,2023-08;2024-01;2024-07,1059,0.09320393581509702,
y2025_h12_o2024-07,D_direct,direct,none,ok,,,0,,
y2025_h12_o2024-07,D_residual,residual,isotonic,ok,,2023-08;2024-01;2024-07,657,,31.0
y2025_h12_o2024-07,D_residual,fallback_direct,isotonic,ok,,2023-08;2024-01;2024-07,1059,,32.0
y2025_h12_o2024-09,A,direct,shift,ok,,2023-08;2024-01;2024-07,1059,0.11118455408906126,
y2025_h12_o2024-09,B,direct,shift,ok,,2023-08;2024-01;2024-07,1059,0.11123183664142017,
y2025_h12_o2024-09,C,direct,shift,ok,,2023-08;2024-01;2024-07,1059,0.09320393581509702,
y2025_h12_o2024-09,D_direct,direct,none,ok,,,0,,
y2025_h12_o2024-09,D_residual,residual,isotonic,ok,,2023-08;2024-01;2024-07,657,,31.0
y2025_h12_o2024-09,D_residual,fallback_direct,isotonic,ok,,2023-08;2024-01;2024-07,1059,,32.0
y2025_h12_o2024-10,A,direct,shift,ok,,2023-08;2024-01;2024-07,1059,0.11118455408906126,
y2025_h12_o2024-10,B,direct,shift,ok,,2023-08;2024-01;2024-07,1059,0.11123183664142017,
y2025_h12_o2024-10,C,direct,shift,ok,,2023-08;2024-01;2024-07,1059,0.09320393581509702,
y2025_h12_o2024-10,D_direct,direct,none,ok,,,0,,
y2025_h12_o2024-10,D_residual,residual,isotonic,ok,,2023-08;2024-01;2024-07,657,,31.0
y2025_h12_o2024-10,D_residual,fallback_direct,isotonic,ok,,2023-08;2024-01;2024-07,1059,,32.0
y2026_h12_o2025-04,A,direct,isotonic,ok,,2024-01;2024-07;2025-04,1615,,26.0
y2026_h12_o2025-04,B,direct,isotonic,ok,,2024-01;2024-07;2025-04,1615,,39.0
y2026_h12_o2025-04,C,direct,isotonic,ok,,2024-01;2024-07;2025-04,1615,,20.0
y2026_h12_o2025-04,D_direct,direct,shift,ok,,2024-01;2024-07;2025-04,1615,0.10840996083644891,
y2026_h12_o2025-04,D_residual,residual,shift,ok,,2024-01;2024-07;2025-04,1372,0.1982480078372555,
y2026_h12_o2025-04,D_residual,fallback_direct,shift,ok,,2024-01;2024-07;2025-04,1615,0.10840996083644891,
