test_year,horizon,n_primary,n_wider_only,n_excluded,cohort,view,status,reason,n,n_areas,raw_r2,raw_rmse,raw_mae,raw_bias,raw_mean_truth,raw_mean_pred,final_r2,final_rmse,final_mae,final_bias,final_mean_truth,final_mean_pred,raw_auc,final_auc,final_within_month_auc,within_month_auc_months,within_month_auc_undefined_months,raw_within_month_auc,bin_f1,bin_recall,bin_precision,bin_f2,bin_tp,bin_fp,bin_fn,bin_tn,legacy_phase_accuracy,legacy_f1,legacy_recall,legacy_precision,legacy_f2,legacy_tp,legacy_fp,legacy_fn,legacy_tn,q3_binary_vs_legacy_disagreements,n_clipped,n_fallback_direct,n_residual_branch
2025,0,1876,0,0,primary,A,ok,,1876.0,904.0,-0.5807715667817699,0.1631069791213641,0.13954927964028774,0.09734303410659467,0.22492004264392326,0.3222630767505179,-0.04092813674792972,0.13235744053318702,0.11051361558785443,0.019755295884311293,0.22492004264392326,0.24467533852823445,0.5625209265863924,0.5625209265863924,0.6436993657138045,3.0,1.0,0.6436993657138045,0.6916108704214258,0.871896722939424,0.5731070496083551,0.789568345323741,878.0,654.0,129.0,215.0,0.4914712153518124,0.7020607754104087,0.9980139026812314,0.5414870689655172,0.8540108769544528,1005.0,851.0,2.0,18.0,324.0,0.0,0.0,0.0
2025,0,1876,0,0,share_history_subset,A,ok,,1862.0,904.0,-0.5739501146304964,0.16286103181131473,0.1392806371255797,0.09675705139990395,0.22569817400644468,0.32245522540634863,-0.040207463837464985,0.1323980787426468,0.11058656403081246,0.019169313177620585,0.22569817400644468,0.24486748718406517,0.5603232242061649,0.5603232242061649,0.6435368774783382,3.0,1.0,0.6435368774783382,0.6935547647291419,0.8717693836978131,0.5758371634931058,0.7905173967910583,877.0,646.0,129.0,210.0,0.49462943071965626,0.7050561797752809,0.9980119284294234,0.5450597176981542,0.8557790658029322,1004.0,838.0,2.0,18.0,319.0,0.0,0.0,0.0
2025,0,1876,0,0,primary,B,ok,,1876.0,904.0,-0.37196428778374324,0.15195303887755593,0.13087653712645522,0.0749970126142507,0.22492004264392326,0.2999170552581739,-0.038997172729238194,0.1322346193301879,0.10772699909126693,-0.004562940536293624,0.22492004264392326,0.22035710210762954,0.5384969197207579,0.5384969197207579,0.44495787168425754,3.0,1.0,0.44495787168425754,0.6356394129979036,0.7527308838133069,0.5500725689404935,0.7010728819829819,758.0,620.0,249.0,249.0,0.4957356076759062,0.7017421602787457,1.0,0.5405260332796564,0.8546936004074012,1007.0,856.0,0.0,13.0,485.0,0.0,0.0,0.0
2025,0,1876,0,0,share_history_subset,B,ok,,1862.0,904.0,-0.3637161189187672,0.15159458452380545,0.13055162829467998,0.07425195698163178,0.22569817400644468,0.2999501309880765,-0.038218850542439675,0.13227146239711832,0.10778853440950818,-0.005307996168912522,0.22569817400644468,0.2203901778375321,0.5383626976459003,0.5383626976459003,0.44459505488530443,3.0,1.0,0.44459505488530443,0.6374736842105263,0.7524850894632207,0.5529583637691746,0.701835712961246,757.0,612.0,249.0,244.0,0.4983888292158969,0.7044817927170869,1.0,0.5437837837837838,0.8563159686755193,1006.0,844.0,0.0,12.0,481.0,0.0,0.0,0.0
2025,0,1876,0,0,primary,C,ok,,1876.0,904.0,-0.37196428778374324,0.15195303887755593,0.13087653712645522,0.0749970126142507,0.22492004264392326,0.2999170552581739,-0.038997172729238194,0.1322346193301879,0.10772699909126693,-0.004562940536293624,0.22492004264392326,0.22035710210762954,0.5384969197207579,0.5384969197207579,0.44495787168425754,3.0,1.0,0.44495787168425754,0.6356394129979036,0.7527308838133069,0.5500725689404935,0.7010728819829819,758.0,620.0,249.0,249.0,0.4957356076759062,0.7017421602787457,1.0,0.5405260332796564,0.8546936004074012,1007.0,856.0,0.0,13.0,485.0,0.0,0.0,0.0
2025,0,1876,0,0,share_history_subset,C,ok,,1862.0,904.0,-0.3637161189187672,0.15159458452380545,0.13055162829467998,0.07425195698163178,0.22569817400644468,0.2999501309880765,-0.038218850542439675,0.13227146239711832,0.10778853440950818,-0.005307996168912522,0.22569817400644468,0.2203901778375321,0.5383626976459003,0.5383626976459003,0.44459505488530443,3.0,1.0,0.44459505488530443,0.6374736842105263,0.7524850894632207,0.5529583637691746,0.701835712961246,757.0,612.0,249.0,244.0,0.4983888292158969,0.7044817927170869,1.0,0.5437837837837838,0.8563159686755193,1006.0,844.0,0.0,12.0,481.0,0.0,0.0,0.0
2025,0,1876,0,0,primary,D_direct,ok,,1876.0,904.0,-0.4061893209908318,0.15383667486296082,0.11975665053706179,0.06712289310372206,0.22492004264392326,0.2920429357476453,-0.4061893209908318,0.15383667486296082,0.11975665053706179,0.06712289310372206,0.22492004264392326,0.2920429357476453,0.6397353165356886,0.6397353165356886,0.7066090223939847,3.0,1.0,0.7066090223939847,0.7280954339777869,0.8788480635551142,0.6214887640449438,0.8116287600880411,885.0,539.0,122.0,330.0,0.6012793176972282,0.7280954339777869,0.8788480635551142,0.6214887640449438,0.8116287600880411,885.0,539.0,122.0,330.0,0.0,0.0,0.0,0.0
2025,0,1876,0,0,share_history_subset,D_direct,ok,,1862.0,904.0,-0.3791928524311359,0.1524523766154019,0.11861517843575278,0.06558567846532028,0.22569817400644468,0.29128385247176497,-0.3791928524311359,0.1524523766154019,0.11861517843575278,0.06558567846532028,0.22569817400644468,0.29128385247176497,0.6450183246316493,0.6450183246316493,0.7079338160525461,3.0,1.0,0.7079338160525461,0.7317880794701986,0.878727634194831,0.6269503546099291,0.8133971291866029,884.0,526.0,122.0,330.0,0.6052631578947368,0.7317880794701986,0.878727634194831,0.6269503546099291,0.8133971291866029,884.0,526.0,122.0,330.0,0.0,0.0,0.0,0.0
2025,0,1876,0,0,primary,D_residual,ok,,1876.0,904.0,-0.5972401979788842,0.16395440983479695,0.12256503406775755,0.06563335952976844,0.22492004264392326,0.29055340217369163,0.13835443165769712,0.12042102396561646,0.10027250148832247,0.020657368847178535,0.22492004264392326,0.24557741149110177,0.7164434687909603,0.7142173942357468,0.7315396541589317,3.0,1.0,0.7423916775793667,0.7361111111111112,0.9473684210526315,0.6018927444794953,0.8498129342597541,954.0,631.0,53.0,238.0,0.6540511727078892,0.7501090274749237,0.8540218470705064,0.6687402799377916,0.8091832894241626,860.0,426.0,147.0,443.0,305.0,0.0,14.0,1862.0
2025,0,1876,0,0,share_history_subset,D_residual,ok,,1862.0,904.0,-0.5780786854931463,0.16307448932680024,0.12165712055821905,0.06429738831693678,0.22569817400644468,0.28999556232338153,0.14246168477812693,0.12021217834302692,0.10003358314556487,0.01981984048456273,0.22569817400644468,0.24551801449100744,0.7212327669497036,0.715647702569629,0.7311653808610622,3.0,1.0,0.7435751767112383,0.7387596899224806,0.9473161033797217,0.6054637865311309,0.8511968560200072,953.0,621.0,53.0,235.0,0.6584317937701396,0.7541703248463565,0.8538767395626242,0.675314465408805,0.8109894259818731,859.0,413.0,147.0,443.0,302.0,0.0,0.0,1862.0
2025,0,1876,0,0,primary,D_selected,ok,,1876.0,904.0,-0.5972401979788842,0.16395440983479695,0.12256503406775755,0.06563335952976844,0.22492004264392326,0.29055340217369163,0.13835443165769712,0.12042102396561646,0.10027250148832247,0.020657368847178535,0.22492004264392326,0.24557741149110177,0.7164434687909603,0.7142173942357468,0.7315396541589317,3.0,1.0,0.7423916775793667,0.7361111111111112,0.9473684210526315,0.6018927444794953,0.8498129342597541,954.0,631.0,53.0,238.0,0.6540511727078892,0.7501090274749237,0.8540218470705064,0.6687402799377916,0.8091832894241626,860.0,426.0,147.0,443.0,305.0,0.0,14.0,1862.0
2025,0,1876,0,0,share_history_subset,D_selected,ok,,1862.0,904.0,-0.5780786854931463,0.16307448932680024,0.12165712055821905,0.06429738831693678,0.22569817400644468,0.28999556232338153,0.14246168477812693,0.12021217834302692,0.10003358314556487,0.01981984048456273,0.22569817400644468,0.24551801449100744,0.7212327669497036,0.715647702569629,0.7311653808610622,3.0,1.0,0.7435751767112383,0.7387596899224806,0.9473161033797217,0.6054637865311309,0.8511968560200072,953.0,621.0,53.0,235.0,0.6584317937701396,0.7541703248463565,0.8538767395626242,0.675314465408805,0.8109894259818731,859.0,413.0,147.0,443.0,302.0,0.0,0.0,1862.0
2025,0,1876,0,0,share_history_subset,share_persistence,ok,,1862.0,,,,,,,,-0.6236468088365532,0.16541217866236402,0.11921600066604797,0.030729310196620115,0.22569817400644468,0.2564274842030648,,0.7590165781014847,,,,,0.7560854446100348,0.7564612326043738,0.7557100297914597,0.7563108725899423,761.0,246.0,245.0,610.0,,,,,,,,,,,,,
2025,0,1876,0,0,phase_persistence_subset,phase_persistence,ok,,1864.0,,,,,,,,,,,,,,,,,,,,0.7398496240601504,0.7335984095427436,0.7462082912032356,0.7360861759425493,738.0,251.0,268.0,607.0,0.6013948497854077,,,,,,,,,,,,
2025,0,1876,0,0,phase_persistence_subset,A,ok,,1864.0,904.0,-0.5729419424538695,0.16286824585725115,0.13930386938474465,0.09682590982401064,0.22553648068669527,0.3223623905107059,-0.03895481771863407,0.13236659677557655,0.1105573352758921,0.019238171601727264,0.22553648068669527,0.24477465228842246,0.5612623791053215,0.5612623791053215,0.6439365671641791,3.0,1.0,0.6439365671641791,0.6935547647291419,0.8717693836978131,0.5758371634931058,0.7905173967910583,877.0,646.0,129.0,212.0,0.49409871244635195,0.7045614035087719,0.9980119284294234,0.544468546637744,0.8554873892297206,1004.0,840.0,2.0,18.0,321.0,0.0,0.0,0.0
2025,0,1876,0,0,phase_persistence_subset,B,ok,,1864.0,904.0,-0.36313249028634487,0.15161742170096865,0.13058256303707672,0.07434329909668204,0.22553648068669527,0.2998797797833773,-0.037010673171848696,0.13224269326578428,0.10775852831578331,-0.00521665405386228,0.22553648068669527,0.22031982663283295,0.53934956693406,0.53934956693406,0.44514746388413756,3.0,1.0,0.44514746388413756,0.6374736842105263,0.7524850894632207,0.5529583637691746,0.701835712961246,757.0,612.0,249.0,246.0,0.4978540772532189,0.7039888033589923,1.0,0.5431965442764579,0.8560245064669844,1006.0,846.0,0.0,12.0,483.0,0.0,0.0,0.0
2025,0,1876,0,0,phase_persistence_subset,C,ok,,1864.0,904.0,-0.36313249028634487,0.15161742170096865,0.13058256303707672,0.07434329909668204,0.22553648068669527,0.2998797797833773,-0.037010673171848696,0.13224269326578428,0.10775852831578331,-0.00521665405386228,0.22553648068669527,0.22031982663283295,0.53934956693406,0.53934956693406,0.44514746388413756,3.0,1.0,0.44514746388413756,0.6374736842105263,0.7524850894632207,0.5529583637691746,0.701835712961246,757.0,612.0,249.0,246.0,0.4978540772532189,0.7039888033589923,1.0,0.5431965442764579,0.8560245064669844,1006.0,846.0,0.0,12.0,483.0,0.0,0.0,0.0
2025,0,1876,0,0,phase_persistence_subset,D_direct,ok,,1864.0,904.0,-0.3802228112620267,0.1525649154897021,0.11873092714361368,0.06575832577829964,0.22553648068669527,0.29129480646499495,-0.3802228112620267,0.1525649154897021,0.11873092714361368,0.06575832577829964,0.22553648068669527,0.29129480646499495,0.6447938244657927,0.6447938244657927,0.7081604069743728,3.0,1.0,0.7081604069743728,0.7311827956989247,0.878727634194831,0.6260623229461756,0.8130978660779985,884.0,528.0,122.0,330.0,0.6046137339055794,0.7311827956989247,0.878727634194831,0.6260623229461756,0.8130978660779985,884.0,528.0,122.0,330.0,0.0,0.0,0.0,0.0
2025,0,1876,0,0,phase_persistence_subset,D_residual,ok,,1864.0,904.0,-0.5780324269202839,0.16313157680215254,0.12173941855297549,0.06444123108877614,0.22553648068669527,0.2899777117754714,0.14271386111092554,0.12023834042347117,0.10005629144544215,0.019928615031930337,0.22553648068669527,0.24546509571862568,0.720863050137404,0.7161877221519369,0.7315341355320033,3.0,1.0,0.7435958543812133,0.7387596899224806,0.9473161033797217,0.6054637865311309,0.8511968560200072,953.0,621.0,53.0,237.0,0.657725321888412,0.7535087719298246,0.8538767395626242,0.67425431711146,0.8106832767081917,859.0,415.0,147.0,443.0,304.0,0.0,2.0,1862.0
2025,0,1876,0,0,phase_persistence_subset,D_selected,ok,,1864.0,904.0,-0.5780324269202839,0.16313157680215254,0.12173941855297549,0.06444123108877614,0.22553648068669527,0.2899777117754714,0.14271386111092554,0.12023834042347117,0.10005629144544215,0.019928615031930337,0.22553648068669527,0.24546509571862568,0.720863050137404,0.7161877221519369,0.7315341355320033,3.0,1.0,0.7435958543812133,0.7387596899224806,0.9473161033797217,0.6054637865311309,0.8511968560200072,953.0,621.0,53.0,237.0,0.657725321888412,0.7535087719298246,0.8538767395626242,0.67425431711146,0.8106832767081917,859.0,415.0,147.0,443.0,304.0,0.0,2.0,1862.0
2025,0,1876,0,0,primary,always_crisis,ok,,1876.0,,,,,,,,,,,,,,,,,,,,0.6985778702740201,1.0,0.5367803837953091,0.8528116531165312,1007.0,869.0,0.0,0.0,,,,,,,,,,,,,
2025,0,1876,0,0,primary,v1_D_raw,ok,,1876.0,,,,,,,,-0.3252402478155474,0.14934314572745927,0.11967251456177819,0.07208727531468688,0.22492004264392326,0.29700731795861013,,0.6502240358914526,,,,,0.7360681114551083,0.9443892750744787,0.6030437539632213,0.848349687778769,951.0,626.0,56.0,243.0,,,,,,,,,,,,,
2025,0,1876,0,0,primary,v1_D_isotonic,ok,,1876.0,,,,,,,,0.10076119830925656,0.12301993849453886,0.10036872053624317,3.421993991949368e-05,0.22492004264392326,0.22495426258384274,,0.620472000941625,,,,,0.7301587301587301,0.9592850049652433,0.5893837705918242,0.8523028057173108,966.0,673.0,41.0,196.0,,,,,,,,,,,,,
2025,3,275,1601,0,primary,A,ok,,275.0,132.0,-1.2526176587232367,0.19603198784210318,0.17014386425235056,0.1263909908316352,0.21363636363636362,0.34002735446799887,-0.4735858578897827,0.15855170775450042,0.13229067864962654,0.05181492389210388,0.21363636363636362,0.2654512875284676,0.491058201058201,0.491058201058201,0.48782221892502936,2.0,1.0,0.48782221892502936,0.631578947368421,0.8571428571428571,0.5,0.75,120.0,120.0,20.0,15.0,0.4618181818181818,0.6486486486486487,0.9428571428571428,0.4943820224719101,0.7980652962515115,132.0,135.0,8.0,0.0,27.0,0.0,0.0,0.0
2025,3,275,1601,0,share_history_subset,A,ok,,268.0,132.0,-1.207832976310316,0.1947951005893691,0.168702960581477,0.12380728822813106,0.216044776119403,0.339852064347534,-0.45698433751306955,0.15824221859158188,0.13180895471516216,0.04923122128859972,0.216044776119403,0.26527599740800273,0.48792593831911213,0.48792593831911213,0.48671694878661353,2.0,1.0,0.48671694878661353,0.6363636363636364,0.8561151079136691,0.5063829787234042,0.7522123893805309,119.0,116.0,20.0,13.0,0.4701492537313433,0.656641604010025,0.9424460431654677,0.5038461538461538,0.8026960784313726,131.0,129.0,8.0,0.0,25.0,0.0,0.0,0.0
2025,3,275,1601,0,primary,B,ok,,275.0,132.0,-0.5797303369488405,0.16416277352368916,0.1393261179490523,0.0835772606459531,0.21363636363636362,0.29721362428231674,-0.19457043143827346,0.14275426162242122,0.11382072376408735,0.020359801017058185,0.21363636363636362,0.23399616465342185,0.5532804232804233,0.5532804232804233,0.619230794699311,2.0,1.0,0.619230794699311,0.6432748538011696,0.7857142857142857,0.5445544554455446,0.7217847769028871,110.0,92.0,30.0,43.0,0.4618181818181818,0.6433915211970075,0.9214285714285714,0.4942528735632184,0.7856272838002436,129.0,132.0,11.0,3.0,59.0,0.0,0.0,0.0
2025,3,275,1601,0,share_history_subset,B,ok,,268.0,132.0,-0.5562713408851061,0.1635451168989772,0.1386245033856648,0.08141951921270855,0.216044776119403,0.29746429533211155,-0.1898332458428622,0.1430006368019534,0.11410412583542938,0.018202059583813632,0.216044776119403,0.23424683570321664,0.5495510568289554,0.5495510568289554,0.6136184359079997,2.0,1.0,0.6136184359079997,0.6449704142011834,0.7841726618705036,0.5477386934673367,0.7218543046357616,109.0,90.0,30.0,39.0,0.4664179104477612,0.649746192893401,0.920863309352518,0.5019607843137255,0.7891491985203453,128.0,127.0,11.0,2.0,56.0,0.0,0.0,0.0
2025,3,275,1601,0,primary,C,ok,,275.0,132.0,-1.2193458378083375,0.19457887729900672,0.17030697788975457,0.13043957596475428,0.21363636363636362,0.34407593960111793,-0.4595572688476488,0.15779519403053707,0.13015955731702247,0.06366212960668097,0.21363636363636362,0.2772984932430446,0.5832804232804233,0.5832804232804233,0.6146230736113032,2.0,1.0,0.6146230736113032,0.6666666666666666,0.9071428571428571,0.5269709543568465,0.7927590511860175,127.0,114.0,13.0,21.0,0.4509090909090909,0.645320197044335,0.9357142857142857,0.4924812030075188,0.7929782082324455,131.0,135.0,9.0,0.0,25.0,0.0,0.0,0.0
2025,3,275,1601,0,share_history_subset,C,ok,,268.0,132.0,-1.192325865387137,0.19410980598210442,0.16974766103189382,0.12883894637004653,0.216044776119403,0.34488372248944954,-0.4505940499477159,0.15789481454564191,0.130295800834152,0.06206150001197321,0.216044776119403,0.27810627613137623,0.5787184206123474,0.5787184206123474,0.6087580070434252,2.0,1.0,0.6087580070434252,0.6684350132625995,0.9064748201438849,0.5294117647058824,0.7934508816120907,126.0,112.0,13.0,17.0,0.458955223880597,0.6532663316582915,0.935251798561151,0.5019305019305019,0.7975460122699386,130.0,129.0,9.0,0.0,21.0,0.0,0.0,0.0
2025,3,275,1601,0,primary,D_direct,ok,,275.0,132.0,-0.9369076777523762,0.18177646858811894,0.14681354476105082,0.11111760632558303,0.21363636363636362,0.32475396996194666,-0.9369076777523762,0.18177646858811894,0.14681354476105082,0.11111760632558303,0.21363636363636362,0.32475396996194666,0.5646031746031747,0.5646031746031747,0.7025449453284514,2.0,1.0,0.7025449453284514,0.6896551724137931,0.9285714285714286,0.5485232067510548,0.8155583437892095,130.0,107.0,10.0,28.0,0.5563636363636364,0.6896551724137931,0.9285714285714286,0.5485232067510548,0.8155583437892095,130.0,107.0,10.0,28.0,0.0,0.0,0.0,0.0
2025,3,275,1601,0,share_history_subset,D_direct,ok,,268.0,132.0,-0.8613900553551632,0.17886016056426957,0.14391859886584,0.10729030382944578,0.216044776119403,0.32333507994884875,-0.8613900553551632,0.17886016056426957,0.14391859886584,0.10729030382944578,0.216044776119403,0.32333507994884875,0.5702414812336177,0.5702414812336177,0.699518240411355,2.0,1.0,0.699518240411355,0.6991869918699187,0.9280575539568345,0.5608695652173913,0.8206106870229007,129.0,101.0,10.0,28.0,0.5671641791044776,0.6991869918699187,0.9280575539568345,0.5608695652173913,0.8206106870229007,129.0,101.0,10.0,28.0,0.0,0.0,0.0,0.0
2025,3,275,1601,0,primary,D_residual,ok,,275.0,132.0,-0.31257274230577803,0.14963903274620471,0.11733797457185398,0.04938052308075262,0.21363636363636362,0.26301688671711626,-0.000574411361763838,0.13064954383858757,0.10589130691172029,0.02353694973349224,0.21363636363636362,0.23717331336985592,0.6525396825396825,0.6469312169312169,0.698351536980737,2.0,1.0,0.7071807530379568,0.6898550724637681,0.85,0.5804878048780487,0.7777777777777778,119.0,86.0,21.0,49.0,0.5818181818181818,0.6898550724637681,0.85,0.5804878048780487,0.7777777777777778,119.0,86.0,21.0,49.0,0.0,0.0,7.0,268.0
2025,3,275,1601,0,share_history_subset,D_residual,ok,,268.0,132.0,-0.2618608084590519,0.14726537500039794,0.11510217146608542,0.04536971191364936,0.216044776119403,0.26141448803305234,0.019565346639628944,0.12980883375602162,0.10485824890516446,0.020352845084221506,0.216044776119403,0.23639762120362448,0.6631531983715353,0.6533377948803748,0.7009973398987459,2.0,1.0,0.7126638794694852,0.7002967359050445,0.8489208633093526,0.5959595959595959,0.7824933687002652,118.0,80.0,21.0,49.0,0.5932835820895522,0.7002967359050445,0.8489208633093526,0.5959595959595959,0.7824933687002652,118.0,80.0,21.0,49.0,0.0,0.0,0.0,268.0
2025,3,275,1601,0,primary,D_selected,ok,,275.0,132.0,-0.31257274230577803,0.14963903274620471,0.11733797457185398,0.04938052308075262,0.21363636363636362,0.26301688671711626,-0.000574411361763838,0.13064954383858757,0.10589130691172029,0.02353694973349224,0.21363636363636362,0.23717331336985592,0.6525396825396825,0.6469312169312169,0.698351536980737,2.0,1.0,0.7071807530379568,0.6898550724637681,0.85,0.5804878048780487,0.7777777777777778,119.0,86.0,21.0,49.0,0.5818181818181818,0.6898550724637681,0.85,0.5804878048780487,0.7777777777777778,119.0,86.0,21.0,49.0,0.0,0.0,7.0,268.0
2025,3,275,1601,0,share_history_subset,D_selected,ok,,268.0,132.0,-0.2618608084590519,0.14726537500039794,0.11510217146608542,0.04536971191364936,0.216044776119403,0.26141448803305234,0.019565346639628944,0.12980883375602162,0.10485824890516446,0.020352845084221506,0.216044776119403,0.23639762120362448,0.6631531983715353,0.6533377948803748,0.7009973398987459,2.0,1.0,0.7126638794694852,0.7002967359050445,0.8489208633093526,0.5959595959595959,0.7824933687002652,118.0,80.0,21.0,49.0,0.5932835820895522,0.7002967359050445,0.8489208633093526,0.5959595959595959,0.7824933687002652,118.0,80.0,21.0,49.0,0.0,0.0,0.0,268.0
2025,3,275,1601,0,share_history_subset,share_persistence,ok,,268.0,,,,,,,,-0.4635906334333304,0.15860056581640522,0.11900480486602136,0.010909566126831213,0.216044776119403,0.22695434224623418,,0.7208744632201216,,,,,0.6840148698884758,0.6618705035971223,0.7076923076923077,0.6705539358600583,92.0,38.0,47.0,91.0,,,,,,,,,,,,,
2025,3,275,1601,0,phase_persistence_subset,phase_persistence,ok,,270.0,,,,,,,,,,,,,,,,,,,,0.664179104477612,0.6402877697841727,0.689922480620155,0.6496350364963503,89.0,40.0,50.0,91.0,0.5592592592592592,,,,,,,,,,,,
2025,3,275,1601,0,phase_persistence_subset,A,ok,,270.0,132.0,-1.2014870917778757,0.19485773551811267,0.16893871860371698,0.12437560678632172,0.215,0.3393756067863217,-0.44836306825960937,0.1580513830902251,0.13176558635908195,0.04979953984679037,0.215,0.2647995398467904,0.49233895326486893,0.49233895326486893,0.48914582128397915,2.0,1.0,0.48914582128397915,0.6346666666666667,0.8561151079136691,0.5042372881355932,0.7512626262626263,119.0,117.0,20.0,14.0,0.4666666666666667,0.6533665835411472,0.9424460431654677,0.5,0.8007334963325183,131.0,131.0,8.0,0.0,26.0,0.0,0.0,0.0
2025,3,275,1601,0,phase_persistence_subset,B,ok,,270.0,132.0,-0.5465890828269333,0.16332288755094604,0.13853633660961082,0.08175509306015792,0.215,0.2967550930601579,-0.1789790812654013,0.14259773564098335,0.11372931400694085,0.018537633431263006,0.215,0.23353763343126305,0.5552199461804602,0.5552199461804602,0.6195246529786004,2.0,1.0,0.6195246529786004,0.6449704142011834,0.7841726618705036,0.5477386934673367,0.7218543046357616,109.0,90.0,30.0,41.0,0.4666666666666667,0.6481012658227848,0.920863309352518,0.5,0.7881773399014779,128.0,128.0,11.0,3.0,57.0,0.0,0.0,0.0
2025,3,275,1601,0,phase_persistence_subset,C,ok,,270.0,132.0,-1.1815315217843607,0.19397257265138668,0.1697253167960379,0.1291196296502043,0.215,0.34411962965020426,-0.4402335447163219,0.1576071952596747,0.13007104484896026,0.062342183292130954,0.215,0.27734218329213095,0.5838870888022407,0.5838870888022407,0.6138756747638326,2.0,1.0,0.6138756747638326,0.6684350132625995,0.9064748201438849,0.5294117647058824,0.7934508816120907,126.0,112.0,13.0,19.0,0.45555555555555555,0.65,0.935251798561151,0.49808429118773945,0.795593635250918,130.0,131.0,9.0,0.0,23.0,0.0,0.0,0.0
2025,3,275,1601,0,phase_persistence_subset,D_direct,ok,,270.0,132.0,-0.8615327560191954,0.17918222321706148,0.14436790734529495,0.10801093301287405,0.215,0.32301093301287404,-0.8615327560191954,0.17918222321706148,0.14436790734529495,0.10801093301287405,0.215,0.32301093301287404,0.5736174419243231,0.5736174419243231,0.7055140254482359,2.0,1.0,0.7055140254482359,0.6954177897574124,0.9280575539568345,0.5560344827586207,0.8185279187817259,129.0,103.0,10.0,28.0,0.562962962962963,0.6954177897574124,0.9280575539568345,0.5560344827586207,0.8185279187817259,129.0,103.0,10.0,28.0,0.0,0.0,0.0,0.0
2025,3,275,1601,0,phase_persistence_subset,D_residual,ok,,270.0,132.0,-0.2575434756971182,0.1472723048622989,0.11520338144754655,0.04598745863253593,0.215,0.2609874586325359,0.02099018768680505,0.1299430636498222,0.1050165081102389,0.021137070243525152,0.215,0.23613707024352515,0.6658795101323521,0.6563237959250919,0.7036984287642183,2.0,1.0,0.7153895556198188,0.696165191740413,0.8489208633093526,0.59,0.7804232804232805,118.0,82.0,21.0,49.0,0.5888888888888889,0.696165191740413,0.8489208633093526,0.59,0.7804232804232805,118.0,82.0,21.0,49.0,0.0,0.0,2.0,268.0
2025,3,275,1601,0,phase_persistence_subset,D_selected,ok,,270.0,132.0,-0.2575434756971182,0.1472723048622989,0.11520338144754655,0.04598745863253593,0.215,0.2609874586325359,0.02099018768680505,0.1299430636498222,0.1050165081102389,0.021137070243525152,0.215,0.23613707024352515,0.6658795101323521,0.6563237959250919,0.7036984287642183,2.0,1.0,0.7153895556198188,0.696165191740413,0.8489208633093526,0.59,0.7804232804232805,118.0,82.0,21.0,49.0,0.5888888888888889,0.696165191740413,0.8489208633093526,0.59,0.7804232804232805,118.0,82.0,21.0,49.0,0.0,0.0,2.0,268.0
2025,3,275,1601,0,primary,always_crisis,ok,,275.0,,,,,,,,,,,,,,,,,,,,0.6746987951807228,1.0,0.509090909090909,0.8383233532934131,140.0,135.0,0.0,0.0,,,,,,,,,,,,,
2025,3,275,1601,0,primary,v1_D_raw,ok,,275.0,,,,,,,,-0.30207805889891937,0.14903961227228807,0.12041897599263626,0.06322226367213506,0.21363636363636362,0.27685862730849875,,0.6125661375661375,,,,,0.664756446991404,0.8285714285714286,0.5550239234449761,0.7542262678803641,116.0,93.0,24.0,42.0,,,,,,,,,,,,,
2025,3,275,1601,0,primary,v1_D_isotonic,ok,,275.0,,,,,,,,0.07380430107474112,0.12569979854029364,0.10392468842717864,0.019900616358248188,0.21363636363636362,0.23353697999461184,,0.6104761904761905,,,,,0.6968085106382979,0.9357142857142857,0.5550847457627118,0.8228643216080402,131.0,105.0,9.0,30.0,,,,,,,,,,,,,
2025,6,275,1601,0,primary,A,ok,,275.0,132.0,-0.31204025561196547,0.14960867676129708,0.1303189768899571,0.0782192882082679,0.21363636363636362,0.2918556518446315,0.04645060049099048,0.12754246320818302,0.09954149230821152,-0.001606488951885358,0.21363636363636362,0.21202987468447831,0.6919047619047619,0.6919047619047619,0.678682091543643,2.0,1.0,0.678682091543643,0.6476868327402135,0.65,0.6453900709219859,0.6490727532097005,91.0,50.0,49.0,85.0,0.4618181818181818,0.6731234866828087,0.9928571428571429,0.5091575091575091,0.8343337334933973,139.0,134.0,1.0,1.0,132.0,0.0,0.0,0.0
2025,6,275,1601,0,share_history_subset,A,ok,,267.0,132.0,-0.2867004810725613,0.14809477471093033,0.12906688034311214,0.07672189277656069,0.2151685393258427,0.2918904321024034,0.05806613967111762,0.12671009258827742,0.09901962629928704,-0.00310388438359257,0.2151685393258427,0.2120646549422502,0.6980114593865859,0.6980114593865859,0.6778484673221515,2.0,1.0,0.6778484673221515,0.6545454545454545,0.6521739130434783,0.656934306569343,0.6531204644412192,90.0,47.0,48.0,82.0,0.47191011235955055,0.6799007444168734,0.9927536231884058,0.5169811320754717,0.8384332925336597,137.0,128.0,1.0,1.0,128.0,0.0,0.0,0.0
2025,6,275,1601,0,primary,B,ok,,275.0,132.0,-0.5552435875644162,0.16288549477679573,0.13942062485218049,0.0998037399487062,0.21363636363636362,0.31344010358506985,-0.0029722250478698697,0.13080599687215208,0.10617188041817427,0.023223068634116408,0.21363636363636362,0.23685943227048006,0.6624338624338626,0.6624338624338626,0.6639014578780364,2.0,1.0,0.6639014578780364,0.6786786786786787,0.8071428571428572,0.5854922279792746,0.750332005312085,113.0,80.0,27.0,55.0,0.4581818181818182,0.6699266503667481,0.9785714285714285,0.5092936802973977,0.8262967430639324,137.0,132.0,3.0,3.0,76.0,0.0,0.0,0.0
2025,6,275,1601,0,share_history_subset,B,ok,,267.0,132.0,-0.5171553523995527,0.16081110291231282,0.13769375599278938,0.09824217756589254,0.2151685393258427,0.3134107168917352,0.02154801193122391,0.1291429681402024,0.10516970845921572,0.02166150625130275,0.2151685393258427,0.2368300455771455,0.6670598809122572,0.6670598809122572,0.6594755956012265,2.0,1.0,0.6594755956012265,0.6850152905198776,0.8115942028985508,0.5925925925925926,0.7557354925775979,112.0,77.0,26.0,52.0,0.46441947565543074,0.675,0.9782608695652174,0.5152671755725191,0.8292383292383292,135.0,127.0,3.0,2.0,73.0,0.0,0.0,0.0
2025,6,275,1601,0,primary,C,ok,,275.0,132.0,-0.4155858526507519,0.15540010522140524,0.13638257002830506,0.09252580187537453,0.21363636363636362,0.3061621655117382,0.04900322044067673,0.12737163534567275,0.10371794344902202,0.025206443630315628,0.21363636363636362,0.23884280726667928,0.7146560846560845,0.7146560846560845,0.6834853527567426,2.0,1.0,0.6834853527567426,0.7142857142857143,0.8571428571428571,0.6122448979591837,0.7936507936507936,120.0,76.0,20.0,59.0,0.46545454545454545,0.6763990267639902,0.9928571428571429,0.5129151291512916,0.8363417569193743,139.0,132.0,1.0,3.0,75.0,0.0,0.0,0.0
2025,6,275,1601,0,share_history_subset,C,ok,,267.0,132.0,-0.39064892839832255,0.15396065727270192,0.13513082546018035,0.09123992407589816,0.2151685393258427,0.3064084634017409,0.06417307148231477,0.12629866868710152,0.10300027804507744,0.02392056583083925,0.2151685393258427,0.23908910515668197,0.7207055387035166,0.7207055387035166,0.6812489848831774,2.0,1.0,0.6812489848831774,0.7173252279635258,0.855072463768116,0.6178010471204188,0.7940780619111709,118.0,73.0,20.0,56.0,0.47191011235955055,0.681592039800995,0.9927536231884058,0.5189393939393939,0.8394607843137255,137.0,127.0,1.0,2.0,73.0,0.0,0.0,0.0
2025,6,275,1601,0,primary,D_direct,ok,,275.0,132.0,-0.6595773941694518,0.16826041546837922,0.13993665578690442,0.10769490206783468,0.21363636363636362,0.32133126570419834,-0.6595773941694518,0.16826041546837922,0.13993665578690442,0.10769490206783468,0.21363636363636362,0.32133126570419834,0.6583597883597884,0.6583597883597884,0.6931180257635969,2.0,1.0,0.6931180257635969,0.6831683168316832,0.9857142857142858,0.5227272727272727,0.837378640776699,138.0,126.0,2.0,9.0,0.49454545454545457,0.6831683168316832,0.9857142857142858,0.5227272727272727,0.837378640776699,138.0,126.0,2.0,9.0,0.0,0.0,0.0,0.0
2025,6,275,1601,0,share_history_subset,D_direct,ok,,267.0,132.0,-0.587648035774547,0.1645046274324022,0.13678931799832353,0.10469950242770297,0.2151685393258427,0.31986804175354566,-0.587648035774547,0.1645046274324022,0.13678931799832353,0.10469950242770297,0.2151685393258427,0.31986804175354566,0.6671722278395685,0.6671722278395685,0.6932914890624876,2.0,1.0,0.6932914890624876,0.6903553299492385,0.9855072463768116,0.53125,0.8415841584158416,136.0,120.0,2.0,9.0,0.5056179775280899,0.6903553299492385,0.9855072463768116,0.53125,0.8415841584158416,136.0,120.0,2.0,9.0,0.0,0.0,0.0,0.0
2025,6,275,1601,0,primary,D_residual,ok,,275.0,132.0,-0.6525997208296594,0.16790631842315534,0.13295454460786466,0.08070274388931956,0.21363636363636362,0.29433910752568315,0.03582866392981199,0.12825086702189756,0.10754633447679139,0.0010495518912432028,0.21363636363636362,0.21468591552760685,0.5339682539682539,0.5253968253968253,0.5826163902860806,2.0,1.0,0.6312428338430265,0.4944649446494465,0.4785714285714286,0.5114503816793893,0.48480463096960924,67.0,64.0,73.0,71.0,0.49818181818181817,0.6538461538461539,0.85,0.53125,0.7589285714285714,119.0,105.0,21.0,30.0,93.0,0.0,8.0,267.0
2025,6,275,1601,0,share_history_subset,D_residual,ok,,267.0,132.0,-0.6207053500706827,0.16620842595503804,0.13095384305863783,0.07798229715050461,0.2151685393258427,0.2931508364763473,0.03786137909436382,0.12806186658888674,0.10705359521623407,-0.0011077633736284143,0.2151685393258427,0.21406077595221432,0.5358386698123806,0.5277496910459498,0.5815372780608,2.0,1.0,0.6279219271175832,0.4961832061068702,0.47101449275362317,0.5241935483870968,0.4807692307692308,65.0,59.0,73.0,70.0,0.5056179775280899,0.6591549295774648,0.8478260869565217,0.5391705069124424,0.7607282184655396,117.0,100.0,21.0,29.0,93.0,0.0,0.0,267.0
2025,6,275,1601,0,primary,D_selected,ok,,275.0,132.0,-0.6525997208296594,0.16790631842315534,0.13295454460786466,0.08070274388931956,0.21363636363636362,0.29433910752568315,0.03582866392981199,0.12825086702189756,0.10754633447679139,0.0010495518912432028,0.21363636363636362,0.21468591552760685,0.5339682539682539,0.5253968253968253,0.5826163902860806,2.0,1.0,0.6312428338430265,0.4944649446494465,0.4785714285714286,0.5114503816793893,0.48480463096960924,67.0,64.0,73.0,71.0,0.49818181818181817,0.6538461538461539,0.85,0.53125,0.7589285714285714,119.0,105.0,21.0,30.0,93.0,0.0,8.0,267.0
2025,6,275,1601,0,share_history_subset,D_selected,ok,,267.0,132.0,-0.6207053500706827,0.16620842595503804,0.13095384305863783,0.07798229715050461,0.2151685393258427,0.2931508364763473,0.03786137909436382,0.12806186658888674,0.10705359521623407,-0.0011077633736284143,0.2151685393258427,0.21406077595221432,0.5358386698123806,0.5277496910459498,0.5815372780608,2.0,1.0,0.6279219271175832,0.4961832061068702,0.47101449275362317,0.5241935483870968,0.4807692307692308,65.0,59.0,73.0,70.0,0.5056179775280899,0.6591549295774648,0.8478260869565217,0.5391705069124424,0.7607282184655396,117.0,100.0,21.0,29.0,93.0,0.0,0.0,267.0
2025,6,275,1601,0,share_history_subset,share_persistence,ok,,267.0,,,,,,,,-0.3792800928097433,0.1533300360444034,0.11139490849858888,-0.0004696222585720638,0.2151685393258427,0.21469891706727062,,0.730255027524997,,,,,0.6923076923076923,0.6521739130434783,0.7377049180327869,0.6676557863501483,90.0,32.0,48.0,97.0,,,,,,,,,,,,,
2025,6,275,1601,0,phase_persistence_subset,phase_persistence,ok,,269.0,,,,,,,,,,,,,,,,,,,,0.6718146718146718,0.6304347826086957,0.71900826446281,0.6463595839524517,87.0,34.0,51.0,97.0,0.5910780669144982,,,,,,,,,,,,
2025,6,275,1601,0,phase_persistence_subset,A,ok,,269.0,132.0,-0.2837360068310999,0.14818455012770268,0.12921029548662746,0.07725448998376781,0.2141263940520446,0.2913808840358124,0.06479061797905594,0.12647931131865395,0.0987929408991865,-0.002571287176385433,0.2141263940520446,0.21155510687565926,0.7016262860935945,0.7016262860935945,0.6827202621939464,2.0,1.0,0.6827202621939464,0.6545454545454545,0.6521739130434783,0.656934306569343,0.6531204644412192,90.0,47.0,48.0,84.0,0.4684014869888476,0.6765432098765433,0.9927536231884058,0.5131086142322098,0.8363858363858364,137.0,130.0,1.0,1.0,130.0,0.0,0.0,0.0
2025,6,275,1601,0,phase_persistence_subset,B,ok,,269.0,132.0,-0.5096733585074775,0.1606965526726395,0.13767535318672436,0.09851709504552934,0.2141263940520446,0.31264348909757395,0.029599460635114205,0.12883699278842187,0.10482374711202788,0.02193642373093954,0.2141263940520446,0.23606281778298419,0.6716450934837924,0.6716450934837924,0.6656909099672258,2.0,1.0,0.6656909099672258,0.6850152905198776,0.8115942028985508,0.5925925925925926,0.7557354925775979,112.0,77.0,26.0,54.0,0.4646840148698885,0.6733167082294265,0.9782608695652174,0.5133079847908745,0.8282208588957055,135.0,128.0,3.0,3.0,74.0,0.0,0.0,0.0
2025,6,275,1601,0,phase_persistence_subset,C,ok,,269.0,132.0,-0.3855703895776046,0.15394988240765128,0.13520163627805318,0.0916370612981151,0.2141263940520446,0.3057634553501597,0.0707800103559022,0.1260736529642565,0.10280946201663091,0.024317703053056187,0.2141263940520446,0.23844409710510084,0.7242504701847551,0.7242504701847551,0.6872728696741854,2.0,1.0,0.6872728696741854,0.7173252279635258,0.855072463768116,0.6178010471204188,0.7940780619111709,118.0,73.0,20.0,58.0,0.4721189591078067,0.6799007444168734,0.9927536231884058,0.5169811320754717,0.8384332925336597,137.0,128.0,1.0,3.0,74.0,0.0,0.0,0.0
2025,6,275,1601,0,phase_persistence_subset,D_direct,ok,,269.0,132.0,-0.5868077698422671,0.16475068305579618,0.1371509047522864,0.10529967517103848,0.2141263940520446,0.3194260692230831,-0.5868077698422671,0.16475068305579618,0.1371509047522864,0.10529967517103848,0.2141263940520446,0.3194260692230831,0.6703175129992256,0.6703175129992256,0.697516989589358,2.0,1.0,0.697516989589358,0.6868686868686869,0.9855072463768116,0.5271317829457365,0.8395061728395061,136.0,122.0,2.0,9.0,0.5018587360594795,0.6868686868686869,0.9855072463768116,0.5271317829457365,0.8395061728395061,136.0,122.0,2.0,9.0,0.0,0.0,0.0,0.0
2025,6,275,1601,0,phase_persistence_subset,D_residual,ok,,269.0,132.0,-0.6126430459993035,0.1660864447828262,0.1310645324354366,0.07848682701732668,0.2141263940520446,0.2926132210693712,0.040974408870142254,0.1280796590498488,0.1071741275666124,-0.00018305735343697414,0.2141263940520446,0.21394333669860766,0.538997676734152,0.53086624626618,0.5862650616926932,2.0,1.0,0.6316012386736071,0.49429657794676807,0.47101449275362317,0.52,0.48005908419497784,65.0,60.0,73.0,71.0,0.5055762081784386,0.6573033707865169,0.8478260869565217,0.536697247706422,0.7597402597402597,117.0,101.0,21.0,30.0,93.0,0.0,2.0,267.0
2025,6,275,1601,0,phase_persistence_subset,D_selected,ok,,269.0,132.0,-0.6126430459993035,0.1660864447828262,0.1310645324354366,0.07848682701732668,0.2141263940520446,0.2926132210693712,0.040974408870142254,0.1280796590498488,0.1071741275666124,-0.00018305735343697414,0.2141263940520446,0.21394333669860766,0.538997676734152,0.53086624626618,0.5862650616926932,2.0,1.0,0.6316012386736071,0.49429657794676807,0.47101449275362317,0.52,0.48005908419497784,65.0,60.0,73.0,71.0,0.5055762081784386,0.6573033707865169,0.8478260869565217,0.536697247706422,0.7597402597402597,117.0,101.0,21.0,30.0,93.0,0.0,2.0,267.0
2025,6,275,1601,0,primary,always_crisis,ok,,275.0,,,,,,,,,,,,,,,,,,,,0.6746987951807228,1.0,0.509090909090909,0.8383233532934131,140.0,135.0,0.0,0.0,,,,,,,,,,,,,
2025,6,275,1601,0,primary,v1_D_raw,ok,,275.0,,,,,,,,-0.2382995337748286,0.1453436479980185,0.11923831574483348,0.07614278728311709,0.21363636363636362,0.28977915091948075,,0.6683068783068783,,,,,0.7025641025641025,0.9785714285714285,0.548,0.845679012345679,137.0,113.0,3.0,22.0,,,,,,,,,,,,,
2025,6,275,1601,0,primary,v1_D_isotonic,ok,,275.0,,,,,,,,0.05970984186138073,0.1266526108623991,0.10386737223057683,0.015640221907662833,0.21363636363636362,0.22927658554402652,,0.6331746031746032,,,,,0.7043701799485861,0.9785714285714285,0.5502008032128514,0.8467243510506799,137.0,112.0,3.0,23.0,,,,,,,,,,,,,
2025,12,1100,776,0,primary,A,ok,,1100.0,904.0,-0.03127270359659984,0.141419065970753,0.11855985362963242,0.01921619353511117,0.22445454545454543,0.24367073898965663,-0.15628102222611817,0.14974519718324866,0.11878975188819481,-0.013975078967010874,0.22445454545454543,0.21047946648753457,0.5407518379252527,0.463735907586175,0.4473470367268721,3.0,0.0,0.4473470367268721,0.5304136253041363,0.6066790352504638,0.4711815561959654,0.5736842105263158,327.0,367.0,212.0,194.0,0.44727272727272727,0.6512549537648613,0.9146567717996289,0.5056410256410256,0.7872884062599809,493.0,482.0,46.0,79.0,281.0,0.0,0.0,0.0
2025,12,1100,776,0,share_history_subset,A,ok,,1073.0,887.0,-0.024066575565436565,0.14148537594027388,0.11839003670137836,0.017530968382551866,0.22595526561043802,0.24348623399298988,-0.15180459226613263,0.15005029729685507,0.11888945839631537,-0.01537823949243203,0.22595526561043802,0.210577026118006,0.5441977624904454,0.4673580710166076,0.4530320340637694,3.0,0.0,0.4530320340637694,0.5367464905037159,0.6097560975609756,0.47935103244837757,0.5782918149466192,325.0,353.0,208.0,187.0,0.45200372786579684,0.6567768037761295,0.9136960600375235,0.5126315789473684,0.7900713822193381,487.0,463.0,46.0,77.0,272.0,0.0,0.0,0.0
2025,12,1100,776,0,primary,B,ok,,1100.0,904.0,-0.5674198466658611,0.17434675715948553,0.14779984601248394,0.060269598817283464,0.22445454545454543,0.2847241442718289,-0.6391389819078801,0.1782908652278499,0.14657846427982335,0.03153015704549325,0.22445454545454543,0.25598470250003874,0.39790461639201136,0.36986364793851423,0.46118102762242325,3.0,0.0,0.46118102762242325,0.5115241635687733,0.6382189239332097,0.4267990074441687,0.5806887238352465,344.0,462.0,195.0,99.0,0.4090909090909091,0.6160889470241988,0.8738404452690167,0.47575757575757577,0.7485696122059758,471.0,519.0,68.0,42.0,184.0,0.0,0.0,0.0
2025,12,1100,776,0,share_history_subset,B,ok,,1073.0,887.0,-0.5487806957695576,0.1739972645962884,0.14740386852458162,0.058604893307761405,0.22595526561043802,0.2845601589181994,-0.6237197158431815,0.17815704038334362,0.14648714950925,0.030163787317299972,0.22595526561043802,0.256119052927738,0.39951705927315684,0.3714474324230422,0.46583999853884644,3.0,0.0,0.46583999853884644,0.5170583775587566,0.6397748592870544,0.43384223918575066,0.5843043180260452,341.0,445.0,192.0,95.0,0.41379310344827586,0.6212424849699398,0.8724202626641651,0.4823651452282158,0.750968992248062,465.0,499.0,68.0,41.0,178.0,0.0,0.0,0.0
2025,12,1100,776,0,primary,C,ok,,1100.0,904.0,-0.43835460679502836,0.16701450376653462,0.14540637631849807,0.07449933645941996,0.22445454545454543,0.2989538819139654,-0.4829413039385102,0.16958333976925313,0.14477506551438793,0.055222026125886274,0.22445454545454543,0.27967657158043174,0.5000909454690967,0.4659582841401023,0.4701784145099975,3.0,0.0,0.4701784145099975,0.5958305312710155,0.8218923933209648,0.46729957805907174,0.7135953608247423,443.0,505.0,96.0,56.0,0.4390909090909091,0.6544535691724573,0.961038961038961,0.49616858237547895,0.809375,518.0,526.0,21.0,35.0,96.0,0.0,0.0,0.0
2025,12,1100,776,0,share_history_subset,C,ok,,1073.0,887.0,-0.418565175334652,0.16652218638074848,0.14486689662277866,0.07307372463993791,0.22595526561043802,0.29902899025037594,-0.46637434498912,0.16930503904972002,0.1444449008139964,0.05406377177140326,0.22595526561043802,0.28001903738184125,0.5033215203946911,0.46834827322632194,0.47909699039332426,3.0,0.0,0.47909699039332426,0.6027397260273972,0.8255159474671669,0.4746494066882416,0.7191892775416803,440.0,487.0,93.0,53.0,0.44361602982292636,0.6597938144329897,0.9606003752345216,0.5024533856722276,0.8124404950809266,512.0,507.0,21.0,33.0,92.0,0.0,0.0,0.0
2025,12,1100,776,0,primary,D_direct,ok,,1100.0,904.0,-0.2364421046472489,0.1548488898119939,0.13176292191310363,0.04720841738852588,0.22445454545454543,0.27166296284307134,-0.2364421046472489,0.1548488898119939,0.13176292191310363,0.04720841738852588,0.22445454545454543,0.27166296284307134,0.5097906931367588,0.5097906931367588,0.5825932295095624,3.0,0.0,0.5825932295095624,0.6458055925432756,0.8998144712430427,0.5036344755970924,0.7774927861494069,485.0,478.0,54.0,83.0,0.45454545454545453,0.6458055925432756,0.8998144712430427,0.5036344755970924,0.7774927861494069,485.0,478.0,54.0,83.0,0.0,0.0,0.0,0.0
2025,12,1100,776,0,share_history_subset,D_direct,ok,,1073.0,887.0,-0.21453525751331082,0.154082217743672,0.13087686585524544,0.04500788825478159,0.22595526561043802,0.27096315386521963,-0.21453525751331082,0.154082217743672,0.13087686585524544,0.04500788825478159,0.22595526561043802,0.27096315386521963,0.5148148148148148,0.5148148148148148,0.5872056202168796,3.0,0.0,0.5872056202168796,0.65214431586113,0.8986866791744841,0.5117521367521367,0.780638852672751,479.0,457.0,54.0,83.0,0.4613233923578751,0.65214431586113,0.8986866791744841,0.5117521367521367,0.780638852672751,479.0,457.0,54.0,83.0,0.0,0.0,0.0,0.0
2025,12,1100,776,0,primary,D_residual,ok,,1100.0,904.0,-1.451460797442154,0.21803874794334935,0.1702930761682381,0.09097286025895507,0.22445454545454543,0.31542740571350053,-0.8955367991987877,0.19172878195136678,0.1481595435770771,-0.11630693576483729,0.22445454545454543,0.10814760968970814,0.6358278848729574,0.6004385225164446,0.5610802988697877,3.0,0.0,0.563485018371002,0.47535596933187296,0.4025974025974026,0.5802139037433155,0.4288537549407115,217.0,157.0,322.0,404.0,0.5027272727272727,0.6268656716417911,0.7402597402597403,0.5435967302452316,0.6903114186851211,399.0,335.0,140.0,226.0,362.0,0.0,27.0,1073.0
2025,12,1100,776,0,share_history_subset,D_residual,ok,,1073.0,887.0,-1.4618351421946398,0.21936985126785277,0.17113511596493045,0.09063464291067601,0.22595526561043802,0.316589908521114,-0.9019338967094319,0.19281693126656865,0.14870856725121026,-0.12126648422498507,0.22595526561043802,0.10468878138545296,0.637061357793065,0.6174414564658466,0.5746409897718007,3.0,0.0,0.5660011638550132,0.48072562358276644,0.3977485928705441,0.6074498567335244,0.42724707779121324,212.0,137.0,321.0,403.0,0.5088536812674743,0.6328502415458938,0.7373358348968105,0.5543018335684062,0.6916578669482577,393.0,316.0,140.0,224.0,360.0,0.0,0.0,1073.0
2025,12,1100,776,0,primary,D_selected,ok,,1100.0,904.0,-1.451460797442154,0.21803874794334935,0.1702930761682381,0.09097286025895507,0.22445454545454543,0.31542740571350053,-0.8955367991987877,0.19172878195136678,0.1481595435770771,-0.11630693576483729,0.22445454545454543,0.10814760968970814,0.6358278848729574,0.6004385225164446,0.5610802988697877,3.0,0.0,0.563485018371002,0.47535596933187296,0.4025974025974026,0.5802139037433155,0.4288537549407115,217.0,157.0,322.0,404.0,0.5027272727272727,0.6268656716417911,0.7402597402597403,0.5435967302452316,0.6903114186851211,399.0,335.0,140.0,226.0,362.0,0.0,27.0,1073.0
2025,12,1100,776,0,share_history_subset,D_selected,ok,,1073.0,887.0,-1.4618351421946398,0.21936985126785277,0.17113511596493045,0.09063464291067601,0.22595526561043802,0.316589908521114,-0.9019338967094319,0.19281693126656865,0.14870856725121026,-0.12126648422498507,0.22595526561043802,0.10468878138545296,0.637061357793065,0.6174414564658466,0.5746409897718007,3.0,0.0,0.5660011638550132,0.48072562358276644,0.3977485928705441,0.6074498567335244,0.42724707779121324,212.0,137.0,321.0,403.0,0.5088536812674743,0.6328502415458938,0.7373358348968105,0.5543018335684062,0.6916578669482577,393.0,316.0,140.0,224.0,360.0,0.0,0.0,1073.0
2025,12,1100,776,0,share_history_subset,share_persistence,ok,,1073.0,,,,,,,,-0.9673732031606475,0.19610597824429876,0.14755911789224205,0.03492466485595185,0.22595526561043802,0.26087993046638985,,0.7181189632409145,,,,,0.6931407942238267,0.7204502814258912,0.6678260869565218,0.7092722571111932,384.0,191.0,149.0,349.0,,,,,,,,,,,,,
2025,12,1100,776,0,phase_persistence_subset,phase_persistence,ok,,1077.0,,,,,,,,,,,,,,,,,,,,0.6924460431654677,0.7223264540337712,0.6649395509499136,0.7100700848395426,385.0,194.0,148.0,350.0,0.5450324976787372,,,,,,,,,,,,
2025,12,1100,776,0,phase_persistence_subset,A,ok,,1077.0,889.0,-0.024405258413137565,0.1414750960703741,0.11842238727054225,0.017937911591711375,0.2255338904363974,0.24347180202810878,-0.14987637330691483,0.1498889693094672,0.11874327968508852,-0.015085776066120278,0.2255338904363974,0.2104481143702771,0.5446763602251408,0.46910523121068315,0.45267168023787957,3.0,0.0,0.45267168023787957,0.5363036303630363,0.6097560975609756,0.4786450662739323,0.5780860903593027,325.0,354.0,208.0,190.0,0.45125348189415043,0.6554508748317631,0.9136960600375235,0.5110178384050367,0.7893030794165316,487.0,466.0,46.0,78.0,274.0,0.0,0.0,0.0
2025,12,1100,776,0,phase_persistence_subset,B,ok,,1077.0,889.0,-0.5497709560981496,0.1740114623675342,0.1474978601866114,0.05902868617765308,0.2255338904363974,0.2845625766140505,-0.6217164127625026,0.17800473464135735,0.14635783138271727,0.030466496534098542,0.2255338904363974,0.25600038697049593,0.3997213331861825,0.3726616819335614,0.46351821842583113,3.0,0.0,0.46351821842583113,0.5158850226928896,0.6397748592870544,0.43219264892268694,0.5837042108866827,341.0,448.0,192.0,96.0,0.41225626740947074,0.619586942038641,0.8724202626641651,0.48037190082644626,0.75,465.0,503.0,68.0,41.0,179.0,0.0,0.0,0.0
2025,12,1100,776,0,phase_persistence_subset,C,ok,,1077.0,889.0,-0.4198672518310764,0.16655894805797347,0.1449686190433378,0.07344208836776853,0.2255338904363974,0.29897597880416593,-0.4652523836975131,0.16919998346377282,0.14436907650219163,0.054323624819088145,0.2255338904363974,0.2798575152554856,0.503883401390575,0.47007435713497403,0.4785928220032402,3.0,0.0,0.4785928220032402,0.6015037593984962,0.8255159474671669,0.4731182795698925,0.7184846505551927,440.0,490.0,93.0,54.0,0.44196843082636955,0.6580976863753213,0.9606003752345216,0.5004887585532747,0.8114104595879557,512.0,511.0,21.0,33.0,93.0,0.0,0.0,0.0
2025,12,1100,776,0,phase_persistence_subset,D_direct,ok,,1077.0,889.0,-0.21528510338666051,0.1540930974989444,0.13093332428011278,0.04538326581651233,0.2255338904363974,0.27091715625290974,-0.21528510338666051,0.1540930974989444,0.13093332428011278,0.04538326581651233,0.2255338904363974,0.27091715625290974,0.515299083986315,0.515299083986315,0.587065350875616,3.0,0.0,0.587065350875616,0.6503733876442634,0.8986866791744841,0.5095744680851064,0.7796223958333334,479.0,461.0,54.0,83.0,0.4596100278551532,0.6503733876442634,0.8986866791744841,0.5095744680851064,0.7796223958333334,479.0,461.0,54.0,83.0,0.0,0.0,0.0,0.0
2025,12,1100,776,0,phase_persistence_subset,D_residual,ok,,1077.0,889.0,-1.4603834815031398,0.21925297719056475,0.17114123147769675,0.090939738824758,0.2255338904363974,0.3164736292611554,-0.8999902226861989,0.1926725214990973,0.14861073233693198,-0.12036162628327003,0.2255338904363974,0.10517226415312736,0.6365639830040833,0.6143982452267962,0.5663588614260336,3.0,0.0,0.5651898478742733,0.4785553047404063,0.3977485928705441,0.6005665722379604,0.42655935613682094,212.0,141.0,321.0,403.0,0.5069637883008357,0.6308186195826645,0.7373358348968105,0.5511921458625526,0.6906854130052724,393.0,320.0,140.0,224.0,360.0,0.0,4.0,1073.0
2025,12,1100,776,0,phase_persistence_subset,D_selected,ok,,1077.0,889.0,-1.4603834815031398,0.21925297719056475,0.17114123147769675,0.090939738824758,0.2255338904363974,0.3164736292611554,-0.8999902226861989,0.1926725214990973,0.14861073233693198,-0.12036162628327003,0.2255338904363974,0.10517226415312736,0.6365639830040833,0.6143982452267962,0.5663588614260336,3.0,0.0,0.5651898478742733,0.4785553047404063,0.3977485928705441,0.6005665722379604,0.42655935613682094,212.0,141.0,321.0,403.0,0.5069637883008357,0.6308186195826645,0.7373358348968105,0.5511921458625526,0.6906854130052724,393.0,320.0,140.0,224.0,360.0,0.0,4.0,1073.0
2025,12,1100,776,0,primary,always_crisis,ok,,1100.0,,,,,,,,,,,,,,,,,,,,0.6577181208053692,1.0,0.49,0.8277027027027027,539.0,561.0,0.0,0.0,,,,,,,,,,,,,
2025,12,1100,776,0,primary,v1_D_raw,ok,,1100.0,,,,,,,,-0.14307028255240417,0.14888730548127005,0.1250802203281359,0.03143464853004973,0.22445454545454543,0.2558891939845952,,0.521577225931695,,,,,0.6486120514556534,0.8886827458256029,0.5106609808102346,0.7740788623141565,479.0,459.0,60.0,102.0,,,,,,,,,,,,,
2025,12,1100,776,0,primary,v1_D_isotonic,ok,,1100.0,,,,,,,,-0.1511058231157274,0.149409712006568,0.12503842843393284,0.015262998360051218,0.22445454545454543,0.23971754381459665,,0.4794661666319421,,,,,0.6090014064697609,0.8033395176252319,0.49037372593431483,0.7124053965120105,433.0,450.0,106.0,111.0,,,,,,,,,,,,,
2026,0,904,0,1,primary,A,ok,,904.0,904.0,-0.020952874754434525,0.18094357098069788,0.16081660999624264,0.04782893651661949,0.2757029041722674,0.3235318406888869,-0.04890694851318056,0.18340399440229987,0.15677473009458523,-0.0409571377367355,0.2757029041722674,0.23474576643553194,0.5903005860996116,0.5110676586058875,0.5110676586058875,1.0,0.0,0.5903005860996116,0.7487889273356402,1.0,0.5984513274336283,0.8816818774445893,541.0,363.0,0.0,0.0,0.3893805309734513,0.7489597780859917,0.9981515711645101,0.5993340732519423,0.8809135399673735,540.0,361.0,1.0,2.0,3.0,0.0,0.0,0.0
2026,0,904,0,1,share_history_subset,A,ok,,904.0,904.0,-0.020952874754434525,0.18094357098069788,0.16081660999624264,0.04782893651661949,0.2757029041722674,0.3235318406888869,-0.04890694851318056,0.18340399440229987,0.15677473009458523,-0.0409571377367355,0.2757029041722674,0.23474576643553194,0.5903005860996116,0.5110676586058875,0.5110676586058875,1.0,0.0,0.5903005860996116,0.7487889273356402,1.0,0.5984513274336283,0.8816818774445893,541.0,363.0,0.0,0.0,0.3893805309734513,0.7489597780859917,0.9981515711645101,0.5993340732519423,0.8809135399673735,540.0,361.0,1.0,2.0,3.0,0.0,0.0,0.0
2026,0,904,0,1,primary,B,ok,,904.0,904.0,-0.1808535203275643,0.19459797791286085,0.17047599168465674,0.0670641351251614,0.2757029041722674,0.3427670392974288,-0.0279932987325775,0.18156638659297727,0.15636964055941424,-0.030023528674514636,0.2757029041722674,0.24567937549775273,0.4699006533152054,0.48277091194247973,0.48277091194247973,1.0,0.0,0.4699006533152054,0.7487889273356402,1.0,0.5984513274336283,0.8816818774445893,541.0,363.0,0.0,0.0,0.38716814159292035,0.7487889273356402,1.0,0.5984513274336283,0.8816818774445893,541.0,363.0,0.0,0.0,0.0,0.0,0.0,0.0
2026,0,904,0,1,share_history_subset,B,ok,,904.0,904.0,-0.1808535203275643,0.19459797791286085,0.17047599168465674,0.0670641351251614,0.2757029041722674,0.3427670392974288,-0.0279932987325775,0.18156638659297727,0.15636964055941424,-0.030023528674514636,0.2757029041722674,0.24567937549775273,0.4699006533152054,0.48277091194247973,0.48277091194247973,1.0,0.0,0.4699006533152054,0.7487889273356402,1.0,0.5984513274336283,0.8816818774445893,541.0,363.0,0.0,0.0,0.38716814159292035,0.7487889273356402,1.0,0.5984513274336283,0.8816818774445893,541.0,363.0,0.0,0.0,0.0,0.0,0.0,0.0
2026,0,904,0,1,primary,C,ok,,904.0,904.0,-0.1808535203275643,0.19459797791286085,0.17047599168465674,0.0670641351251614,0.2757029041722674,0.3427670392974288,-0.0279932987325775,0.18156638659297727,0.15636964055941424,-0.030023528674514636,0.2757029041722674,0.24567937549775273,0.4699006533152054,0.48277091194247973,0.48277091194247973,1.0,0.0,0.4699006533152054,0.7487889273356402,1.0,0.5984513274336283,0.8816818774445893,541.0,363.0,0.0,0.0,0.38716814159292035,0.7487889273356402,1.0,0.5984513274336283,0.8816818774445893,541.0,363.0,0.0,0.0,0.0,0.0,0.0,0.0
2026,0,904,0,1,share_history_subset,C,ok,,904.0,904.0,-0.1808535203275643,0.19459797791286085,0.17047599168465674,0.0670641351251614,0.2757029041722674,0.3427670392974288,-0.0279932987325775,0.18156638659297727,0.15636964055941424,-0.030023528674514636,0.2757029041722674,0.24567937549775273,0.4699006533152054,0.48277091194247973,0.48277091194247973,1.0,0.0,0.4699006533152054,0.7487889273356402,1.0,0.5984513274336283,0.8816818774445893,541.0,363.0,0.0,0.0,0.38716814159292035,0.7487889273356402,1.0,0.5984513274336283,0.8816818774445893,541.0,363.0,0.0,0.0,0.0,0.0,0.0,0.0
2026,0,904,0,1,primary,D_direct,ok,,904.0,904.0,0.09975267563622137,0.16991089537171974,0.14388400633250378,0.06042696385992906,0.2757029041722674,0.33612986803219647,0.21266815726294308,0.15889828761478544,0.13627085257565125,0.0055110255144359245,0.2757029041722674,0.28121392968670333,0.7737889735873268,0.7737889735873268,0.7737889735873268,1.0,0.0,0.7737889735873268,0.767515923566879,0.8909426987060998,0.6741258741258741,0.8370962139631817,482.0,233.0,59.0,130.0,0.43805309734513276,0.762962962962963,0.9519408502772643,0.6365883807169345,0.8661284897410023,515.0,294.0,26.0,69.0,94.0,0.0,0.0,0.0
2026,0,904,0,1,share_history_subset,D_direct,ok,,904.0,904.0,0.09975267563622137,0.16991089537171974,0.14388400633250378,0.06042696385992906,0.2757029041722674,0.33612986803219647,0.21266815726294308,0.15889828761478544,0.13627085257565125,0.0055110255144359245,0.2757029041722674,0.28121392968670333,0.7737889735873268,0.7737889735873268,0.7737889735873268,1.0,0.0,0.7737889735873268,0.767515923566879,0.8909426987060998,0.6741258741258741,0.8370962139631817,482.0,233.0,59.0,130.0,0.43805309734513276,0.762962962962963,0.9519408502772643,0.6365883807169345,0.8661284897410023,515.0,294.0,26.0,69.0,94.0,0.0,0.0,0.0
2026,0,904,0,1,primary,D_residual,ok,,904.0,904.0,0.1396947143624354,0.16609884190733548,0.14184066457537933,0.021118414711853665,0.2757029041722674,0.29682131888412105,0.061901998143939485,0.17344605019117976,0.1422175765251595,-0.054229676401405184,0.2757029041722674,0.22147322777086223,0.7245815574667869,0.7245815574667869,0.7245815574667869,1.0,0.0,0.7245815574667869,0.7631103074141049,0.7800369685767098,0.7469026548672566,0.7731769879076584,422.0,143.0,119.0,220.0,0.4314159292035398,0.759941089837997,0.9537892791127541,0.631578947368421,0.8654813820865481,516.0,301.0,25.0,62.0,252.0,1.0,0.0,904.0
2026,0,904,0,1,share_history_subset,D_residual,ok,,904.0,904.0,0.1396947143624354,0.16609884190733548,0.14184066457537933,0.021118414711853665,0.2757029041722674,0.29682131888412105,0.061901998143939485,0.17344605019117976,0.1422175765251595,-0.054229676401405184,0.2757029041722674,0.22147322777086223,0.7245815574667869,0.7245815574667869,0.7245815574667869,1.0,0.0,0.7245815574667869,0.7631103074141049,0.7800369685767098,0.7469026548672566,0.7731769879076584,422.0,143.0,119.0,220.0,0.4314159292035398,0.759941089837997,0.9537892791127541,0.631578947368421,0.8654813820865481,516.0,301.0,25.0,62.0,252.0,1.0,0.0,904.0
2026,0,904,0,1,primary,D_selected,ok,,904.0,904.0,0.1396947143624354,0.16609884190733548,0.14184066457537933,0.021118414711853665,0.2757029041722674,0.29682131888412105,0.061901998143939485,0.17344605019117976,0.1422175765251595,-0.054229676401405184,0.2757029041722674,0.22147322777086223,0.7245815574667869,0.7245815574667869,0.7245815574667869,1.0,0.0,0.7245815574667869,0.7631103074141049,0.7800369685767098,0.7469026548672566,0.7731769879076584,422.0,143.0,119.0,220.0,0.4314159292035398,0.759941089837997,0.9537892791127541,0.631578947368421,0.8654813820865481,516.0,301.0,25.0,62.0,252.0,1.0,0.0,904.0
2026,0,904,0,1,share_history_subset,D_selected,ok,,904.0,904.0,0.1396947143624354,0.16609884190733548,0.14184066457537933,0.021118414711853665,0.2757029041722674,0.29682131888412105,0.061901998143939485,0.17344605019117976,0.1422175765251595,-0.054229676401405184,0.2757029041722674,0.22147322777086223,0.7245815574667869,0.7245815574667869,0.7245815574667869,1.0,0.0,0.7245815574667869,0.7631103074141049,0.7800369685767098,0.7469026548672566,0.7731769879076584,422.0,143.0,119.0,220.0,0.4314159292035398,0.759941089837997,0.9537892791127541,0.631578947368421,0.8654813820865481,516.0,301.0,25.0,62.0,252.0,1.0,0.0,904.0
2026,0,904,0,1,share_history_subset,share_persistence,ok,,904.0,,,,,,,,0.21993308749307972,0.15816348925812526,0.12572660834420166,-0.05385555903952403,0.2757029041722674,0.22184734513274337,,0.79009639327233,,,,,0.8242990654205608,0.8151571164510166,0.833648393194707,0.8187894541403639,441.0,88.0,100.0,275.0,,,,,,,,,,,,,
2026,0,904,0,1,phase_persistence_subset,phase_persistence,ok,,904.0,,,,,,,,,,,,,,,,,,,,0.8288621646623496,0.8280961182994455,0.8296296296296296,0.8284023668639053,448.0,92.0,93.0,271.0,0.6061946902654868,,,,,,,,,,,,
2026,0,904,0,1,phase_persistence_subset,A,ok,,904.0,904.0,-0.020952874754434525,0.18094357098069788,0.16081660999624264,0.04782893651661949,0.2757029041722674,0.3235318406888869,-0.04890694851318056,0.18340399440229987,0.15677473009458523,-0.0409571377367355,0.2757029041722674,0.23474576643553194,0.5903005860996116,0.5110676586058875,0.5110676586058875,1.0,0.0,0.5903005860996116,0.7487889273356402,1.0,0.5984513274336283,0.8816818774445893,541.0,363.0,0.0,0.0,0.3893805309734513,0.7489597780859917,0.9981515711645101,0.5993340732519423,0.8809135399673735,540.0,361.0,1.0,2.0,3.0,0.0,0.0,0.0
2026,0,904,0,1,phase_persistence_subset,B,ok,,904.0,904.0,-0.1808535203275643,0.19459797791286085,0.17047599168465674,0.0670641351251614,0.2757029041722674,0.3427670392974288,-0.0279932987325775,0.18156638659297727,0.15636964055941424,-0.030023528674514636,0.2757029041722674,0.24567937549775273,0.4699006533152054,0.48277091194247973,0.48277091194247973,1.0,0.0,0.4699006533152054,0.7487889273356402,1.0,0.5984513274336283,0.8816818774445893,541.0,363.0,0.0,0.0,0.38716814159292035,0.7487889273356402,1.0,0.5984513274336283,0.8816818774445893,541.0,363.0,0.0,0.0,0.0,0.0,0.0,0.0
2026,0,904,0,1,phase_persistence_subset,C,ok,,904.0,904.0,-0.1808535203275643,0.19459797791286085,0.17047599168465674,0.0670641351251614,0.2757029041722674,0.3427670392974288,-0.0279932987325775,0.18156638659297727,0.15636964055941424,-0.030023528674514636,0.2757029041722674,0.24567937549775273,0.4699006533152054,0.48277091194247973,0.48277091194247973,1.0,0.0,0.4699006533152054,0.7487889273356402,1.0,0.5984513274336283,0.8816818774445893,541.0,363.0,0.0,0.0,0.38716814159292035,0.7487889273356402,1.0,0.5984513274336283,0.8816818774445893,541.0,363.0,0.0,0.0,0.0,0.0,0.0,0.0
2026,0,904,0,1,phase_persistence_subset,D_direct,ok,,904.0,904.0,0.09975267563622137,0.16991089537171974,0.14388400633250378,0.06042696385992906,0.2757029041722674,0.33612986803219647,0.21266815726294308,0.15889828761478544,0.13627085257565125,0.0055110255144359245,0.2757029041722674,0.28121392968670333,0.7737889735873268,0.7737889735873268,0.7737889735873268,1.0,0.0,0.7737889735873268,0.767515923566879,0.8909426987060998,0.6741258741258741,0.8370962139631817,482.0,233.0,59.0,130.0,0.43805309734513276,0.762962962962963,0.9519408502772643,0.6365883807169345,0.8661284897410023,515.0,294.0,26.0,69.0,94.0,0.0,0.0,0.0
2026,0,904,0,1,phase_persistence_subset,D_residual,ok,,904.0,904.0,0.1396947143624354,0.16609884190733548,0.14184066457537933,0.021118414711853665,0.2757029041722674,0.29682131888412105,0.061901998143939485,0.17344605019117976,0.1422175765251595,-0.054229676401405184,0.2757029041722674,0.22147322777086223,0.7245815574667869,0.7245815574667869,0.7245815574667869,1.0,0.0,0.7245815574667869,0.7631103074141049,0.7800369685767098,0.7469026548672566,0.7731769879076584,422.0,143.0,119.0,220.0,0.4314159292035398,0.759941089837997,0.9537892791127541,0.631578947368421,0.8654813820865481,516.0,301.0,25.0,62.0,252.0,1.0,0.0,904.0
2026,0,904,0,1,phase_persistence_subset,D_selected,ok,,904.0,904.0,0.1396947143624354,0.16609884190733548,0.14184066457537933,0.021118414711853665,0.2757029041722674,0.29682131888412105,0.061901998143939485,0.17344605019117976,0.1422175765251595,-0.054229676401405184,0.2757029041722674,0.22147322777086223,0.7245815574667869,0.7245815574667869,0.7245815574667869,1.0,0.0,0.7245815574667869,0.7631103074141049,0.7800369685767098,0.7469026548672566,0.7731769879076584,422.0,143.0,119.0,220.0,0.4314159292035398,0.759941089837997,0.9537892791127541,0.631578947368421,0.8654813820865481,516.0,301.0,25.0,62.0,252.0,1.0,0.0,904.0
2026,0,904,0,1,primary,always_crisis,ok,,904.0,,,,,,,,,,,,,,,,,,,,0.7487889273356402,1.0,0.5984513274336283,0.8816818774445893,541.0,363.0,0.0,0.0,,,,,,,,,,,,,
2026,0,904,0,1,primary,v1_D_raw,ok,,904.0,,,,,,,,0.09975267563622159,0.16991089537171972,0.14388400633250376,0.06042696385992904,0.2757029041722674,0.33612986803219647,,0.7737889735873268,,,,,0.762962962962963,0.9519408502772643,0.6365883807169345,0.8661284897410023,515.0,294.0,26.0,69.0,,,,,,,,,,,,,
2026,0,904,0,1,primary,v1_D_isotonic,ok,,904.0,,,,,,,,0.21423469412384433,0.15874013069023868,0.13576199689699475,0.019703702668720135,0.2757029041722674,0.2954066068409876,,0.7687885407596381,,,,,0.7660626029654036,0.8595194085027726,0.6909361069836553,0.8195276700740218,465.0,208.0,76.0,155.0,,,,,,,,,,,,,
2026,3,0,904,1,primary,all,unavailable,empty primary cohort,,,,,,,,,,,,,,,,,,,,,,,,,,,,,,,,,,,,,,,,,
2026,6,0,904,1,primary,all,unavailable,empty primary cohort,,,,,,,,,,,,,,,,,,,,,,,,,,,,,,,,,,,,,,,,,
2026,12,132,772,1,primary,A,ok,,132.0,132.0,-0.04083099782824062,0.18362085006811082,0.15783295072922426,-0.003191627565656419,0.2771835805827901,0.27399195301713364,-0.1400957101093021,0.1921775004612512,0.15592234637699276,-0.06750660634030767,0.2771835805827901,0.2096769742424824,0.5052045509561849,0.5555555555555556,0.5555555555555556,1.0,0.0,0.5052045509561849,0.7309644670050761,0.8888888888888888,0.6206896551724138,0.8181818181818182,72.0,44.0,9.0,7.0,0.38636363636363635,0.7307692307692307,0.9382716049382716,0.5984251968503937,0.8425720620842572,76.0,51.0,5.0,0.0,11.0,0.0,0.0,0.0
2026,12,132,772,1,share_history_subset,A,ok,,132.0,132.0,-0.04083099782824062,0.18362085006811082,0.15783295072922426,-0.003191627565656419,0.2771835805827901,0.27399195301713364,-0.1400957101093021,0.1921775004612512,0.15592234637699276,-0.06750660634030767,0.2771835805827901,0.2096769742424824,0.5052045509561849,0.5555555555555556,0.5555555555555556,1.0,0.0,0.5052045509561849,0.7309644670050761,0.8888888888888888,0.6206896551724138,0.8181818181818182,72.0,44.0,9.0,7.0,0.38636363636363635,0.7307692307692307,0.9382716049382716,0.5984251968503937,0.8425720620842572,76.0,51.0,5.0,0.0,11.0,0.0,0.0,0.0
2026,12,132,772,1,primary,B,ok,,132.0,132.0,0.11138141583514616,0.1696639526540512,0.14481179130881344,-0.03392146268486773,0.2771835805827901,0.24326211789792235,-0.16994175799433564,0.1946767134480999,0.15459366498567848,-0.08524063836956187,0.2771835805827901,0.1919429422132282,0.672718470104091,0.6224885015734689,0.6224885015734689,1.0,0.0,0.672718470104091,0.43859649122807015,0.30864197530864196,0.7575757575757576,0.35014005602240894,25.0,8.0,56.0,43.0,0.4318181818181818,0.7422680412371134,0.8888888888888888,0.6371681415929203,0.8237986270022883,72.0,41.0,9.0,10.0,80.0,0.0,0.0,0.0
2026,12,132,772,1,share_history_subset,B,ok,,132.0,132.0,0.11138141583514616,0.1696639526540512,0.14481179130881344,-0.03392146268486773,0.2771835805827901,0.24326211789792235,-0.16994175799433564,0.1946767134480999,0.15459366498567848,-0.08524063836956187,0.2771835805827901,0.1919429422132282,0.672718470104091,0.6224885015734689,0.6224885015734689,1.0,0.0,0.672718470104091,0.43859649122807015,0.30864197530864196,0.7575757575757576,0.35014005602240894,25.0,8.0,56.0,43.0,0.4318181818181818,0.7422680412371134,0.8888888888888888,0.6371681415929203,0.8237986270022883,72.0,41.0,9.0,10.0,80.0,0.0,0.0,0.0
2026,12,132,772,1,primary,C,ok,,132.0,132.0,0.13438373740089082,0.16745363839724486,0.14488164715260107,0.005025245584323781,0.2771835805827901,0.28220882616711385,-0.1429544636659541,0.19241828908360192,0.15498977347342915,-0.0712856742101195,0.2771835805827901,0.20589790637267055,0.625998547567175,0.5123456790123456,0.5123456790123456,1.0,0.0,0.625998547567175,0.7582938388625592,0.9876543209876543,0.6153846153846154,0.8810572687224669,80.0,50.0,1.0,1.0,0.42424242424242425,0.7536231884057971,0.9629629629629629,0.6190476190476191,0.8666666666666667,78.0,48.0,3.0,3.0,4.0,0.0,0.0,0.0
2026,12,132,772,1,share_history_subset,C,ok,,132.0,132.0,0.13438373740089082,0.16745363839724486,0.14488164715260107,0.005025245584323781,0.2771835805827901,0.28220882616711385,-0.1429544636659541,0.19241828908360192,0.15498977347342915,-0.0712856742101195,0.2771835805827901,0.20589790637267055,0.625998547567175,0.5123456790123456,0.5123456790123456,1.0,0.0,0.625998547567175,0.7582938388625592,0.9876543209876543,0.6153846153846154,0.8810572687224669,80.0,50.0,1.0,1.0,0.42424242424242425,0.7536231884057971,0.9629629629629629,0.6190476190476191,0.8666666666666667,78.0,48.0,3.0,3.0,4.0,0.0,0.0,0.0
2026,12,132,772,1,primary,D_direct,ok,,132.0,132.0,0.05059066864000006,0.17537134494850723,0.14931631623973804,-0.02606219499535429,0.2771835805827901,0.2511213855874358,-0.486655583226292,0.21945074917877408,0.1707813287563731,-0.13447215583180322,0.2771835805827901,0.1427114247509869,0.6305979181796175,0.6305979181796175,0.6305979181796175,1.0,0.0,0.6305979181796175,0.2708333333333333,0.16049382716049382,0.8666666666666667,0.19174041297935104,13.0,2.0,68.0,49.0,0.45454545454545453,0.7539267015706806,0.8888888888888888,0.6545454545454545,0.8294930875576036,72.0,38.0,9.0,13.0,95.0,0.0,0.0,0.0
2026,12,132,772,1,share_history_subset,D_direct,ok,,132.0,132.0,0.05059066864000006,0.17537134494850723,0.14931631623973804,-0.02606219499535429,0.2771835805827901,0.2511213855874358,-0.486655583226292,0.21945074917877408,0.1707813287563731,-0.13447215583180322,0.2771835805827901,0.1427114247509869,0.6305979181796175,0.6305979181796175,0.6305979181796175,1.0,0.0,0.6305979181796175,0.2708333333333333,0.16049382716049382,0.8666666666666667,0.19174041297935104,13.0,2.0,68.0,49.0,0.45454545454545453,0.7539267015706806,0.8888888888888888,0.6545454545454545,0.8294930875576036,72.0,38.0,9.0,13.0,95.0,0.0,0.0,0.0
2026,12,132,772,1,primary,D_residual,ok,,132.0,132.0,0.027064239959487257,0.1775309053124003,0.14202744756678312,-0.048186038659657704,0.2771835805827901,0.22899754192313235,-1.6459158910980007,0.292765503129922,0.23741145139495595,-0.2358588161408739,0.2771835805827901,0.041324764441916226,0.6276930525296537,0.6319293149358509,0.6319293149358509,1.0,0.0,0.6276930525296537,0.024390243902439025,0.012345679012345678,1.0,0.015384615384615385,1.0,0.0,80.0,51.0,0.44696969696969696,0.7362637362637363,0.8271604938271605,0.6633663366336634,0.788235294117647,67.0,34.0,14.0,17.0,100.0,30.0,0.0,132.0
2026,12,132,772,1,share_history_subset,D_residual,ok,,132.0,132.0,0.027064239959487257,0.1775309053124003,0.14202744756678312,-0.048186038659657704,0.2771835805827901,0.22899754192313235,-1.6459158910980007,0.292765503129922,0.23741145139495595,-0.2358588161408739,0.2771835805827901,0.041324764441916226,0.6276930525296537,0.6319293149358509,0.6319293149358509,1.0,0.0,0.6276930525296537,0.024390243902439025,0.012345679012345678,1.0,0.015384615384615385,1.0,0.0,80.0,51.0,0.44696969696969696,0.7362637362637363,0.8271604938271605,0.6633663366336634,0.788235294117647,67.0,34.0,14.0,17.0,100.0,30.0,0.0,132.0
2026,12,132,772,1,primary,D_selected,ok,,132.0,132.0,0.027064239959487257,0.1775309053124003,0.14202744756678312,-0.048186038659657704,0.2771835805827901,0.22899754192313235,-1.6459158910980007,0.292765503129922,0.23741145139495595,-0.2358588161408739,0.2771835805827901,0.041324764441916226,0.6276930525296537,0.6319293149358509,0.6319293149358509,1.0,0.0,0.6276930525296537,0.024390243902439025,0.012345679012345678,1.0,0.015384615384615385,1.0,0.0,80.0,51.0,0.44696969696969696,0.7362637362637363,0.8271604938271605,0.6633663366336634,0.788235294117647,67.0,34.0,14.0,17.0,100.0,30.0,0.0,132.0
2026,12,132,772,1,share_history_subset,D_selected,ok,,132.0,132.0,0.027064239959487257,0.1775309053124003,0.14202744756678312,-0.048186038659657704,0.2771835805827901,0.22899754192313235,-1.6459158910980007,0.292765503129922,0.23741145139495595,-0.2358588161408739,0.2771835805827901,0.041324764441916226,0.6276930525296537,0.6319293149358509,0.6319293149358509,1.0,0.0,0.6276930525296537,0.024390243902439025,0.012345679012345678,1.0,0.015384615384615385,1.0,0.0,80.0,51.0,0.44696969696969696,0.7362637362637363,0.8271604938271605,0.6633663366336634,0.788235294117647,67.0,34.0,14.0,17.0,100.0,30.0,0.0,132.0
2026,12,132,772,1,share_history_subset,share_persistence,ok,,132.0,,,,,,,,-0.20200955052435687,0.1973266958534188,0.14807102647023598,-0.07642600482521432,0.2771835805827901,0.20075757575757575,,0.7182280319535221,,,,,0.7153284671532847,0.6049382716049383,0.875,0.6447368421052632,49.0,7.0,32.0,44.0,,,,,,,,,,,,,
2026,12,132,772,1,phase_persistence_subset,phase_persistence,ok,,132.0,,,,,,,,,,,,,,,,,,,,0.6865671641791045,0.5679012345679012,0.8679245283018868,0.610079575596817,46.0,7.0,35.0,44.0,0.5303030303030303,,,,,,,,,,,,
2026,12,132,772,1,phase_persistence_subset,A,ok,,132.0,132.0,-0.04083099782824062,0.18362085006811082,0.15783295072922426,-0.003191627565656419,0.2771835805827901,0.27399195301713364,-0.1400957101093021,0.1921775004612512,0.15592234637699276,-0.06750660634030767,0.2771835805827901,0.2096769742424824,0.5052045509561849,0.5555555555555556,0.5555555555555556,1.0,0.0,0.5052045509561849,0.7309644670050761,0.8888888888888888,0.6206896551724138,0.8181818181818182,72.0,44.0,9.0,7.0,0.38636363636363635,0.7307692307692307,0.9382716049382716,0.5984251968503937,0.8425720620842572,76.0,51.0,5.0,0.0,11.0,0.0,0.0,0.0
2026,12,132,772,1,phase_persistence_subset,B,ok,,132.0,132.0,0.11138141583514616,0.1696639526540512,0.14481179130881344,-0.03392146268486773,0.2771835805827901,0.24326211789792235,-0.16994175799433564,0.1946767134480999,0.15459366498567848,-0.08524063836956187,0.2771835805827901,0.1919429422132282,0.672718470104091,0.6224885015734689,0.6224885015734689,1.0,0.0,0.672718470104091,0.43859649122807015,0.30864197530864196,0.7575757575757576,0.35014005602240894,25.0,8.0,56.0,43.0,0.4318181818181818,0.7422680412371134,0.8888888888888888,0.6371681415929203,0.8237986270022883,72.0,41.0,9.0,10.0,80.0,0.0,0.0,0.0
2026,12,132,772,1,phase_persistence_subset,C,ok,,132.0,132.0,0.13438373740089082,0.16745363839724486,0.14488164715260107,0.005025245584323781,0.2771835805827901,0.28220882616711385,-0.1429544636659541,0.19241828908360192,0.15498977347342915,-0.0712856742101195,0.2771835805827901,0.20589790637267055,0.625998547567175,0.5123456790123456,0.5123456790123456,1.0,0.0,0.625998547567175,0.7582938388625592,0.9876543209876543,0.6153846153846154,0.8810572687224669,80.0,50.0,1.0,1.0,0.42424242424242425,0.7536231884057971,0.9629629629629629,0.6190476190476191,0.8666666666666667,78.0,48.0,3.0,3.0,4.0,0.0,0.0,0.0
2026,12,132,772,1,phase_persistence_subset,D_direct,ok,,132.0,132.0,0.05059066864000006,0.17537134494850723,0.14931631623973804,-0.02606219499535429,0.2771835805827901,0.2511213855874358,-0.486655583226292,0.21945074917877408,0.1707813287563731,-0.13447215583180322,0.2771835805827901,0.1427114247509869,0.6305979181796175,0.6305979181796175,0.6305979181796175,1.0,0.0,0.6305979181796175,0.2708333333333333,0.16049382716049382,0.8666666666666667,0.19174041297935104,13.0,2.0,68.0,49.0,0.45454545454545453,0.7539267015706806,0.8888888888888888,0.6545454545454545,0.8294930875576036,72.0,38.0,9.0,13.0,95.0,0.0,0.0,0.0
2026,12,132,772,1,phase_persistence_subset,D_residual,ok,,132.0,132.0,0.027064239959487257,0.1775309053124003,0.14202744756678312,-0.048186038659657704,0.2771835805827901,0.22899754192313235,-1.6459158910980007,0.292765503129922,0.23741145139495595,-0.2358588161408739,0.2771835805827901,0.041324764441916226,0.6276930525296537,0.6319293149358509,0.6319293149358509,1.0,0.0,0.6276930525296537,0.024390243902439025,0.012345679012345678,1.0,0.015384615384615385,1.0,0.0,80.0,51.0,0.44696969696969696,0.7362637362637363,0.8271604938271605,0.6633663366336634,0.788235294117647,67.0,34.0,14.0,17.0,100.0,30.0,0.0,132.0
2026,12,132,772,1,phase_persistence_subset,D_selected,ok,,132.0,132.0,0.027064239959487257,0.1775309053124003,0.14202744756678312,-0.048186038659657704,0.2771835805827901,0.22899754192313235,-1.6459158910980007,0.292765503129922,0.23741145139495595,-0.2358588161408739,0.2771835805827901,0.041324764441916226,0.6276930525296537,0.6319293149358509,0.6319293149358509,1.0,0.0,0.6276930525296537,0.024390243902439025,0.012345679012345678,1.0,0.015384615384615385,1.0,0.0,80.0,51.0,0.44696969696969696,0.7362637362637363,0.8271604938271605,0.6633663366336634,0.788235294117647,67.0,34.0,14.0,17.0,100.0,30.0,0.0,132.0
2026,12,132,772,1,primary,always_crisis,ok,,132.0,,,,,,,,,,,,,,,,,,,,0.7605633802816901,1.0,0.6136363636363636,0.8881578947368421,81.0,51.0,0.0,0.0,,,,,,,,,,,,,
2026,12,132,772,1,primary,v1_D_raw,ok,,132.0,,,,,,,,0.05059066864000006,0.17537134494850723,0.14931631623973804,-0.026062194995354324,0.2771835805827901,0.2511213855874358,,0.6305979181796175,,,,,0.7539267015706806,0.8888888888888888,0.6545454545454545,0.8294930875576036,72.0,38.0,9.0,13.0,,,,,,,,,,,,,
2026,12,132,772,1,primary,v1_D_isotonic,ok,,132.0,,,,,,,,-0.17751424882138833,0.1953057233420742,0.15610384571632777,-0.08664331022703725,0.2771835805827901,0.19054027035575283,,0.6263616557734204,,,,,0.6666666666666666,0.6666666666666666,0.6666666666666666,0.6666666666666666,54.0,27.0,27.0,24.0,,,,,,,,,,,,,
