job_id,view,target,bundle,kind,n_rows,path,sha256,feature_order_sha256
y2025_h00_o2025-04,A,q2,X3,xgboost,3057,y2025_h00_o2025-04_A_q2.ubj,90da69f932c96472a447798237002ccec63276d8c1f9195bae0592eda2c18e58,ecc9ddb17c6e594e74f015bdda23a088bc9382061af006b77e3ec543d33759b7
y2025_h00_o2025-04,A,q4,X3,xgboost,3057,y2025_h00_o2025-04_A_q4.ubj,245e944882db432b3ea1e90c2a4e1d5f9381668e0bb5bfea2486d6e4805c9fd5,ecc9ddb17c6e594e74f015bdda23a088bc9382061af006b77e3ec543d33759b7
y2025_h00_o2025-04,A,q5,X3,xgboost,3057,y2025_h00_o2025-04_A_q5.ubj,8f2dcd6b54b059704cbe1a257a78dc7ba53570ff68abe5a0891b2cd33da55ae0,ecc9ddb17c6e594e74f015bdda23a088bc9382061af006b77e3ec543d33759b7
y2025_h00_o2025-04,A,q3_direct,X3,xgboost,3057,y2025_h00_o2025-04_A_q3_direct.ubj,de5a0bbabdc81a24b42695c6c91c1305052a5babd67e014308ace2c574eef1f1,ecc9ddb17c6e594e74f015bdda23a088bc9382061af006b77e3ec543d33759b7
y2025_h00_o2025-04,B,q2,X1,xgboost,3057,y2025_h00_o2025-04_B_q2.ubj,f13dc46b335192bca8b2f5977a34acc0cd716942a0d91be124880da57bb0c77d,fceaa4e1de1f117a9959f074f29bb3e82be3ea8eddc4bc9848e7e3e8d3187001
y2025_h00_o2025-04,B,q4,X1,xgboost,3057,y2025_h00_o2025-04_B_q4.ubj,e01061c9b7f3a3836d47521dcede05710f9c546bfe35f89dbb5755fafb2ae55f,fceaa4e1de1f117a9959f074f29bb3e82be3ea8eddc4bc9848e7e3e8d3187001
y2025_h00_o2025-04,B,q5,X1,xgboost,3057,y2025_h00_o2025-04_B_q5.ubj,237739ea33e6ebc548185b45b49ba9c18c7301169ef5910f8f26525c3d0ba464,fceaa4e1de1f117a9959f074f29bb3e82be3ea8eddc4bc9848e7e3e8d3187001
y2025_h00_o2025-04,B,q3_direct,X1,xgboost,3057,y2025_h00_o2025-04_B_q3_direct.ubj,d98a870f44a116fc97934592a1d0706425f3c0e56dfb22679c3f4ba9be315543,fceaa4e1de1f117a9959f074f29bb3e82be3ea8eddc4bc9848e7e3e8d3187001
y2025_h00_o2025-04,D_direct,q2,X1,xgboost,3057,y2025_h00_o2025-04_D_direct_q2.ubj,ee24aab30f6e5107a4b664e2296c9078a6f7dac23fa4b4ef36805d2eaafa0997,20aedc4fd3ebf16a2fe9a116ca1b4483a286d6faf7546c37a5d66a986ab38c4d
y2025_h00_o2025-04,D_direct,q4,X1,xgboost,3057,y2025_h00_o2025-04_D_direct_q4.ubj,8ce795ac3697da2f6efc8e1b5c8628118e8c2d4df1d6202c9515d96098152052,20aedc4fd3ebf16a2fe9a116ca1b4483a286d6faf7546c37a5d66a986ab38c4d
y2025_h00_o2025-04,D_direct,q5,X1,xgboost,3057,y2025_h00_o2025-04_D_direct_q5.ubj,77fb598287bb2658c43a3bae29fd63a372d247f9151d5a38d8e65fce0977d49b,20aedc4fd3ebf16a2fe9a116ca1b4483a286d6faf7546c37a5d66a986ab38c4d
y2025_h00_o2025-04,D_direct,q3_direct,X1,xgboost,3057,y2025_h00_o2025-04_D_direct_q3_direct.ubj,769d88a4846a5081dd58b84b9feb4e19347adcedde40924493e4a89c739f484d,20aedc4fd3ebf16a2fe9a116ca1b4483a286d6faf7546c37a5d66a986ab38c4d
y2025_h00_o2025-04,D_residual,q2,X6,xgboost,3057,y2025_h00_o2025-04_D_residual_q2.ubj,b5566b1b1dd9fa7b6a3650ba10ae99d71d2922d6b9c692428f1e810f437a5693,20aedc4fd3ebf16a2fe9a116ca1b4483a286d6faf7546c37a5d66a986ab38c4d
y2025_h00_o2025-04,D_residual,q4,X6,xgboost,3057,y2025_h00_o2025-04_D_residual_q4.ubj,f80f24aee0c1308a20212ef8842df300f4030df598654988cff964a584b310a2,20aedc4fd3ebf16a2fe9a116ca1b4483a286d6faf7546c37a5d66a986ab38c4d
y2025_h00_o2025-04,D_residual,q5,X6,xgboost,3057,y2025_h00_o2025-04_D_residual_q5.ubj,30cd0a6105db39dea24176e78eb96b1bb74f32559573d9a726a0f0e1c3de827a,20aedc4fd3ebf16a2fe9a116ca1b4483a286d6faf7546c37a5d66a986ab38c4d
y2025_h00_o2025-04,D_residual,q3_direct,X6,xgboost,3057,y2025_h00_o2025-04_D_residual_q3_direct.ubj,78d4600a6931833c206edba2475335003a75e410f6584ae0b9e5c053ca350d8b,20aedc4fd3ebf16a2fe9a116ca1b4483a286d6faf7546c37a5d66a986ab38c4d
y2025_h00_o2025-04,D_residual,q3_residual_delta,X6,xgboost,2305,y2025_h00_o2025-04_D_residual_q3_residual_delta.ubj,bafd55345eaad640c80a9911077b10cbf354ee9ee5a5d97e1a79aff8f42d7dd9,20aedc4fd3ebf16a2fe9a116ca1b4483a286d6faf7546c37a5d66a986ab38c4d
y2025_h00_o2025-07,A,q2,X3,xgboost,3057,y2025_h00_o2025-07_A_q2.ubj,4773e1a0a4733dd24f1a238bea840b68c63b861fd914a7b60e4cee72e919dd8f,ecc9ddb17c6e594e74f015bdda23a088bc9382061af006b77e3ec543d33759b7
y2025_h00_o2025-07,A,q4,X3,xgboost,3057,y2025_h00_o2025-07_A_q4.ubj,dcb53100df43042d41473c286e32bb0862fbd8a7367501ab2b4dfa790d18f727,ecc9ddb17c6e594e74f015bdda23a088bc9382061af006b77e3ec543d33759b7
y2025_h00_o2025-07,A,q5,X3,xgboost,3057,y2025_h00_o2025-07_A_q5.ubj,095d307cec5473792bc5f558ee787f7cf4f1739b017e6a39baf64f97f3ee3a52,ecc9ddb17c6e594e74f015bdda23a088bc9382061af006b77e3ec543d33759b7
y2025_h00_o2025-07,A,q3_direct,X3,xgboost,3057,y2025_h00_o2025-07_A_q3_direct.ubj,c50a5b07406ec1e8ef40546a8b6122950c5dd68d101f0308191f3ec6084a2043,ecc9ddb17c6e594e74f015bdda23a088bc9382061af006b77e3ec543d33759b7
y2025_h00_o2025-07,B,q2,X1,xgboost,3057,y2025_h00_o2025-07_B_q2.ubj,c8f927a32f1b810866d30fec7baf426fe821377b2a96f1773e41b5b057c5967b,fceaa4e1de1f117a9959f074f29bb3e82be3ea8eddc4bc9848e7e3e8d3187001
y2025_h00_o2025-07,B,q4,X1,xgboost,3057,y2025_h00_o2025-07_B_q4.ubj,fcfe930df7415ac93bc5df00cfb8ef1b3d0e9f1538b0e70d02b71be10481e3e5,fceaa4e1de1f117a9959f074f29bb3e82be3ea8eddc4bc9848e7e3e8d3187001
y2025_h00_o2025-07,B,q5,X1,xgboost,3057,y2025_h00_o2025-07_B_q5.ubj,ded53734feba59219d7de87550642310512b53306ee6f79e0ad1f7e1fef64f05,fceaa4e1de1f117a9959f074f29bb3e82be3ea8eddc4bc9848e7e3e8d3187001
y2025_h00_o2025-07,B,q3_direct,X1,xgboost,3057,y2025_h00_o2025-07_B_q3_direct.ubj,a20b8e45dd62180de7bcd7642921e6597103865c83b9425d90273f0f83d78419,fceaa4e1de1f117a9959f074f29bb3e82be3ea8eddc4bc9848e7e3e8d3187001
y2025_h00_o2025-07,D_direct,q2,X1,xgboost,3057,y2025_h00_o2025-07_D_direct_q2.ubj,05f49c9a7f705b5cb1c3e5f9724273c2c0e4332c7a815f970079b67f8a33a8d4,20aedc4fd3ebf16a2fe9a116ca1b4483a286d6faf7546c37a5d66a986ab38c4d
y2025_h00_o2025-07,D_direct,q4,X1,xgboost,3057,y2025_h00_o2025-07_D_direct_q4.ubj,93233eae72b63130fc3f2aa5fc1a0bd96b6e835061463da6e6d6a76f74d565ba,20aedc4fd3ebf16a2fe9a116ca1b4483a286d6faf7546c37a5d66a986ab38c4d
y2025_h00_o2025-07,D_direct,q5,X1,xgboost,3057,y2025_h00_o2025-07_D_direct_q5.ubj,1a79ca94f9eaf0447e47aef3119fb327aabc52d5c21df2ce43076330619af52f,20aedc4fd3ebf16a2fe9a116ca1b4483a286d6faf7546c37a5d66a986ab38c4d
y2025_h00_o2025-07,D_direct,q3_direct,X1,xgboost,3057,y2025_h00_o2025-07_D_direct_q3_direct.ubj,de6745f1301b6b2db5c6a375d3ef2b7c341d045620666318dde016bedb0296a1,20aedc4fd3ebf16a2fe9a116ca1b4483a286d6faf7546c37a5d66a986ab38c4d
y2025_h00_o2025-07,D_residual,q2,X6,xgboost,3057,y2025_h00_o2025-07_D_residual_q2.ubj,064bb72fbf4f659f317d6631c48f546079785335e2d885213d58a249b22ebf06,20aedc4fd3ebf16a2fe9a116ca1b4483a286d6faf7546c37a5d66a986ab38c4d
y2025_h00_o2025-07,D_residual,q4,X6,xgboost,3057,y2025_h00_o2025-07_D_residual_q4.ubj,e3b84ffd7bdbc906004185650fea0693e18f33097a0352cd33171e4bcc3d7480,20aedc4fd3ebf16a2fe9a116ca1b4483a286d6faf7546c37a5d66a986ab38c4d
y2025_h00_o2025-07,D_residual,q5,X6,xgboost,3057,y2025_h00_o2025-07_D_residual_q5.ubj,b2096b02ff17becffbdeb6ae79d84822372b8a9014f1fdf8d7ef85ac05a3969d,20aedc4fd3ebf16a2fe9a116ca1b4483a286d6faf7546c37a5d66a986ab38c4d
y2025_h00_o2025-07,D_residual,q3_direct,X6,xgboost,3057,y2025_h00_o2025-07_D_residual_q3_direct.ubj,e559ce3de3b123b6722b3abf299a4164bfd835eb2a20b3f2c0b87d4b631692b1,20aedc4fd3ebf16a2fe9a116ca1b4483a286d6faf7546c37a5d66a986ab38c4d
y2025_h00_o2025-07,D_residual,q3_residual_delta,X6,xgboost,2305,y2025_h00_o2025-07_D_residual_q3_residual_delta.ubj,32426d5090e4a72473f03011fda022101b5ec393033d00c70edc96c520d1d0ba,20aedc4fd3ebf16a2fe9a116ca1b4483a286d6faf7546c37a5d66a986ab38c4d
y2025_h00_o2025-09,A,q2,X3,xgboost,3057,y2025_h00_o2025-09_A_q2.ubj,9c0b96d53241899b869b6a35e73e799166e9e1c6be9c1fe21ff5cc918a20d544,ecc9ddb17c6e594e74f015bdda23a088bc9382061af006b77e3ec543d33759b7
y2025_h00_o2025-09,A,q4,X3,xgboost,3057,y2025_h00_o2025-09_A_q4.ubj,13e1bb12c84de271988b61c5da47ce906635710c5317487ed6c108ac5985ca6c,ecc9ddb17c6e594e74f015bdda23a088bc9382061af006b77e3ec543d33759b7
y2025_h00_o2025-09,A,q5,X3,xgboost,3057,y2025_h00_o2025-09_A_q5.ubj,cdc216907bd1c4e7304a514d127a7002d3ace3f68f31d98acf490a8e12d77668,ecc9ddb17c6e594e74f015bdda23a088bc9382061af006b77e3ec543d33759b7
y2025_h00_o2025-09,A,q3_direct,X3,xgboost,3057,y2025_h00_o2025-09_A_q3_direct.ubj,6cebc474f8b51fc715e6634cd42b5f63083fc819bb6ad30fee764a0230963e5a,ecc9ddb17c6e594e74f015bdda23a088bc9382061af006b77e3ec543d33759b7
y2025_h00_o2025-09,B,q2,X1,xgboost,3057,y2025_h00_o2025-09_B_q2.ubj,e262208c8c3dce8a19ad505e50ae073a74bb61b2549f9b4dd6cc944740f827d1,fceaa4e1de1f117a9959f074f29bb3e82be3ea8eddc4bc9848e7e3e8d3187001
y2025_h00_o2025-09,B,q4,X1,xgboost,3057,y2025_h00_o2025-09_B_q4.ubj,4f1fd4a607e1b7e8050a76f12c6c4361bee99bd88c79b65f21f8fa59ca037a9b,fceaa4e1de1f117a9959f074f29bb3e82be3ea8eddc4bc9848e7e3e8d3187001
y2025_h00_o2025-09,B,q5,X1,xgboost,3057,y2025_h00_o2025-09_B_q5.ubj,a18739312160ba64a247b5cd100edb0647198101773eedee86afefd933850519,fceaa4e1de1f117a9959f074f29bb3e82be3ea8eddc4bc9848e7e3e8d3187001
y2025_h00_o2025-09,B,q3_direct,X1,xgboost,3057,y2025_h00_o2025-09_B_q3_direct.ubj,caf18d48793e90cc894f05a1e475fe0daee2237c79e5709245a9fa6581bc2fa8,fceaa4e1de1f117a9959f074f29bb3e82be3ea8eddc4bc9848e7e3e8d3187001
y2025_h00_o2025-09,D_direct,q2,X1,xgboost,3057,y2025_h00_o2025-09_D_direct_q2.ubj,0e92de986c8cc7749a928adf6034b4e0ca0689987ff2a4ac8d098621b4f2150d,20aedc4fd3ebf16a2fe9a116ca1b4483a286d6faf7546c37a5d66a986ab38c4d
y2025_h00_o2025-09,D_direct,q4,X1,xgboost,3057,y2025_h00_o2025-09_D_direct_q4.ubj,3de5b3f9cc28f7ccb3014673fb371811cae90bbd52d8aad68a4d03cfbb7ea51f,20aedc4fd3ebf16a2fe9a116ca1b4483a286d6faf7546c37a5d66a986ab38c4d
y2025_h00_o2025-09,D_direct,q5,X1,xgboost,3057,y2025_h00_o2025-09_D_direct_q5.ubj,060a9b95fb2d5621335024e0c0de989e36552412ccc9442a572387fb08b498fd,20aedc4fd3ebf16a2fe9a116ca1b4483a286d6faf7546c37a5d66a986ab38c4d
y2025_h00_o2025-09,D_direct,q3_direct,X1,xgboost,3057,y2025_h00_o2025-09_D_direct_q3_direct.ubj,a303a0de052067f863547505b0371541561368ed01269090efbb17ef3e68c04e,20aedc4fd3ebf16a2fe9a116ca1b4483a286d6faf7546c37a5d66a986ab38c4d
y2025_h00_o2025-09,D_residual,q2,X6,xgboost,3057,y2025_h00_o2025-09_D_residual_q2.ubj,4b5c89cefad8eae73f6780c20237dfda07aa81caf16bef39c90cdd471e99afb8,20aedc4fd3ebf16a2fe9a116ca1b4483a286d6faf7546c37a5d66a986ab38c4d
y2025_h00_o2025-09,D_residual,q4,X6,xgboost,3057,y2025_h00_o2025-09_D_residual_q4.ubj,55cc8de6972759936a9fc87ea369c83a8666b0c3bddc6c5be65e74ce73c4089c,20aedc4fd3ebf16a2fe9a116ca1b4483a286d6faf7546c37a5d66a986ab38c4d
y2025_h00_o2025-09,D_residual,q5,X6,xgboost,3057,y2025_h00_o2025-09_D_residual_q5.ubj,ec275475bc616acb4dd660478c7946284b52ca18817ca544505507f1faa43699,20aedc4fd3ebf16a2fe9a116ca1b4483a286d6faf7546c37a5d66a986ab38c4d
y2025_h00_o2025-09,D_residual,q3_direct,X6,xgboost,3057,y2025_h00_o2025-09_D_residual_q3_direct.ubj,cfd66c65085ba0bf248424391b08e5b839517d3f784db03e7152b980ebbe5d98,20aedc4fd3ebf16a2fe9a116ca1b4483a286d6faf7546c37a5d66a986ab38c4d
y2025_h00_o2025-09,D_residual,q3_residual_delta,X6,xgboost,2305,y2025_h00_o2025-09_D_residual_q3_residual_delta.ubj,fd9c29ce863334eaed6f0f9f559572dc349101f540095f1c0c46c532514ef7fb,20aedc4fd3ebf16a2fe9a116ca1b4483a286d6faf7546c37a5d66a986ab38c4d
y2025_h00_o2025-10,A,q2,X3,xgboost,3057,y2025_h00_o2025-10_A_q2.ubj,43b50347e2d126e6e55503dc92eaef9ab86919a817149098421e877eb83f356c,ecc9ddb17c6e594e74f015bdda23a088bc9382061af006b77e3ec543d33759b7
y2025_h00_o2025-10,A,q4,X3,xgboost,3057,y2025_h00_o2025-10_A_q4.ubj,f18fd0d6eec5f36e9e7b82d65a6199277dcc6ca1e048081a9d80f8bc53d3d5bd,ecc9ddb17c6e594e74f015bdda23a088bc9382061af006b77e3ec543d33759b7
y2025_h00_o2025-10,A,q5,X3,xgboost,3057,y2025_h00_o2025-10_A_q5.ubj,c6858a276d497600b90b430d8c91bc1913b522914db6b6aa398561e40a7212a9,ecc9ddb17c6e594e74f015bdda23a088bc9382061af006b77e3ec543d33759b7
y2025_h00_o2025-10,A,q3_direct,X3,xgboost,3057,y2025_h00_o2025-10_A_q3_direct.ubj,639ada93561ac3785246c07edf40b2c503b9b9f036c2c8b19f78ecc5e779f614,ecc9ddb17c6e594e74f015bdda23a088bc9382061af006b77e3ec543d33759b7
y2025_h00_o2025-10,B,q2,X1,xgboost,3057,y2025_h00_o2025-10_B_q2.ubj,b2c43591916cd6289d237cf2d3d8def161f3d3ce681aa389cc8ecb744aea732f,fceaa4e1de1f117a9959f074f29bb3e82be3ea8eddc4bc9848e7e3e8d3187001
y2025_h00_o2025-10,B,q4,X1,xgboost,3057,y2025_h00_o2025-10_B_q4.ubj,1e925701f41e8ce3d01aa6540deba98a36641904ce311f2f6bb51573c283ac82,fceaa4e1de1f117a9959f074f29bb3e82be3ea8eddc4bc9848e7e3e8d3187001
y2025_h00_o2025-10,B,q5,X1,xgboost,3057,y2025_h00_o2025-10_B_q5.ubj,ee5c62aced44f0b3960bbdb1bc6268b763d5ecfc1a4f2802f2760fd6f2473712,fceaa4e1de1f117a9959f074f29bb3e82be3ea8eddc4bc9848e7e3e8d3187001
y2025_h00_o2025-10,B,q3_direct,X1,xgboost,3057,y2025_h00_o2025-10_B_q3_direct.ubj,7397e483be66d0a9f2a4bb401c99cf587083c5fd0233f8662ffdd4a964c3aa66,fceaa4e1de1f117a9959f074f29bb3e82be3ea8eddc4bc9848e7e3e8d3187001
y2025_h00_o2025-10,D_direct,q2,X1,xgboost,3057,y2025_h00_o2025-10_D_direct_q2.ubj,c560bbc4f4ab8b2cc64306868e4dc7680bdec1efaa40a1479fd7dfa1f2fc7f2d,20aedc4fd3ebf16a2fe9a116ca1b4483a286d6faf7546c37a5d66a986ab38c4d
y2025_h00_o2025-10,D_direct,q4,X1,xgboost,3057,y2025_h00_o2025-10_D_direct_q4.ubj,09598e9b1d6b4cf7f0dba04808723877530aba652229e910bfe32a533b0e382e,20aedc4fd3ebf16a2fe9a116ca1b4483a286d6faf7546c37a5d66a986ab38c4d
y2025_h00_o2025-10,D_direct,q5,X1,xgboost,3057,y2025_h00_o2025-10_D_direct_q5.ubj,6ca4192c868046bb1b1d1eba7373381fe37d70b55f41370a15f2ebc8d7c32733,20aedc4fd3ebf16a2fe9a116ca1b4483a286d6faf7546c37a5d66a986ab38c4d
y2025_h00_o2025-10,D_direct,q3_direct,X1,xgboost,3057,y2025_h00_o2025-10_D_direct_q3_direct.ubj,607b3b8573acee79656f6b0d3fa51813fbb655a12194340f743e2846d83b86b2,20aedc4fd3ebf16a2fe9a116ca1b4483a286d6faf7546c37a5d66a986ab38c4d
y2025_h00_o2025-10,D_residual,q2,X6,xgboost,3057,y2025_h00_o2025-10_D_residual_q2.ubj,aa12d3891b87a793cf462394996004c4541c2cf6eecc881deafbb4e8247fa167,20aedc4fd3ebf16a2fe9a116ca1b4483a286d6faf7546c37a5d66a986ab38c4d
y2025_h00_o2025-10,D_residual,q4,X6,xgboost,3057,y2025_h00_o2025-10_D_residual_q4.ubj,7ca4d2543bd79296182acdee6b221881388343e84eb04beb9fe6ada35f906a4d,20aedc4fd3ebf16a2fe9a116ca1b4483a286d6faf7546c37a5d66a986ab38c4d
y2025_h00_o2025-10,D_residual,q5,X6,xgboost,3057,y2025_h00_o2025-10_D_residual_q5.ubj,dc14386381003e42045f99efe4b4075e0efbfc4f726fcab2e235757cf2efa70f,20aedc4fd3ebf16a2fe9a116ca1b4483a286d6faf7546c37a5d66a986ab38c4d
y2025_h00_o2025-10,D_residual,q3_direct,X6,xgboost,3057,y2025_h00_o2025-10_D_residual_q3_direct.ubj,8b405f0b370f96b6074f2b8ae8c27adff8d17c9eeac3d6c2e1ea5286bee5b52a,20aedc4fd3ebf16a2fe9a116ca1b4483a286d6faf7546c37a5d66a986ab38c4d
y2025_h00_o2025-10,D_residual,q3_residual_delta,X6,xgboost,2305,y2025_h00_o2025-10_D_residual_q3_residual_delta.ubj,7f1e0af117a00d877589dededf72ea9842715a9c10a97f92af83c00a80425e87,20aedc4fd3ebf16a2fe9a116ca1b4483a286d6faf7546c37a5d66a986ab38c4d
y2026_h00_o2026-04,A,q2,X2,xgboost,3804,y2026_h00_o2026-04_A_q2.ubj,62401d3b1fbe9c76149f6b16c40a8a1d0b64997167da299dd9144bb5f5494ccb,ecc9ddb17c6e594e74f015bdda23a088bc9382061af006b77e3ec543d33759b7
y2026_h00_o2026-04,A,q4,X2,xgboost,3804,y2026_h00_o2026-04_A_q4.ubj,55f38066b965e2063e4adfc91202f5d558f493b647adcb3d4fe95ae8e801986c,ecc9ddb17c6e594e74f015bdda23a088bc9382061af006b77e3ec543d33759b7
y2026_h00_o2026-04,A,q5,X2,xgboost,3804,y2026_h00_o2026-04_A_q5.ubj,4f85d8b264fad00cd6b97161e10e37e5c0d09fc2247216c0606e7ac8e6a47145,ecc9ddb17c6e594e74f015bdda23a088bc9382061af006b77e3ec543d33759b7
y2026_h00_o2026-04,A,q3_direct,X2,xgboost,3804,y2026_h00_o2026-04_A_q3_direct.ubj,807490f870ed2bce7a75a3a6896f3b5089793596eae60f99f4b6552903114f21,ecc9ddb17c6e594e74f015bdda23a088bc9382061af006b77e3ec543d33759b7
y2026_h00_o2026-04,B,q2,X6,xgboost,3804,y2026_h00_o2026-04_B_q2.ubj,13407ac841ca5e1933a2175b433377b623f3828b9e468e9bcbd2255d77f44d19,fceaa4e1de1f117a9959f074f29bb3e82be3ea8eddc4bc9848e7e3e8d3187001
y2026_h00_o2026-04,B,q4,X6,xgboost,3804,y2026_h00_o2026-04_B_q4.ubj,39e35b5f25ab6550780de3cfeb40d379d7cd826015f609922c07ec7c31496c37,fceaa4e1de1f117a9959f074f29bb3e82be3ea8eddc4bc9848e7e3e8d3187001
y2026_h00_o2026-04,B,q5,X6,xgboost,3804,y2026_h00_o2026-04_B_q5.ubj,24defc30410f8895c34cff1f99643bf8744d913b51908bc8acb670ebdf870f42,fceaa4e1de1f117a9959f074f29bb3e82be3ea8eddc4bc9848e7e3e8d3187001
y2026_h00_o2026-04,B,q3_direct,X6,xgboost,3804,y2026_h00_o2026-04_B_q3_direct.ubj,2c59d58c4cf7224cab043484aeac8911b39fc4696fbb5f2bfac6e470eceb24e6,fceaa4e1de1f117a9959f074f29bb3e82be3ea8eddc4bc9848e7e3e8d3187001
y2026_h00_o2026-04,D_direct,q2,X1,xgboost,3804,y2026_h00_o2026-04_D_direct_q2.ubj,b9a84bc2ad90fb9dc42554f2a9b7dfd5fb411f89093b744d5bf792f221d6ad74,20aedc4fd3ebf16a2fe9a116ca1b4483a286d6faf7546c37a5d66a986ab38c4d
y2026_h00_o2026-04,D_direct,q4,X1,xgboost,3804,y2026_h00_o2026-04_D_direct_q4.ubj,8cd275ece16a5963ac56ffd76f887cad7411800749c9fcabf0747e3e56a6c028,20aedc4fd3ebf16a2fe9a116ca1b4483a286d6faf7546c37a5d66a986ab38c4d
y2026_h00_o2026-04,D_direct,q5,X1,xgboost,3804,y2026_h00_o2026-04_D_direct_q5.ubj,768edc0e516fe00cc77e15ca77710edd5e4155024699c5481292dedb04e75ff4,20aedc4fd3ebf16a2fe9a116ca1b4483a286d6faf7546c37a5d66a986ab38c4d
y2026_h00_o2026-04,D_direct,q3_direct,X1,xgboost,3804,y2026_h00_o2026-04_D_direct_q3_direct.ubj,16b447462d2d5643eb6e53d23f2adffb0452a088d55f7ab32b2245dd1dc1d388,20aedc4fd3ebf16a2fe9a116ca1b4483a286d6faf7546c37a5d66a986ab38c4d
y2026_h00_o2026-04,D_residual,q2,X1,xgboost,3804,y2026_h00_o2026-04_D_residual_q2.ubj,b9a84bc2ad90fb9dc42554f2a9b7dfd5fb411f89093b744d5bf792f221d6ad74,20aedc4fd3ebf16a2fe9a116ca1b4483a286d6faf7546c37a5d66a986ab38c4d
y2026_h00_o2026-04,D_residual,q4,X1,xgboost,3804,y2026_h00_o2026-04_D_residual_q4.ubj,8cd275ece16a5963ac56ffd76f887cad7411800749c9fcabf0747e3e56a6c028,20aedc4fd3ebf16a2fe9a116ca1b4483a286d6faf7546c37a5d66a986ab38c4d
y2026_h00_o2026-04,D_residual,q5,X1,xgboost,3804,y2026_h00_o2026-04_D_residual_q5.ubj,768edc0e516fe00cc77e15ca77710edd5e4155024699c5481292dedb04e75ff4,20aedc4fd3ebf16a2fe9a116ca1b4483a286d6faf7546c37a5d66a986ab38c4d
y2026_h00_o2026-04,D_residual,q3_direct,X1,xgboost,3804,y2026_h00_o2026-04_D_residual_q3_direct.ubj,16b447462d2d5643eb6e53d23f2adffb0452a088d55f7ab32b2245dd1dc1d388,20aedc4fd3ebf16a2fe9a116ca1b4483a286d6faf7546c37a5d66a986ab38c4d
y2026_h00_o2026-04,D_residual,q3_residual_delta,X1,xgboost,3548,y2026_h00_o2026-04_D_residual_q3_residual_delta.ubj,40fd16eb94fa22445d67901a9c229ae5f13deb574d153e5fad9aebaa3adf89f0,20aedc4fd3ebf16a2fe9a116ca1b4483a286d6faf7546c37a5d66a986ab38c4d
y2025_h03_o2025-01,A,q2,X3,xgboost,3057,y2025_h03_o2025-01_A_q2.ubj,36a5bebd62c695f96100e9219a162b440ee0ee7db7f70023ff01a30783fdbe0c,83a39bf113af39ea91290a70a6104152b711db819dcd0ad64d3220301d883db9
y2025_h03_o2025-01,A,q4,X3,xgboost,3057,y2025_h03_o2025-01_A_q4.ubj,c7a29a1b51970620a51019b517d87b4f88688387079a13b79ed160992c1f5be6,83a39bf113af39ea91290a70a6104152b711db819dcd0ad64d3220301d883db9
y2025_h03_o2025-01,A,q5,X3,xgboost,3057,y2025_h03_o2025-01_A_q5.ubj,fc5f1760ce9bdc746784e8d025a8ea70c270501d1107921a3eb2204703bf0e05,83a39bf113af39ea91290a70a6104152b711db819dcd0ad64d3220301d883db9
y2025_h03_o2025-01,A,q3_direct,X3,xgboost,3057,y2025_h03_o2025-01_A_q3_direct.ubj,f0c5200527664e7dc1e5283ace37b4a12f0e085670aa627def32b4ab586cfc2c,83a39bf113af39ea91290a70a6104152b711db819dcd0ad64d3220301d883db9
y2025_h03_o2025-01,B,q2,X1,xgboost,3057,y2025_h03_o2025-01_B_q2.ubj,f88e868b8995c8ee4cfaa5d7cf6d94c1993bc9ad457eae500b9bfc3f0850b523,a38bd0c2160e62e9f8501961e853fe4327dcd1d907827ca3d8209825fa739c34
y2025_h03_o2025-01,B,q4,X1,xgboost,3057,y2025_h03_o2025-01_B_q4.ubj,1f8b6969e38db48d8967af53d27ce8c1cb4fc09147a1c139039f865f4100ff99,a38bd0c2160e62e9f8501961e853fe4327dcd1d907827ca3d8209825fa739c34
y2025_h03_o2025-01,B,q5,X1,xgboost,3057,y2025_h03_o2025-01_B_q5.ubj,e0aefea77c5a2ec101649215c6bd698c4fc7003e916120015ef6f4339c87ed16,a38bd0c2160e62e9f8501961e853fe4327dcd1d907827ca3d8209825fa739c34
y2025_h03_o2025-01,B,q3_direct,X1,xgboost,3057,y2025_h03_o2025-01_B_q3_direct.ubj,224e768e80246122e7260ff0a43628328e31f8a3e623a7b50963c45b01fad6a0,a38bd0c2160e62e9f8501961e853fe4327dcd1d907827ca3d8209825fa739c34
y2025_h03_o2025-01,C,q2,X1,xgboost,3057,y2025_h03_o2025-01_C_q2.ubj,fe92252f4046b6c1a3312be9d85b056353938f728677c6f1f4ad6de22e99447c,789f7d3b241dddf3b868ba2358110b2a75dbcbfe68f01f896cef4368eecedf39
y2025_h03_o2025-01,C,q4,X1,xgboost,3057,y2025_h03_o2025-01_C_q4.ubj,b8a716f0f3fc1a84c3b7d37b55cb7381bbd456260270149042fe8c29eed3c149,789f7d3b241dddf3b868ba2358110b2a75dbcbfe68f01f896cef4368eecedf39
y2025_h03_o2025-01,C,q5,X1,xgboost,3057,y2025_h03_o2025-01_C_q5.ubj,800c1c562747430ac16b6ff03d29afb5a87906d8476b75648d8833f3fbf386d7,789f7d3b241dddf3b868ba2358110b2a75dbcbfe68f01f896cef4368eecedf39
y2025_h03_o2025-01,C,q3_direct,X1,xgboost,3057,y2025_h03_o2025-01_C_q3_direct.ubj,278585b954aa46ddf4f9519502706e1b97f902f05483ddf3e8bb80dc81f59b1d,789f7d3b241dddf3b868ba2358110b2a75dbcbfe68f01f896cef4368eecedf39
y2025_h03_o2025-01,D_direct,q2,X1,xgboost,3057,y2025_h03_o2025-01_D_direct_q2.ubj,89a93dbc43c291312ca1c212aed9debc94ea7c82900b7947cc7b2a5c5dab74f6,97352d829b3de7a2f905e98ecfcffcd28ca92eeccca81bcfbed016c3c3e8877a
y2025_h03_o2025-01,D_direct,q4,X1,xgboost,3057,y2025_h03_o2025-01_D_direct_q4.ubj,afe7e21826adddf6c39cafc8208d75e532f88d807ad6f7d4f8997c7d4fb48c84,97352d829b3de7a2f905e98ecfcffcd28ca92eeccca81bcfbed016c3c3e8877a
y2025_h03_o2025-01,D_direct,q5,X1,xgboost,3057,y2025_h03_o2025-01_D_direct_q5.ubj,8fedc0da81a387f2a0d453da969141400a278dd053acf3895a9f84a46bd18981,97352d829b3de7a2f905e98ecfcffcd28ca92eeccca81bcfbed016c3c3e8877a
y2025_h03_o2025-01,D_direct,q3_direct,X1,xgboost,3057,y2025_h03_o2025-01_D_direct_q3_direct.ubj,7ffdadd6800340130c1892cc8b9b2ab513c8845bbba0516022005c79fac0eb63,97352d829b3de7a2f905e98ecfcffcd28ca92eeccca81bcfbed016c3c3e8877a
y2025_h03_o2025-01,D_residual,q2,X6,xgboost,3057,y2025_h03_o2025-01_D_residual_q2.ubj,91320fb750b79a11e219a048ca8d414888ef0a25c5831f0cf63ecfce375677cd,97352d829b3de7a2f905e98ecfcffcd28ca92eeccca81bcfbed016c3c3e8877a
y2025_h03_o2025-01,D_residual,q4,X6,xgboost,3057,y2025_h03_o2025-01_D_residual_q4.ubj,13b443ff7a260d0fdfab8ee5a963d5ae8d7aa31407300fff25717d1ecbf7cb87,97352d829b3de7a2f905e98ecfcffcd28ca92eeccca81bcfbed016c3c3e8877a
y2025_h03_o2025-01,D_residual,q5,X6,xgboost,3057,y2025_h03_o2025-01_D_residual_q5.ubj,15fb4db0087254f647cb629bdd5e60a8d725cbc72d2563d7d1daa8e2017afafa,97352d829b3de7a2f905e98ecfcffcd28ca92eeccca81bcfbed016c3c3e8877a
y2025_h03_o2025-01,D_residual,q3_direct,X6,xgboost,3057,y2025_h03_o2025-01_D_residual_q3_direct.ubj,1d54f928642e5331ba49ba83786fc7216f70ef0af7fbb6b7d72f74838fe5fd52,97352d829b3de7a2f905e98ecfcffcd28ca92eeccca81bcfbed016c3c3e8877a
y2025_h03_o2025-01,D_residual,q3_residual_delta,X6,xgboost,2295,y2025_h03_o2025-01_D_residual_q3_residual_delta.ubj,7d28a16f1809ee2a9e25503b16548480da856dae09edb49baf5bbd1b8aaa2952,97352d829b3de7a2f905e98ecfcffcd28ca92eeccca81bcfbed016c3c3e8877a
y2025_h03_o2025-04,A,q2,X3,xgboost,3057,y2025_h03_o2025-04_A_q2.ubj,a0c7146d7b1547d70e5838fcd0c78e2cf2794c5f1f5d1b1bb2510be0f3b21c16,83a39bf113af39ea91290a70a6104152b711db819dcd0ad64d3220301d883db9
y2025_h03_o2025-04,A,q4,X3,xgboost,3057,y2025_h03_o2025-04_A_q4.ubj,bba2d5294222d6516d7c59e033d41e38051c57a88336f1251e18fa64e9a2e9b1,83a39bf113af39ea91290a70a6104152b711db819dcd0ad64d3220301d883db9
y2025_h03_o2025-04,A,q5,X3,xgboost,3057,y2025_h03_o2025-04_A_q5.ubj,844c95366b06d86ca12b875e8efe98b399b78afa27a103fdafb6ca13dfffd454,83a39bf113af39ea91290a70a6104152b711db819dcd0ad64d3220301d883db9
y2025_h03_o2025-04,A,q3_direct,X3,xgboost,3057,y2025_h03_o2025-04_A_q3_direct.ubj,e601c9b2a4fbe8a09a066b410d700313632cde736febf233b1a594bb5ca998f9,83a39bf113af39ea91290a70a6104152b711db819dcd0ad64d3220301d883db9
y2025_h03_o2025-04,B,q2,X1,xgboost,3057,y2025_h03_o2025-04_B_q2.ubj,80ce315b0b03bd32d3edbde1d2b8f1ff42996db2e05a276400992d6f91310bd4,a38bd0c2160e62e9f8501961e853fe4327dcd1d907827ca3d8209825fa739c34
y2025_h03_o2025-04,B,q4,X1,xgboost,3057,y2025_h03_o2025-04_B_q4.ubj,5ea78b58fe6f0bc8c705a6fb7b07906e135be0b60a0e502479d949101fd2f76e,a38bd0c2160e62e9f8501961e853fe4327dcd1d907827ca3d8209825fa739c34
y2025_h03_o2025-04,B,q5,X1,xgboost,3057,y2025_h03_o2025-04_B_q5.ubj,5239f21d9e52dfcbf768360894e6cc6cf1879df2146e793c51fb8d4faf11ecaf,a38bd0c2160e62e9f8501961e853fe4327dcd1d907827ca3d8209825fa739c34
y2025_h03_o2025-04,B,q3_direct,X1,xgboost,3057,y2025_h03_o2025-04_B_q3_direct.ubj,16eb735831b12d39dbf9c07a8d585e9e5902c21084bdefdc88d7e3b4fa078859,a38bd0c2160e62e9f8501961e853fe4327dcd1d907827ca3d8209825fa739c34
y2025_h03_o2025-04,C,q2,X1,xgboost,3057,y2025_h03_o2025-04_C_q2.ubj,12c62d45d203d8341e3f8d86b6affa3dd89ee3d4ed81af0e290dcde6dc19509c,789f7d3b241dddf3b868ba2358110b2a75dbcbfe68f01f896cef4368eecedf39
y2025_h03_o2025-04,C,q4,X1,xgboost,3057,y2025_h03_o2025-04_C_q4.ubj,4013c42951451dc1626326831aecc08c5003cc1a629bad58abce3ffa4da11b39,789f7d3b241dddf3b868ba2358110b2a75dbcbfe68f01f896cef4368eecedf39
y2025_h03_o2025-04,C,q5,X1,xgboost,3057,y2025_h03_o2025-04_C_q5.ubj,b6cd2252007a4ed9787e93ec4bd746dd381ea5b4de78d5b060947a1a1035584d,789f7d3b241dddf3b868ba2358110b2a75dbcbfe68f01f896cef4368eecedf39
y2025_h03_o2025-04,C,q3_direct,X1,xgboost,3057,y2025_h03_o2025-04_C_q3_direct.ubj,9b405d108df8e6ddb32fe70c15099ff1db493ab3c5bddc5f956311555561ba36,789f7d3b241dddf3b868ba2358110b2a75dbcbfe68f01f896cef4368eecedf39
y2025_h03_o2025-04,D_direct,q2,X1,xgboost,3057,y2025_h03_o2025-04_D_direct_q2.ubj,6d0afd3f2c3dc2cc9881a4a33d4b3939126ea09de9108e0e55f377cb991b816e,97352d829b3de7a2f905e98ecfcffcd28ca92eeccca81bcfbed016c3c3e8877a
y2025_h03_o2025-04,D_direct,q4,X1,xgboost,3057,y2025_h03_o2025-04_D_direct_q4.ubj,3a7f101f8221fa75979073da79a7c38cbee31d558f0a1be16d9d95e5e2aab59a,97352d829b3de7a2f905e98ecfcffcd28ca92eeccca81bcfbed016c3c3e8877a
y2025_h03_o2025-04,D_direct,q5,X1,xgboost,3057,y2025_h03_o2025-04_D_direct_q5.ubj,d2a0107bd510a6890f8fb0ed068189ea47b0f7a3f091ad661862cf5085131e62,97352d829b3de7a2f905e98ecfcffcd28ca92eeccca81bcfbed016c3c3e8877a
y2025_h03_o2025-04,D_direct,q3_direct,X1,xgboost,3057,y2025_h03_o2025-04_D_direct_q3_direct.ubj,e5b96f064419a586fe2019a36dc077b54a6a3b6e8526379c31a41d42ed36c41b,97352d829b3de7a2f905e98ecfcffcd28ca92eeccca81bcfbed016c3c3e8877a
y2025_h03_o2025-04,D_residual,q2,X6,xgboost,3057,y2025_h03_o2025-04_D_residual_q2.ubj,a7c8ef299c1131a4e188a9d848fdb839797cb4d6e460907cf7025484fc364215,97352d829b3de7a2f905e98ecfcffcd28ca92eeccca81bcfbed016c3c3e8877a
y2025_h03_o2025-04,D_residual,q4,X6,xgboost,3057,y2025_h03_o2025-04_D_residual_q4.ubj,a9fdeb1ad8f353ab32c23f61475f876c7b7fd58099d9c50171671961b36ad0ad,97352d829b3de7a2f905e98ecfcffcd28ca92eeccca81bcfbed016c3c3e8877a
y2025_h03_o2025-04,D_residual,q5,X6,xgboost,3057,y2025_h03_o2025-04_D_residual_q5.ubj,9f5fa7760ea2edca5020dc87dc2a1f384f9b57caafb81d140db035e7e2eab97c,97352d829b3de7a2f905e98ecfcffcd28ca92eeccca81bcfbed016c3c3e8877a
y2025_h03_o2025-04,D_residual,q3_direct,X6,xgboost,3057,y2025_h03_o2025-04_D_residual_q3_direct.ubj,b35108ec271037e9e3d3d5c8099a058ba23456db12ca5b496be25dfcf257fe36,97352d829b3de7a2f905e98ecfcffcd28ca92eeccca81bcfbed016c3c3e8877a
y2025_h03_o2025-04,D_residual,q3_residual_delta,X6,xgboost,2295,y2025_h03_o2025-04_D_residual_q3_residual_delta.ubj,81d1c74778c7c9d7ac760cc483466758428b4cec8b7938210c2846bbb378c84a,97352d829b3de7a2f905e98ecfcffcd28ca92eeccca81bcfbed016c3c3e8877a
y2025_h03_o2025-06,A,q2,X3,xgboost,3057,y2025_h03_o2025-06_A_q2.ubj,f3033ac99092dcd5e85d4d765095631b05c472d48f0d6dfc03cf4a1a887f5aca,83a39bf113af39ea91290a70a6104152b711db819dcd0ad64d3220301d883db9
y2025_h03_o2025-06,A,q4,X3,xgboost,3057,y2025_h03_o2025-06_A_q4.ubj,cf8ffb5e5f04697be0d89ea21a6c3d598a61d36ee0a09b0adca5dab6f05b026d,83a39bf113af39ea91290a70a6104152b711db819dcd0ad64d3220301d883db9
y2025_h03_o2025-06,A,q5,X3,xgboost,3057,y2025_h03_o2025-06_A_q5.ubj,101be6daed680d57239003d4edbce111a185bc6ee085205bfcd118326c52f858,83a39bf113af39ea91290a70a6104152b711db819dcd0ad64d3220301d883db9
y2025_h03_o2025-06,A,q3_direct,X3,xgboost,3057,y2025_h03_o2025-06_A_q3_direct.ubj,1cc0ea904414b5735e380b0fc3e0ff868bf7a204f3c6bd5b8a281cb6637aafa2,83a39bf113af39ea91290a70a6104152b711db819dcd0ad64d3220301d883db9
y2025_h03_o2025-06,B,q2,X1,xgboost,3057,y2025_h03_o2025-06_B_q2.ubj,a4a0797c8426a8001a84b604767baa05f4ecad231f30dec4bc4325e360238faf,a38bd0c2160e62e9f8501961e853fe4327dcd1d907827ca3d8209825fa739c34
y2025_h03_o2025-06,B,q4,X1,xgboost,3057,y2025_h03_o2025-06_B_q4.ubj,7326400d752c26824d8cf6c767a29ae2eb871ec9063f70612be4315604391707,a38bd0c2160e62e9f8501961e853fe4327dcd1d907827ca3d8209825fa739c34
y2025_h03_o2025-06,B,q5,X1,xgboost,3057,y2025_h03_o2025-06_B_q5.ubj,7e7f7553d3fa6d7105fcab85c711f62f95b92be70feea685d5aa73b7bfe81c1d,a38bd0c2160e62e9f8501961e853fe4327dcd1d907827ca3d8209825fa739c34
y2025_h03_o2025-06,B,q3_direct,X1,xgboost,3057,y2025_h03_o2025-06_B_q3_direct.ubj,67af99ed29a75f8193d2b95408e25c25f3068243ff190e08844262eda2a8e1e1,a38bd0c2160e62e9f8501961e853fe4327dcd1d907827ca3d8209825fa739c34
y2025_h03_o2025-06,C,q2,X1,xgboost,3057,y2025_h03_o2025-06_C_q2.ubj,fa02fe847fee34a543e0dbc8101b324d51e802ceae6927660a764588fadc8be4,789f7d3b241dddf3b868ba2358110b2a75dbcbfe68f01f896cef4368eecedf39
y2025_h03_o2025-06,C,q4,X1,xgboost,3057,y2025_h03_o2025-06_C_q4.ubj,3e27cf1ccca24bace0c2c59dbee7216bd1e498343f5b82fcd8f43eda52764c55,789f7d3b241dddf3b868ba2358110b2a75dbcbfe68f01f896cef4368eecedf39
y2025_h03_o2025-06,C,q5,X1,xgboost,3057,y2025_h03_o2025-06_C_q5.ubj,b4055d06cb2799798ac001e489ee33a3c69312c086800c3c0f8aca465af58db5,789f7d3b241dddf3b868ba2358110b2a75dbcbfe68f01f896cef4368eecedf39
y2025_h03_o2025-06,C,q3_direct,X1,xgboost,3057,y2025_h03_o2025-06_C_q3_direct.ubj,46444a80bbf33226ad7db4fb5059eddb9661af1d014ed9b6ab479a81db3c06c2,789f7d3b241dddf3b868ba2358110b2a75dbcbfe68f01f896cef4368eecedf39
y2025_h03_o2025-06,D_direct,q2,X1,xgboost,3057,y2025_h03_o2025-06_D_direct_q2.ubj,1a30ffeb999515a1f6bf6f2dcce26d3e304ee4b73a5e7f39bc42b1bf9273c790,97352d829b3de7a2f905e98ecfcffcd28ca92eeccca81bcfbed016c3c3e8877a
y2025_h03_o2025-06,D_direct,q4,X1,xgboost,3057,y2025_h03_o2025-06_D_direct_q4.ubj,948459218c49be8335517a59f9956f39aec462ef8033c79601496641687780e3,97352d829b3de7a2f905e98ecfcffcd28ca92eeccca81bcfbed016c3c3e8877a
y2025_h03_o2025-06,D_direct,q5,X1,xgboost,3057,y2025_h03_o2025-06_D_direct_q5.ubj,0c7f5f29bbb14b85b3151314cdecd08a2eb6dfb890f4c6a50a7b33fe51b63872,97352d829b3de7a2f905e98ecfcffcd28ca92eeccca81bcfbed016c3c3e8877a
y2025_h03_o2025-06,D_direct,q3_direct,X1,xgboost,3057,y2025_h03_o2025-06_D_direct_q3_direct.ubj,06de4fe41e9d7db3c1b77b6ed81429e68ddfc9f2793f61bd113ca5128919f2fc,97352d829b3de7a2f905e98ecfcffcd28ca92eeccca81bcfbed016c3c3e8877a
y2025_h03_o2025-06,D_residual,q2,X6,xgboost,3057,y2025_h03_o2025-06_D_residual_q2.ubj,14ed256ebe64e4c8a8f58375ca7811cf86e4b679c1be1e176d4bd2f62511a446,97352d829b3de7a2f905e98ecfcffcd28ca92eeccca81bcfbed016c3c3e8877a
y2025_h03_o2025-06,D_residual,q4,X6,xgboost,3057,y2025_h03_o2025-06_D_residual_q4.ubj,d1462e77652166012de177cac51d5de6843bc99d98f578bcc253b59bd8dd4a0f,97352d829b3de7a2f905e98ecfcffcd28ca92eeccca81bcfbed016c3c3e8877a
y2025_h03_o2025-06,D_residual,q5,X6,xgboost,3057,y2025_h03_o2025-06_D_residual_q5.ubj,6ff18c836478aa7c1a634dc55dd2f25f0bef17e7ec85e40265b7dc481246039b,97352d829b3de7a2f905e98ecfcffcd28ca92eeccca81bcfbed016c3c3e8877a
y2025_h03_o2025-06,D_residual,q3_direct,X6,xgboost,3057,y2025_h03_o2025-06_D_residual_q3_direct.ubj,805dbd54f93c1e8c6b27a3bff4630203ada99a0793567aad07b8839d152e6494,97352d829b3de7a2f905e98ecfcffcd28ca92eeccca81bcfbed016c3c3e8877a
y2025_h03_o2025-06,D_residual,q3_residual_delta,X6,xgboost,2295,y2025_h03_o2025-06_D_residual_q3_residual_delta.ubj,5598966558ea3c662456c5e9e64a55ea7845e86554d6acc5d517f13b52fe0c79,97352d829b3de7a2f905e98ecfcffcd28ca92eeccca81bcfbed016c3c3e8877a
y2025_h03_o2025-07,A,q2,X3,xgboost,3057,y2025_h03_o2025-07_A_q2.ubj,030c09e958fb65354c67232c63f27d09596de24d78c84ef6f5bd11817ddb3363,83a39bf113af39ea91290a70a6104152b711db819dcd0ad64d3220301d883db9
y2025_h03_o2025-07,A,q4,X3,xgboost,3057,y2025_h03_o2025-07_A_q4.ubj,6b767f29b2a2807a1124200c4b0933016fbb467547c5d600a20756417f17b5ee,83a39bf113af39ea91290a70a6104152b711db819dcd0ad64d3220301d883db9
y2025_h03_o2025-07,A,q5,X3,xgboost,3057,y2025_h03_o2025-07_A_q5.ubj,17e2980cf0aa5c9712a4af7ecf39ea3a64981d8b371fdc5d23f1bedd90ff3a07,83a39bf113af39ea91290a70a6104152b711db819dcd0ad64d3220301d883db9
y2025_h03_o2025-07,A,q3_direct,X3,xgboost,3057,y2025_h03_o2025-07_A_q3_direct.ubj,a204ef0200fcd72f6d0073c8b2e0fc609d0a18d7d645ebddc279321034312ac1,83a39bf113af39ea91290a70a6104152b711db819dcd0ad64d3220301d883db9
y2025_h03_o2025-07,B,q2,X1,xgboost,3057,y2025_h03_o2025-07_B_q2.ubj,8348b3332c6f348bac4985a8b9189b7c7a6c3dcfef55fdfdb3309eb151aa1e5e,a38bd0c2160e62e9f8501961e853fe4327dcd1d907827ca3d8209825fa739c34
y2025_h03_o2025-07,B,q4,X1,xgboost,3057,y2025_h03_o2025-07_B_q4.ubj,83e5108ef2dbc9f473d88aa497b93c1a504fdd56984e0b857e029529298e9292,a38bd0c2160e62e9f8501961e853fe4327dcd1d907827ca3d8209825fa739c34
y2025_h03_o2025-07,B,q5,X1,xgboost,3057,y2025_h03_o2025-07_B_q5.ubj,47dfdd8d942ed5a92c09b33acafba2bff6041ea1376068bec8d04adf8bf08a68,a38bd0c2160e62e9f8501961e853fe4327dcd1d907827ca3d8209825fa739c34
y2025_h03_o2025-07,B,q3_direct,X1,xgboost,3057,y2025_h03_o2025-07_B_q3_direct.ubj,5d8d1c53dc5da5a61e3d4a5c4915ea6f233ef8c7cefd9df38e73d0c0a71ce2e8,a38bd0c2160e62e9f8501961e853fe4327dcd1d907827ca3d8209825fa739c34
y2025_h03_o2025-07,C,q2,X1,xgboost,3057,y2025_h03_o2025-07_C_q2.ubj,0863e0d4ed2cbf7271bb7999101ea4f9b31537fad8edc02da623eaaa61e12f9b,789f7d3b241dddf3b868ba2358110b2a75dbcbfe68f01f896cef4368eecedf39
y2025_h03_o2025-07,C,q4,X1,xgboost,3057,y2025_h03_o2025-07_C_q4.ubj,0728bf6a718d0f7cc2060c1f2afb7f9c0a1763b3758b31b7c19cc995f7e19324,789f7d3b241dddf3b868ba2358110b2a75dbcbfe68f01f896cef4368eecedf39
y2025_h03_o2025-07,C,q5,X1,xgboost,3057,y2025_h03_o2025-07_C_q5.ubj,c4cc774e8c61e170c81350c59e004cb1f5b406d8f7dd3fb4dc9d24e4b8feee7b,789f7d3b241dddf3b868ba2358110b2a75dbcbfe68f01f896cef4368eecedf39
y2025_h03_o2025-07,C,q3_direct,X1,xgboost,3057,y2025_h03_o2025-07_C_q3_direct.ubj,431a7bd1d28a0786606eb0fd5a838b4b823d3a424c01a85b167bf3134609c538,789f7d3b241dddf3b868ba2358110b2a75dbcbfe68f01f896cef4368eecedf39
y2025_h03_o2025-07,D_direct,q2,X1,xgboost,3057,y2025_h03_o2025-07_D_direct_q2.ubj,b640d76f3e7ebbd93f1dbfb8aab0c9a406ed59448668eda737d3597aebe9aca2,97352d829b3de7a2f905e98ecfcffcd28ca92eeccca81bcfbed016c3c3e8877a
y2025_h03_o2025-07,D_direct,q4,X1,xgboost,3057,y2025_h03_o2025-07_D_direct_q4.ubj,28fb2e08a33c68365a62e4d3b07847a4401b1acbf2aa57b005fd85d0376ab803,97352d829b3de7a2f905e98ecfcffcd28ca92eeccca81bcfbed016c3c3e8877a
y2025_h03_o2025-07,D_direct,q5,X1,xgboost,3057,y2025_h03_o2025-07_D_direct_q5.ubj,20781c83dbc2c9b65bed423604f89392dbffc23155cdc7ed1a30d91f0f62adc1,97352d829b3de7a2f905e98ecfcffcd28ca92eeccca81bcfbed016c3c3e8877a
y2025_h03_o2025-07,D_direct,q3_direct,X1,xgboost,3057,y2025_h03_o2025-07_D_direct_q3_direct.ubj,3b0404ec332afef7cb45aa0ad266619b670910edcb79adc014cf9b0a97db1d4c,97352d829b3de7a2f905e98ecfcffcd28ca92eeccca81bcfbed016c3c3e8877a
y2025_h03_o2025-07,D_residual,q2,X6,xgboost,3057,y2025_h03_o2025-07_D_residual_q2.ubj,3ae7c6efbaa06f95d036f241e1bc154ceb26b72124f641caecaccdeb5a8905ee,97352d829b3de7a2f905e98ecfcffcd28ca92eeccca81bcfbed016c3c3e8877a
y2025_h03_o2025-07,D_residual,q4,X6,xgboost,3057,y2025_h03_o2025-07_D_residual_q4.ubj,96d0a2818d42d044d4d8212b24a9465da94c4f36d88dbdea69590601344c4360,97352d829b3de7a2f905e98ecfcffcd28ca92eeccca81bcfbed016c3c3e8877a
y2025_h03_o2025-07,D_residual,q5,X6,xgboost,3057,y2025_h03_o2025-07_D_residual_q5.ubj,d95801aff4964eccff3872c2b6fa5d012d9fea1f58c2ab75a16e6614f70cc210,97352d829b3de7a2f905e98ecfcffcd28ca92eeccca81bcfbed016c3c3e8877a
y2025_h03_o2025-07,D_residual,q3_direct,X6,xgboost,3057,y2025_h03_o2025-07_D_residual_q3_direct.ubj,6bf01bb505f27dafb66025c9b933d56f386d6452587f49b696a2286acf64b990,97352d829b3de7a2f905e98ecfcffcd28ca92eeccca81bcfbed016c3c3e8877a
y2025_h03_o2025-07,D_residual,q3_residual_delta,X6,xgboost,2295,y2025_h03_o2025-07_D_residual_q3_residual_delta.ubj,b6af3b3f43c689fb3c65e15b2c50bb85923d6230560154d3d8f5e8eaba733c7b,97352d829b3de7a2f905e98ecfcffcd28ca92eeccca81bcfbed016c3c3e8877a
y2026_h03_o2026-01,A,q2,X2,xgboost,3804,y2026_h03_o2026-01_A_q2.ubj,f0468916c3515232c009722e06ed7d0c46fd839059fe5abde4e67a0de35e1108,83a39bf113af39ea91290a70a6104152b711db819dcd0ad64d3220301d883db9
y2026_h03_o2026-01,A,q4,X2,xgboost,3804,y2026_h03_o2026-01_A_q4.ubj,a10278802e0547bb651ef9670a688446db73bd473615603608f31049779edbdd,83a39bf113af39ea91290a70a6104152b711db819dcd0ad64d3220301d883db9
y2026_h03_o2026-01,A,q5,X2,xgboost,3804,y2026_h03_o2026-01_A_q5.ubj,bbb00c9c6077256eca197189b0090d14a8173b886d8ed0da01f2aa1c6f6a57a7,83a39bf113af39ea91290a70a6104152b711db819dcd0ad64d3220301d883db9
y2026_h03_o2026-01,A,q3_direct,X2,xgboost,3804,y2026_h03_o2026-01_A_q3_direct.ubj,8a0527ec7746f434da522ca4e204d17cbd603d8a55233b17fa49bd1936927356,83a39bf113af39ea91290a70a6104152b711db819dcd0ad64d3220301d883db9
y2026_h03_o2026-01,B,q2,X6,xgboost,3804,y2026_h03_o2026-01_B_q2.ubj,9943ba2c6a63668fa604fb3fe0b28c279551ce8eb411e4241b500d8fdc730f8f,a38bd0c2160e62e9f8501961e853fe4327dcd1d907827ca3d8209825fa739c34
y2026_h03_o2026-01,B,q4,X6,xgboost,3804,y2026_h03_o2026-01_B_q4.ubj,50ec7dc47707c680418db51b6a1085486f35eb28afa8ee9a8f472566b907e8d4,a38bd0c2160e62e9f8501961e853fe4327dcd1d907827ca3d8209825fa739c34
y2026_h03_o2026-01,B,q5,X6,xgboost,3804,y2026_h03_o2026-01_B_q5.ubj,54341488d60b7a054708fd4b6c4a105d22918a1d898c3c18f9073f0120d93f15,a38bd0c2160e62e9f8501961e853fe4327dcd1d907827ca3d8209825fa739c34
y2026_h03_o2026-01,B,q3_direct,X6,xgboost,3804,y2026_h03_o2026-01_B_q3_direct.ubj,d5d248c291f2bb54f7b3fa9b2dc6b8d2e99acc6c0a89894f5ee5c3c3dd67030b,a38bd0c2160e62e9f8501961e853fe4327dcd1d907827ca3d8209825fa739c34
y2026_h03_o2026-01,C,q2,X6,xgboost,3804,y2026_h03_o2026-01_C_q2.ubj,472ce3d1cf777aa442a42ee09d5e7236451f7352d4900b6460e555356e53eca5,789f7d3b241dddf3b868ba2358110b2a75dbcbfe68f01f896cef4368eecedf39
y2026_h03_o2026-01,C,q4,X6,xgboost,3804,y2026_h03_o2026-01_C_q4.ubj,ed210f781a955a26daff71ae7c0963bb0710513749aec6a90ae43568b23f851b,789f7d3b241dddf3b868ba2358110b2a75dbcbfe68f01f896cef4368eecedf39
y2026_h03_o2026-01,C,q5,X6,xgboost,3804,y2026_h03_o2026-01_C_q5.ubj,fe95b7ac70bc5a1692d2a57dbd65af398e76ec2f24207106a77d241d2447c563,789f7d3b241dddf3b868ba2358110b2a75dbcbfe68f01f896cef4368eecedf39
y2026_h03_o2026-01,C,q3_direct,X6,xgboost,3804,y2026_h03_o2026-01_C_q3_direct.ubj,de6fb613ce5ac6f424382ecd2181ee88e23bb11ed09a76b8b36c05ee1cdea09e,789f7d3b241dddf3b868ba2358110b2a75dbcbfe68f01f896cef4368eecedf39
y2026_h03_o2026-01,D_direct,q2,X1,xgboost,3804,y2026_h03_o2026-01_D_direct_q2.ubj,9eff6812b76d682677c6b3560871c981a4c4f0e9f41c1c0f1a831ae2eaf7a35a,97352d829b3de7a2f905e98ecfcffcd28ca92eeccca81bcfbed016c3c3e8877a
y2026_h03_o2026-01,D_direct,q4,X1,xgboost,3804,y2026_h03_o2026-01_D_direct_q4.ubj,b9eb5c19b525b0522c3051473c320485f9e811e9fd4f9a0d950e4fddcfff2d46,97352d829b3de7a2f905e98ecfcffcd28ca92eeccca81bcfbed016c3c3e8877a
y2026_h03_o2026-01,D_direct,q5,X1,xgboost,3804,y2026_h03_o2026-01_D_direct_q5.ubj,d101276a7f2c9030d7aeeb3ca1c9f83a2130e67924338ee6e72be3f4eea9aa14,97352d829b3de7a2f905e98ecfcffcd28ca92eeccca81bcfbed016c3c3e8877a
y2026_h03_o2026-01,D_direct,q3_direct,X1,xgboost,3804,y2026_h03_o2026-01_D_direct_q3_direct.ubj,92e6806f522b27a0d47090065ab65b696293ccd25b312b83a20b516b70c04d0a,97352d829b3de7a2f905e98ecfcffcd28ca92eeccca81bcfbed016c3c3e8877a
y2026_h03_o2026-01,D_residual,q2,X1,xgboost,3804,y2026_h03_o2026-01_D_residual_q2.ubj,9eff6812b76d682677c6b3560871c981a4c4f0e9f41c1c0f1a831ae2eaf7a35a,97352d829b3de7a2f905e98ecfcffcd28ca92eeccca81bcfbed016c3c3e8877a
y2026_h03_o2026-01,D_residual,q4,X1,xgboost,3804,y2026_h03_o2026-01_D_residual_q4.ubj,b9eb5c19b525b0522c3051473c320485f9e811e9fd4f9a0d950e4fddcfff2d46,97352d829b3de7a2f905e98ecfcffcd28ca92eeccca81bcfbed016c3c3e8877a
y2026_h03_o2026-01,D_residual,q5,X1,xgboost,3804,y2026_h03_o2026-01_D_residual_q5.ubj,d101276a7f2c9030d7aeeb3ca1c9f83a2130e67924338ee6e72be3f4eea9aa14,97352d829b3de7a2f905e98ecfcffcd28ca92eeccca81bcfbed016c3c3e8877a
y2026_h03_o2026-01,D_residual,q3_direct,X1,xgboost,3804,y2026_h03_o2026-01_D_residual_q3_direct.ubj,92e6806f522b27a0d47090065ab65b696293ccd25b312b83a20b516b70c04d0a,97352d829b3de7a2f905e98ecfcffcd28ca92eeccca81bcfbed016c3c3e8877a
y2026_h03_o2026-01,D_residual,q3_residual_delta,X1,xgboost,3538,y2026_h03_o2026-01_D_residual_q3_residual_delta.ubj,bdb1f5293adad9bcaabb892fc7dc2cf82775f05b1a610034e71d3d5ca527f275,97352d829b3de7a2f905e98ecfcffcd28ca92eeccca81bcfbed016c3c3e8877a
y2025_h06_o2024-10,A,q2,X3,xgboost,3057,y2025_h06_o2024-10_A_q2.ubj,1fda7a5f8e3b752e561ee3a18cf64b568305ea68850bbbb904a1ef5d7574e6e1,490db22d4125c34f797208867746cc7369331d83855c37a4bfe549c98b70399b
y2025_h06_o2024-10,A,q4,X3,xgboost,3057,y2025_h06_o2024-10_A_q4.ubj,7fe26772bab9616e58f09a09e1ad89a6bf19330e9ad1bccb57a56cb07c44db99,490db22d4125c34f797208867746cc7369331d83855c37a4bfe549c98b70399b
y2025_h06_o2024-10,A,q5,X3,xgboost,3057,y2025_h06_o2024-10_A_q5.ubj,1bcdf8728c598df5b2d0f13db5fae2b4622969c3d04a54d586ed7e945c54b22c,490db22d4125c34f797208867746cc7369331d83855c37a4bfe549c98b70399b
y2025_h06_o2024-10,A,q3_direct,X3,xgboost,3057,y2025_h06_o2024-10_A_q3_direct.ubj,dc81767e8d529493dbff09c5b5cede7f3aba793e6b7d0cb0af4351e5a1f5f182,490db22d4125c34f797208867746cc7369331d83855c37a4bfe549c98b70399b
y2025_h06_o2024-10,B,q2,X1,xgboost,3057,y2025_h06_o2024-10_B_q2.ubj,7078cdcd11b75d2346440ccbe9a9705d86290fedcb9825330479f48f048e6b71,106838fe19e44be44607b08b9540d8fe1928a4005b51032401388433105b6e8f
y2025_h06_o2024-10,B,q4,X1,xgboost,3057,y2025_h06_o2024-10_B_q4.ubj,01671e61a721b943cae8ed600a1f93af6f2052826bb6ed4a45d419d9c72503ae,106838fe19e44be44607b08b9540d8fe1928a4005b51032401388433105b6e8f
y2025_h06_o2024-10,B,q5,X1,xgboost,3057,y2025_h06_o2024-10_B_q5.ubj,3dd5b738c201dc29ba4723cec84b9b1963be185a728a04b43c07e9c01b963c83,106838fe19e44be44607b08b9540d8fe1928a4005b51032401388433105b6e8f
y2025_h06_o2024-10,B,q3_direct,X1,xgboost,3057,y2025_h06_o2024-10_B_q3_direct.ubj,ae4aa19c1c5aab6861b11785d9df4aa012ecfe5a2137cfdddd3976ccf730dd1b,106838fe19e44be44607b08b9540d8fe1928a4005b51032401388433105b6e8f
y2025_h06_o2024-10,C,q2,X1,xgboost,3057,y2025_h06_o2024-10_C_q2.ubj,3519a73112a44f9eef72de4b1c33277887fc10a883d2eb903ac8c74c9587c6ad,3693e270dffe9ff8decd9818ce9d1012e40939a4707e951b56c6d09eb05be7db
y2025_h06_o2024-10,C,q4,X1,xgboost,3057,y2025_h06_o2024-10_C_q4.ubj,0274b8f751b79b902ddce74584430bca83b3f2a248f1e3a81f673b9a12cbc104,3693e270dffe9ff8decd9818ce9d1012e40939a4707e951b56c6d09eb05be7db
y2025_h06_o2024-10,C,q5,X1,xgboost,3057,y2025_h06_o2024-10_C_q5.ubj,0456d1da9f5ebdbe57c3bf51676ca59458f42ea8bf6950dc1f189f3427761a94,3693e270dffe9ff8decd9818ce9d1012e40939a4707e951b56c6d09eb05be7db
y2025_h06_o2024-10,C,q3_direct,X1,xgboost,3057,y2025_h06_o2024-10_C_q3_direct.ubj,010c04c028b3ab725c8e9fd33d2292a1ed04bac89b46d8e6bff0922b6b581666,3693e270dffe9ff8decd9818ce9d1012e40939a4707e951b56c6d09eb05be7db
y2025_h06_o2024-10,D_direct,q2,X1,xgboost,3057,y2025_h06_o2024-10_D_direct_q2.ubj,3fd6ea937d20e13fd3d956a35dc53066b04c72dd4ea761d92d86b049b7604e0d,15d57e5a1e30008deebf62f72ed5f1cac28d611e63240fe26df92b3f14e27fe5
y2025_h06_o2024-10,D_direct,q4,X1,xgboost,3057,y2025_h06_o2024-10_D_direct_q4.ubj,b4f1a8e6ae65d186e18da400c027a1569d25dcb22f3b13e7de40c44e644f97f7,15d57e5a1e30008deebf62f72ed5f1cac28d611e63240fe26df92b3f14e27fe5
y2025_h06_o2024-10,D_direct,q5,X1,xgboost,3057,y2025_h06_o2024-10_D_direct_q5.ubj,d74b6da5d3676e05f316bffe730e6bfc2efbf300fa415f8a1f2006b0e18444cc,15d57e5a1e30008deebf62f72ed5f1cac28d611e63240fe26df92b3f14e27fe5
y2025_h06_o2024-10,D_direct,q3_direct,X1,xgboost,3057,y2025_h06_o2024-10_D_direct_q3_direct.ubj,ab3d5891116ae5b0e3601e51f24977597c9fe9b078daea8fe33b7078b72e8a55,15d57e5a1e30008deebf62f72ed5f1cac28d611e63240fe26df92b3f14e27fe5
y2025_h06_o2024-10,D_residual,q2,X6,xgboost,3057,y2025_h06_o2024-10_D_residual_q2.ubj,1d3f2708d7ccca2770f67a3cffb2bb83deabc687daf2e7ead27c66e8f9460bf5,15d57e5a1e30008deebf62f72ed5f1cac28d611e63240fe26df92b3f14e27fe5
y2025_h06_o2024-10,D_residual,q4,X6,xgboost,3057,y2025_h06_o2024-10_D_residual_q4.ubj,80bdfc0cf787f356b6d82d28d342807c86cdf8fa8627ad5df1d7fbc6df50c771,15d57e5a1e30008deebf62f72ed5f1cac28d611e63240fe26df92b3f14e27fe5
y2025_h06_o2024-10,D_residual,q5,X6,xgboost,3057,y2025_h06_o2024-10_D_residual_q5.ubj,93da640022d2a8c41efe858785c89e9c36ab1582fe99bd827efacae2122c3bbd,15d57e5a1e30008deebf62f72ed5f1cac28d611e63240fe26df92b3f14e27fe5
y2025_h06_o2024-10,D_residual,q3_direct,X6,xgboost,3057,y2025_h06_o2024-10_D_residual_q3_direct.ubj,fbf4e3ff335aaf0b93b50dbf8e31e42ef55aed8a2c7f1bf329966277f7d490d7,15d57e5a1e30008deebf62f72ed5f1cac28d611e63240fe26df92b3f14e27fe5
y2025_h06_o2024-10,D_residual,q3_residual_delta,X6,xgboost,1652,y2025_h06_o2024-10_D_residual_q3_residual_delta.ubj,3f02cd0a31d4c7c0ed1a4b8ad9fb74ac3b9e99d69fe62b25452468a901f8e141,15d57e5a1e30008deebf62f72ed5f1cac28d611e63240fe26df92b3f14e27fe5
y2025_h06_o2025-01,A,q2,X3,xgboost,3057,y2025_h06_o2025-01_A_q2.ubj,9f2189829e0a8360dc2c88435e72db6896f73fa92ae522fe6e9e4ad36c02b81d,490db22d4125c34f797208867746cc7369331d83855c37a4bfe549c98b70399b
y2025_h06_o2025-01,A,q4,X3,xgboost,3057,y2025_h06_o2025-01_A_q4.ubj,ab1c5e9f20ab8ca85fcacaf89eddc657d1aa8b5d8ce8419bdebdef8d324f0d0b,490db22d4125c34f797208867746cc7369331d83855c37a4bfe549c98b70399b
y2025_h06_o2025-01,A,q5,X3,xgboost,3057,y2025_h06_o2025-01_A_q5.ubj,d93ac5cacedec10a0cdfe6c7ad79a734801d4b9289ddb11ae7fd7f4d63f0b098,490db22d4125c34f797208867746cc7369331d83855c37a4bfe549c98b70399b
y2025_h06_o2025-01,A,q3_direct,X3,xgboost,3057,y2025_h06_o2025-01_A_q3_direct.ubj,7dde6203463a92396b20ea0b0d5e7fbba6b879c1b959dbf7eb88eab2f46ddd4a,490db22d4125c34f797208867746cc7369331d83855c37a4bfe549c98b70399b
y2025_h06_o2025-01,B,q2,X1,xgboost,3057,y2025_h06_o2025-01_B_q2.ubj,94c9aa2805cba608a5acef10a2913bcc3cc79f00d8d04735f3551665be293d4b,106838fe19e44be44607b08b9540d8fe1928a4005b51032401388433105b6e8f
y2025_h06_o2025-01,B,q4,X1,xgboost,3057,y2025_h06_o2025-01_B_q4.ubj,c5f6af3512549a84ade5ba890c1e0f290401dfcfe34809e12cb3087c0872234c,106838fe19e44be44607b08b9540d8fe1928a4005b51032401388433105b6e8f
y2025_h06_o2025-01,B,q5,X1,xgboost,3057,y2025_h06_o2025-01_B_q5.ubj,c35b93c950425e07ad43e3f97442828d921b58233f9d5d48841f9743f65be776,106838fe19e44be44607b08b9540d8fe1928a4005b51032401388433105b6e8f
y2025_h06_o2025-01,B,q3_direct,X1,xgboost,3057,y2025_h06_o2025-01_B_q3_direct.ubj,03bbdeefa14e2cbb68b3498c3748d06919fa4832c2cc20cd88b598bfb3d869ed,106838fe19e44be44607b08b9540d8fe1928a4005b51032401388433105b6e8f
y2025_h06_o2025-01,C,q2,X1,xgboost,3057,y2025_h06_o2025-01_C_q2.ubj,5dc6d91c473167e6493397051a70f0c333e4664af303bc710aee96711e0dc941,3693e270dffe9ff8decd9818ce9d1012e40939a4707e951b56c6d09eb05be7db
y2025_h06_o2025-01,C,q4,X1,xgboost,3057,y2025_h06_o2025-01_C_q4.ubj,6f495f0731c218f448b77b03e55599f81daa14ed72c805e76883e23ad86ff966,3693e270dffe9ff8decd9818ce9d1012e40939a4707e951b56c6d09eb05be7db
y2025_h06_o2025-01,C,q5,X1,xgboost,3057,y2025_h06_o2025-01_C_q5.ubj,1d94d2d6ea040dde82ee82bdcf6459c9305c46bec40f76c75cf59a925c4a24ee,3693e270dffe9ff8decd9818ce9d1012e40939a4707e951b56c6d09eb05be7db
y2025_h06_o2025-01,C,q3_direct,X1,xgboost,3057,y2025_h06_o2025-01_C_q3_direct.ubj,c97db6e78089d6a8f42d9fe97e2e7270ac63764d1d790a7c62c9aecf63d178d4,3693e270dffe9ff8decd9818ce9d1012e40939a4707e951b56c6d09eb05be7db
y2025_h06_o2025-01,D_direct,q2,X1,xgboost,3057,y2025_h06_o2025-01_D_direct_q2.ubj,e18c0da07a75a467a26337f71882da8764ad640117db7fab1b3b2413bb5a10f7,15d57e5a1e30008deebf62f72ed5f1cac28d611e63240fe26df92b3f14e27fe5
y2025_h06_o2025-01,D_direct,q4,X1,xgboost,3057,y2025_h06_o2025-01_D_direct_q4.ubj,b89bf1affcd820b984b1c8fd1f852f8aeb7e60480c26cdb88451cdc2f76564ff,15d57e5a1e30008deebf62f72ed5f1cac28d611e63240fe26df92b3f14e27fe5
y2025_h06_o2025-01,D_direct,q5,X1,xgboost,3057,y2025_h06_o2025-01_D_direct_q5.ubj,ff9dab2f4f60e5ea5bb7af3862310ede66e54bfb2212eee10a63b560ef26be72,15d57e5a1e30008deebf62f72ed5f1cac28d611e63240fe26df92b3f14e27fe5
y2025_h06_o2025-01,D_direct,q3_direct,X1,xgboost,3057,y2025_h06_o2025-01_D_direct_q3_direct.ubj,d4d8ac76cf4676a1a2aea99528d08b2d8f6f98b9e0c5217854f8185d3d63a4cd,15d57e5a1e30008deebf62f72ed5f1cac28d611e63240fe26df92b3f14e27fe5
y2025_h06_o2025-01,D_residual,q2,X6,xgboost,3057,y2025_h06_o2025-01_D_residual_q2.ubj,bb3638f7d69b0ee31bc00ad9ece610f919b0330cad4ca12527f8f2b73216ed20,15d57e5a1e30008deebf62f72ed5f1cac28d611e63240fe26df92b3f14e27fe5
y2025_h06_o2025-01,D_residual,q4,X6,xgboost,3057,y2025_h06_o2025-01_D_residual_q4.ubj,a0bb972ff3b7d434d8a2188f7845e41f8c34a7305547c28927e93873a31c5b3d,15d57e5a1e30008deebf62f72ed5f1cac28d611e63240fe26df92b3f14e27fe5
y2025_h06_o2025-01,D_residual,q5,X6,xgboost,3057,y2025_h06_o2025-01_D_residual_q5.ubj,49e7fe8dc0814e165fb90512ecb8d6c6eb49b5b5834a8d138f89821844af2caa,15d57e5a1e30008deebf62f72ed5f1cac28d611e63240fe26df92b3f14e27fe5
y2025_h06_o2025-01,D_residual,q3_direct,X6,xgboost,3057,y2025_h06_o2025-01_D_residual_q3_direct.ubj,327f167f6e787e7b8d0b00da09750745daa75aeac51b22477ec58e1d57442937,15d57e5a1e30008deebf62f72ed5f1cac28d611e63240fe26df92b3f14e27fe5
y2025_h06_o2025-01,D_residual,q3_residual_delta,X6,xgboost,1652,y2025_h06_o2025-01_D_residual_q3_residual_delta.ubj,579a9ff81bc95627b004e350313b1fc44b2d682d8485118c28f6466005690ab2,15d57e5a1e30008deebf62f72ed5f1cac28d611e63240fe26df92b3f14e27fe5
y2025_h06_o2025-03,A,q2,X3,xgboost,3057,y2025_h06_o2025-03_A_q2.ubj,9984b7a9a62d8d8dec7482ec513e3a68072e85f54b98e92c54a9a485384a00b7,490db22d4125c34f797208867746cc7369331d83855c37a4bfe549c98b70399b
y2025_h06_o2025-03,A,q4,X3,xgboost,3057,y2025_h06_o2025-03_A_q4.ubj,3b81917c51a3f221b0772b24674c60a97709a45903a419f1756e3ebd213b7ac3,490db22d4125c34f797208867746cc7369331d83855c37a4bfe549c98b70399b
y2025_h06_o2025-03,A,q5,X3,xgboost,3057,y2025_h06_o2025-03_A_q5.ubj,288b119a7bc6491c7559fd099e9fe48ec1e34dc4a533368d6b5dae7c19ac7250,490db22d4125c34f797208867746cc7369331d83855c37a4bfe549c98b70399b
y2025_h06_o2025-03,A,q3_direct,X3,xgboost,3057,y2025_h06_o2025-03_A_q3_direct.ubj,04f89a757c97eebba7a9456b8d01850d7df6a5f4fa8899ab1b94a13d800cfa98,490db22d4125c34f797208867746cc7369331d83855c37a4bfe549c98b70399b
y2025_h06_o2025-03,B,q2,X1,xgboost,3057,y2025_h06_o2025-03_B_q2.ubj,3eb24b912e3efe3a120db3e1ddc841ec743d50b5dc874e672dfeb4a5a28188e7,106838fe19e44be44607b08b9540d8fe1928a4005b51032401388433105b6e8f
y2025_h06_o2025-03,B,q4,X1,xgboost,3057,y2025_h06_o2025-03_B_q4.ubj,bb85ec94391f54eb40cb57cdd735525e9419cc8fb0bf57edb41524e3704ae36a,106838fe19e44be44607b08b9540d8fe1928a4005b51032401388433105b6e8f
y2025_h06_o2025-03,B,q5,X1,xgboost,3057,y2025_h06_o2025-03_B_q5.ubj,f541e969186b3e34f5fa2525b76ec08b41ec3656f4d9b5511d9e65d8478c9d47,106838fe19e44be44607b08b9540d8fe1928a4005b51032401388433105b6e8f
y2025_h06_o2025-03,B,q3_direct,X1,xgboost,3057,y2025_h06_o2025-03_B_q3_direct.ubj,5175fb24c0f64cd9a25e4e670a0eb3b32be306d7ca0c790b3ce787d9e47c825e,106838fe19e44be44607b08b9540d8fe1928a4005b51032401388433105b6e8f
y2025_h06_o2025-03,C,q2,X1,xgboost,3057,y2025_h06_o2025-03_C_q2.ubj,0f7146eae8739595fc49eb72bc64d833877306be1bc679e6727640c96c40ea13,3693e270dffe9ff8decd9818ce9d1012e40939a4707e951b56c6d09eb05be7db
y2025_h06_o2025-03,C,q4,X1,xgboost,3057,y2025_h06_o2025-03_C_q4.ubj,580561461e0c2f2497b927c207a42023ab476ffec6405c55cb8de84bdd424aed,3693e270dffe9ff8decd9818ce9d1012e40939a4707e951b56c6d09eb05be7db
y2025_h06_o2025-03,C,q5,X1,xgboost,3057,y2025_h06_o2025-03_C_q5.ubj,0b0f7409ff4db3546f4b27b03bde189128eeb6cfe0b0e1e4df88c3820515c031,3693e270dffe9ff8decd9818ce9d1012e40939a4707e951b56c6d09eb05be7db
y2025_h06_o2025-03,C,q3_direct,X1,xgboost,3057,y2025_h06_o2025-03_C_q3_direct.ubj,af69c164a905d433f5c1cb7aa6813de970df8e2b0a76e81b44e553b388c3e4d2,3693e270dffe9ff8decd9818ce9d1012e40939a4707e951b56c6d09eb05be7db
y2025_h06_o2025-03,D_direct,q2,X1,xgboost,3057,y2025_h06_o2025-03_D_direct_q2.ubj,b51cef6abd059026444d4249eed7f8c9d54f3c4234a8edf29efd7199d82d19e0,15d57e5a1e30008deebf62f72ed5f1cac28d611e63240fe26df92b3f14e27fe5
y2025_h06_o2025-03,D_direct,q4,X1,xgboost,3057,y2025_h06_o2025-03_D_direct_q4.ubj,8025105f338d2244f026675194934c16f1be203573a794f91064abea44808752,15d57e5a1e30008deebf62f72ed5f1cac28d611e63240fe26df92b3f14e27fe5
y2025_h06_o2025-03,D_direct,q5,X1,xgboost,3057,y2025_h06_o2025-03_D_direct_q5.ubj,c8c20732eb776cc796007cf9927ef64af8879bf8b9600e3ab174379b2fadf781,15d57e5a1e30008deebf62f72ed5f1cac28d611e63240fe26df92b3f14e27fe5
y2025_h06_o2025-03,D_direct,q3_direct,X1,xgboost,3057,y2025_h06_o2025-03_D_direct_q3_direct.ubj,a040c1bce7a50f190dc1f401ea2580b01187e0d7de6053ae2b5510590607b2b2,15d57e5a1e30008deebf62f72ed5f1cac28d611e63240fe26df92b3f14e27fe5
y2025_h06_o2025-03,D_residual,q2,X6,xgboost,3057,y2025_h06_o2025-03_D_residual_q2.ubj,867b30e7e491b8bffb45589288943a42caf9f1e066b65ec3348062913c2da976,15d57e5a1e30008deebf62f72ed5f1cac28d611e63240fe26df92b3f14e27fe5
y2025_h06_o2025-03,D_residual,q4,X6,xgboost,3057,y2025_h06_o2025-03_D_residual_q4.ubj,c277010181754e8e5df10c1f1ec3b01d14e4f6a441ed0775771bc9f5ecd37e1e,15d57e5a1e30008deebf62f72ed5f1cac28d611e63240fe26df92b3f14e27fe5
y2025_h06_o2025-03,D_residual,q5,X6,xgboost,3057,y2025_h06_o2025-03_D_residual_q5.ubj,3f67538f39b00fd136da797f653fc4e274571ec38cb5854f174c168c9a1bb4cf,15d57e5a1e30008deebf62f72ed5f1cac28d611e63240fe26df92b3f14e27fe5
y2025_h06_o2025-03,D_residual,q3_direct,X6,xgboost,3057,y2025_h06_o2025-03_D_residual_q3_direct.ubj,313c32e75452dbedf03be0f91b05ecd03c4c4ba6bbdc6cb73f99077fb70680d7,15d57e5a1e30008deebf62f72ed5f1cac28d611e63240fe26df92b3f14e27fe5
y2025_h06_o2025-03,D_residual,q3_residual_delta,X6,xgboost,1652,y2025_h06_o2025-03_D_residual_q3_residual_delta.ubj,5f5538b9bf544fb5b34694eee405bbc15602acfec609ad0e42bb69b51967bec1,15d57e5a1e30008deebf62f72ed5f1cac28d611e63240fe26df92b3f14e27fe5
y2025_h06_o2025-04,A,q2,X3,xgboost,3057,y2025_h06_o2025-04_A_q2.ubj,f0c1940ba7a7f5847f336111004b5d0e44ee6a2e41daa06273e8b90adbe2c7dd,490db22d4125c34f797208867746cc7369331d83855c37a4bfe549c98b70399b
y2025_h06_o2025-04,A,q4,X3,xgboost,3057,y2025_h06_o2025-04_A_q4.ubj,b5731da0b4f96aee160255180e16538f373d8208fece73bc21e41fabef243a36,490db22d4125c34f797208867746cc7369331d83855c37a4bfe549c98b70399b
y2025_h06_o2025-04,A,q5,X3,xgboost,3057,y2025_h06_o2025-04_A_q5.ubj,24760557b62696e2d28c389c17b044c5a88d933def5d86f72ae5f6bb5157c2b3,490db22d4125c34f797208867746cc7369331d83855c37a4bfe549c98b70399b
y2025_h06_o2025-04,A,q3_direct,X3,xgboost,3057,y2025_h06_o2025-04_A_q3_direct.ubj,99ecce78972375f78e267270e3b19a12a3fbca68f909ad32eeb05d134dae38a8,490db22d4125c34f797208867746cc7369331d83855c37a4bfe549c98b70399b
y2025_h06_o2025-04,B,q2,X1,xgboost,3057,y2025_h06_o2025-04_B_q2.ubj,0e9d2810c95c550817e6ed91f691238515f6dfc00dc3eeec67a8150c27ffb1e1,106838fe19e44be44607b08b9540d8fe1928a4005b51032401388433105b6e8f
y2025_h06_o2025-04,B,q4,X1,xgboost,3057,y2025_h06_o2025-04_B_q4.ubj,4887d80a79981dd3d907be4873b4fb85e1f63c010671f94b397d3b8bf251bd24,106838fe19e44be44607b08b9540d8fe1928a4005b51032401388433105b6e8f
y2025_h06_o2025-04,B,q5,X1,xgboost,3057,y2025_h06_o2025-04_B_q5.ubj,71b5f72ea91033c8f49b289212587da03a55fbaaeecf63bbcef88955bdddcf9d,106838fe19e44be44607b08b9540d8fe1928a4005b51032401388433105b6e8f
y2025_h06_o2025-04,B,q3_direct,X1,xgboost,3057,y2025_h06_o2025-04_B_q3_direct.ubj,dfcb4316d3fade591cea84380ec10dc7ae847c239bc5226aa161b47353eeca71,106838fe19e44be44607b08b9540d8fe1928a4005b51032401388433105b6e8f
y2025_h06_o2025-04,C,q2,X1,xgboost,3057,y2025_h06_o2025-04_C_q2.ubj,5f823beb113a557c636b16c26a8906d0b2861c90db6ea07c43967e32a489ef13,3693e270dffe9ff8decd9818ce9d1012e40939a4707e951b56c6d09eb05be7db
y2025_h06_o2025-04,C,q4,X1,xgboost,3057,y2025_h06_o2025-04_C_q4.ubj,957e609fec8a97a6b071caa80d145a3be59ab3e9ebdd283559802e1495bba172,3693e270dffe9ff8decd9818ce9d1012e40939a4707e951b56c6d09eb05be7db
y2025_h06_o2025-04,C,q5,X1,xgboost,3057,y2025_h06_o2025-04_C_q5.ubj,056bea299c36c4eef9c637b68be0f3f319f959503d62b3b43c0ade3af3d81991,3693e270dffe9ff8decd9818ce9d1012e40939a4707e951b56c6d09eb05be7db
y2025_h06_o2025-04,C,q3_direct,X1,xgboost,3057,y2025_h06_o2025-04_C_q3_direct.ubj,6e895387cbd764af5419f346c6014244318d67d29e09587174af3eb2e22a20bc,3693e270dffe9ff8decd9818ce9d1012e40939a4707e951b56c6d09eb05be7db
y2025_h06_o2025-04,D_direct,q2,X1,xgboost,3057,y2025_h06_o2025-04_D_direct_q2.ubj,8acd9e1bdccd75dab24dc9110274a93109b92e2cf370e3b5f13a5d77dd803fa5,15d57e5a1e30008deebf62f72ed5f1cac28d611e63240fe26df92b3f14e27fe5
y2025_h06_o2025-04,D_direct,q4,X1,xgboost,3057,y2025_h06_o2025-04_D_direct_q4.ubj,d8ac364db0fd98ee51eef4b276024630b062ca1fe0d2bba58b0a262420db6d73,15d57e5a1e30008deebf62f72ed5f1cac28d611e63240fe26df92b3f14e27fe5
y2025_h06_o2025-04,D_direct,q5,X1,xgboost,3057,y2025_h06_o2025-04_D_direct_q5.ubj,0894566ba5eec267f618e22167b0e96faa59a8c520929a3f71e949116bd828a3,15d57e5a1e30008deebf62f72ed5f1cac28d611e63240fe26df92b3f14e27fe5
y2025_h06_o2025-04,D_direct,q3_direct,X1,xgboost,3057,y2025_h06_o2025-04_D_direct_q3_direct.ubj,5618744b1e0b50089343c7bf10588c886d574d488e5e503f05cc0c39f87ae225,15d57e5a1e30008deebf62f72ed5f1cac28d611e63240fe26df92b3f14e27fe5
y2025_h06_o2025-04,D_residual,q2,X6,xgboost,3057,y2025_h06_o2025-04_D_residual_q2.ubj,2d03fa93afbf5e9b7799d113cf82f53e799766f8f2836f00df63f8a2252434c4,15d57e5a1e30008deebf62f72ed5f1cac28d611e63240fe26df92b3f14e27fe5
y2025_h06_o2025-04,D_residual,q4,X6,xgboost,3057,y2025_h06_o2025-04_D_residual_q4.ubj,0fa6ee50da6164d9587351f4841b821a3e85d8111006a381ae093dbea85d716d,15d57e5a1e30008deebf62f72ed5f1cac28d611e63240fe26df92b3f14e27fe5
y2025_h06_o2025-04,D_residual,q5,X6,xgboost,3057,y2025_h06_o2025-04_D_residual_q5.ubj,f1e5b9f2be8a6bb45442e059efa3f675c829e72339d1d8a3da2942538c0c6bfc,15d57e5a1e30008deebf62f72ed5f1cac28d611e63240fe26df92b3f14e27fe5
y2025_h06_o2025-04,D_residual,q3_direct,X6,xgboost,3057,y2025_h06_o2025-04_D_residual_q3_direct.ubj,1494f4f819bc78e64dfd6b208e69c1ac002305633d0fcaec158c279e8a9e9355,15d57e5a1e30008deebf62f72ed5f1cac28d611e63240fe26df92b3f14e27fe5
y2025_h06_o2025-04,D_residual,q3_residual_delta,X6,xgboost,1652,y2025_h06_o2025-04_D_residual_q3_residual_delta.ubj,8c422d0464f71a1075c85856f00d588d459e9e8426541ff94edfc787189f98be,15d57e5a1e30008deebf62f72ed5f1cac28d611e63240fe26df92b3f14e27fe5
y2026_h06_o2025-10,A,q2,X2,xgboost,3804,y2026_h06_o2025-10_A_q2.ubj,4de7fe15127f4e9c777a592947f34af810aff2e0d0dca01a7573ff7b3225008b,490db22d4125c34f797208867746cc7369331d83855c37a4bfe549c98b70399b
y2026_h06_o2025-10,A,q4,X2,xgboost,3804,y2026_h06_o2025-10_A_q4.ubj,0ca0c1ef28318418472f0a730db6b9653a157f58f41363c2302e66dcedd45c69,490db22d4125c34f797208867746cc7369331d83855c37a4bfe549c98b70399b
y2026_h06_o2025-10,A,q5,X2,xgboost,3804,y2026_h06_o2025-10_A_q5.ubj,43375999e78d5f517e9f113997f1fb61b0301601a79d494f2bda4e9bd4cd90a2,490db22d4125c34f797208867746cc7369331d83855c37a4bfe549c98b70399b
y2026_h06_o2025-10,A,q3_direct,X2,xgboost,3804,y2026_h06_o2025-10_A_q3_direct.ubj,4933e83cc6a6dd820609685e9d3947fecde655a02e90ad46947c48423c24a76e,490db22d4125c34f797208867746cc7369331d83855c37a4bfe549c98b70399b
y2026_h06_o2025-10,B,q2,X6,xgboost,3804,y2026_h06_o2025-10_B_q2.ubj,d54eb046b7ce55d7eedc30f70dff405e92f7c70715106eaee0ab9bfbbfcc9a2b,106838fe19e44be44607b08b9540d8fe1928a4005b51032401388433105b6e8f
y2026_h06_o2025-10,B,q4,X6,xgboost,3804,y2026_h06_o2025-10_B_q4.ubj,ed49e2ff41802a76d337e9fdcc12da3abaccd73e3310691274e418d133ec6e76,106838fe19e44be44607b08b9540d8fe1928a4005b51032401388433105b6e8f
y2026_h06_o2025-10,B,q5,X6,xgboost,3804,y2026_h06_o2025-10_B_q5.ubj,c1276fdc1807ad700b3d3de868e5215c1808ace468d0b4ff2473a38e9813e91c,106838fe19e44be44607b08b9540d8fe1928a4005b51032401388433105b6e8f
y2026_h06_o2025-10,B,q3_direct,X6,xgboost,3804,y2026_h06_o2025-10_B_q3_direct.ubj,3f4694fe94c1af08ecc2a8b9a4226c5a9fffe8129725d730d035d2c02eafa516,106838fe19e44be44607b08b9540d8fe1928a4005b51032401388433105b6e8f
y2026_h06_o2025-10,C,q2,X6,xgboost,3804,y2026_h06_o2025-10_C_q2.ubj,1e009586c5d56d70ff4bf7cc4edf5e21d0f8cf298b67919281e9f5709c4eac8b,3693e270dffe9ff8decd9818ce9d1012e40939a4707e951b56c6d09eb05be7db
y2026_h06_o2025-10,C,q4,X6,xgboost,3804,y2026_h06_o2025-10_C_q4.ubj,9f052b5062b26bd4067997f8370eec9df5feb6aafbc7bc12cacec5d6c459ccc9,3693e270dffe9ff8decd9818ce9d1012e40939a4707e951b56c6d09eb05be7db
y2026_h06_o2025-10,C,q5,X6,xgboost,3804,y2026_h06_o2025-10_C_q5.ubj,1d0f99aaf763548486505919d4fbd40c46de70db590ebfcd1d3e96e2609b8b61,3693e270dffe9ff8decd9818ce9d1012e40939a4707e951b56c6d09eb05be7db
y2026_h06_o2025-10,C,q3_direct,X6,xgboost,3804,y2026_h06_o2025-10_C_q3_direct.ubj,b36c10a9c557d132486be40f763a7f409f90f5aa40332d76f28f015772dac27a,3693e270dffe9ff8decd9818ce9d1012e40939a4707e951b56c6d09eb05be7db
y2026_h06_o2025-10,D_direct,q2,X1,xgboost,3804,y2026_h06_o2025-10_D_direct_q2.ubj,3f9f33d6440eabf3fad35d7035e3258326565d2e7d2c47a06bfb187eb1a16e92,15d57e5a1e30008deebf62f72ed5f1cac28d611e63240fe26df92b3f14e27fe5
y2026_h06_o2025-10,D_direct,q4,X1,xgboost,3804,y2026_h06_o2025-10_D_direct_q4.ubj,c2ed8d07d3b960412c12cb94498abe15e76510e6cf4ad178d14d5435cdebcb5b,15d57e5a1e30008deebf62f72ed5f1cac28d611e63240fe26df92b3f14e27fe5
y2026_h06_o2025-10,D_direct,q5,X1,xgboost,3804,y2026_h06_o2025-10_D_direct_q5.ubj,4b7fb33a3b791acd18f13739de2b8b33ab8941998dfd75f2c3d9f34f838f3589,15d57e5a1e30008deebf62f72ed5f1cac28d611e63240fe26df92b3f14e27fe5
y2026_h06_o2025-10,D_direct,q3_direct,X1,xgboost,3804,y2026_h06_o2025-10_D_direct_q3_direct.ubj,28c2b8456081793e2866bf21f825c85996978b6b49d834a8651eb69a7ccc42cf,15d57e5a1e30008deebf62f72ed5f1cac28d611e63240fe26df92b3f14e27fe5
y2026_h06_o2025-10,D_residual,q2,X1,xgboost,3804,y2026_h06_o2025-10_D_residual_q2.ubj,3f9f33d6440eabf3fad35d7035e3258326565d2e7d2c47a06bfb187eb1a16e92,15d57e5a1e30008deebf62f72ed5f1cac28d611e63240fe26df92b3f14e27fe5
y2026_h06_o2025-10,D_residual,q4,X1,xgboost,3804,y2026_h06_o2025-10_D_residual_q4.ubj,c2ed8d07d3b960412c12cb94498abe15e76510e6cf4ad178d14d5435cdebcb5b,15d57e5a1e30008deebf62f72ed5f1cac28d611e63240fe26df92b3f14e27fe5
y2026_h06_o2025-10,D_residual,q5,X1,xgboost,3804,y2026_h06_o2025-10_D_residual_q5.ubj,4b7fb33a3b791acd18f13739de2b8b33ab8941998dfd75f2c3d9f34f838f3589,15d57e5a1e30008deebf62f72ed5f1cac28d611e63240fe26df92b3f14e27fe5
y2026_h06_o2025-10,D_residual,q3_direct,X1,xgboost,3804,y2026_h06_o2025-10_D_residual_q3_direct.ubj,28c2b8456081793e2866bf21f825c85996978b6b49d834a8651eb69a7ccc42cf,15d57e5a1e30008deebf62f72ed5f1cac28d611e63240fe26df92b3f14e27fe5
y2026_h06_o2025-10,D_residual,q3_residual_delta,X1,xgboost,3363,y2026_h06_o2025-10_D_residual_q3_residual_delta.ubj,c741f0d49f922f34ef530ed00109af0863304206c4724f358f41eb7d54efa648,15d57e5a1e30008deebf62f72ed5f1cac28d611e63240fe26df92b3f14e27fe5
y2025_h12_o2024-04,A,q2,X3,xgboost,2702,y2025_h12_o2024-04_A_q2.ubj,7983c0b1a256ad25f8cef4c07cdf6c52aff0b6d56efda60917261347d577ec88,fdee0374a70f450de41dc07da898e179f447d6cd685bb6389f6caf81dde753b1
y2025_h12_o2024-04,A,q4,X3,xgboost,2702,y2025_h12_o2024-04_A_q4.ubj,f6639b4fbe00d872c65a92b4424ca94a8042fdf4aa87cf9e061f7c2e9aa935b8,fdee0374a70f450de41dc07da898e179f447d6cd685bb6389f6caf81dde753b1
y2025_h12_o2024-04,A,q5,X3,xgboost,2702,y2025_h12_o2024-04_A_q5.ubj,a1b3c320d493a5cc201acc1e433dfb47cd0af21f354c8397f37292b7ddc83e3d,fdee0374a70f450de41dc07da898e179f447d6cd685bb6389f6caf81dde753b1
y2025_h12_o2024-04,A,q3_direct,X3,xgboost,2702,y2025_h12_o2024-04_A_q3_direct.ubj,438a27481a5f5242879bd76a44038ac8cff9ca8472019c9d9ac1ce3171142c98,fdee0374a70f450de41dc07da898e179f447d6cd685bb6389f6caf81dde753b1
y2025_h12_o2024-04,B,q2,X1,xgboost,2702,y2025_h12_o2024-04_B_q2.ubj,abe2247461bd0dcf30cd76bc187c6a9d6dc0a422d386f3e30c0772aef9f0640f,f6fa8d2fedce9b6d256107bce36396a28cee9a6ee363dd54b3447a88aab86681
y2025_h12_o2024-04,B,q4,X1,xgboost,2702,y2025_h12_o2024-04_B_q4.ubj,15291db7b94fd723f7b9de672b1134ca0383884387667554a34f7c9c7f1a17b5,f6fa8d2fedce9b6d256107bce36396a28cee9a6ee363dd54b3447a88aab86681
y2025_h12_o2024-04,B,q5,X1,xgboost,2702,y2025_h12_o2024-04_B_q5.ubj,3ebc85ef19effa52b450baf67a592d1f6c152bbef354fde18fbd4c8ddeb65bfe,f6fa8d2fedce9b6d256107bce36396a28cee9a6ee363dd54b3447a88aab86681
y2025_h12_o2024-04,B,q3_direct,X1,xgboost,2702,y2025_h12_o2024-04_B_q3_direct.ubj,e9bca08fdac581c8eb2f42488bad8372c1d9daa21b4c24d11349f3624c6ed66e,f6fa8d2fedce9b6d256107bce36396a28cee9a6ee363dd54b3447a88aab86681
y2025_h12_o2024-04,C,q2,X1,xgboost,2702,y2025_h12_o2024-04_C_q2.ubj,c74a9f0740dd1dd0677ef8a26f90768f22a57ef9e552dd623bbe063dd041adc7,4e58161f61981c6db570df18bb487c8bf49cec961c952c35438ad6ba2c0a66fb
y2025_h12_o2024-04,C,q4,X1,xgboost,2702,y2025_h12_o2024-04_C_q4.ubj,d81f9088fc8736ebf3bc0475165b87457aac0169fe7d6f15f83973363498a443,4e58161f61981c6db570df18bb487c8bf49cec961c952c35438ad6ba2c0a66fb
y2025_h12_o2024-04,C,q5,X1,xgboost,2702,y2025_h12_o2024-04_C_q5.ubj,148aa1ec6877251152a937b0b8a5f55905e35af539857ebb3fc6bbef9af05bbb,4e58161f61981c6db570df18bb487c8bf49cec961c952c35438ad6ba2c0a66fb
y2025_h12_o2024-04,C,q3_direct,X1,xgboost,2702,y2025_h12_o2024-04_C_q3_direct.ubj,0028c940ce8fba7d59526c137a5e66bb77e102ad2586a4ccafe96e882ce461d5,4e58161f61981c6db570df18bb487c8bf49cec961c952c35438ad6ba2c0a66fb
y2025_h12_o2024-04,D_direct,q2,X1,xgboost,2702,y2025_h12_o2024-04_D_direct_q2.ubj,31a7cb00e5321ad5cc6f6f067b1de38308df3a4e3769e7f5c648beedf105f31c,3c02ffb3ad589797b0d96396156b880fe97acd86e640ad5771685e8200ba898a
y2025_h12_o2024-04,D_direct,q4,X1,xgboost,2702,y2025_h12_o2024-04_D_direct_q4.ubj,256b1334c9c6779ff1cd0203d26417d9fba6eb931cfd616c49470cd2b27e2a8a,3c02ffb3ad589797b0d96396156b880fe97acd86e640ad5771685e8200ba898a
y2025_h12_o2024-04,D_direct,q5,X1,xgboost,2702,y2025_h12_o2024-04_D_direct_q5.ubj,2a567f2efd107dd316f4657fb316c3bd04c9ef0df86e1e320311476500aed20c,3c02ffb3ad589797b0d96396156b880fe97acd86e640ad5771685e8200ba898a
y2025_h12_o2024-04,D_direct,q3_direct,X1,xgboost,2702,y2025_h12_o2024-04_D_direct_q3_direct.ubj,191f7af70a5be73f2b9a3e071cd9d110585d7856522f2e05848bffd5d4cafd06,3c02ffb3ad589797b0d96396156b880fe97acd86e640ad5771685e8200ba898a
y2025_h12_o2024-04,D_residual,q2,X6,xgboost,2702,y2025_h12_o2024-04_D_residual_q2.ubj,c61cb99d2979b06e2e72870e2bd9b1377d6174937df9fe3c47450a515e05af78,3c02ffb3ad589797b0d96396156b880fe97acd86e640ad5771685e8200ba898a
y2025_h12_o2024-04,D_residual,q4,X6,xgboost,2702,y2025_h12_o2024-04_D_residual_q4.ubj,ebd373dc932eb506d79b485ca6dbc990de7f8fb2f0928eacf8209e5bd38e506e,3c02ffb3ad589797b0d96396156b880fe97acd86e640ad5771685e8200ba898a
y2025_h12_o2024-04,D_residual,q5,X6,xgboost,2702,y2025_h12_o2024-04_D_residual_q5.ubj,49e559d6bafa77e0ca5786636cd2fa578f83cb86a6456c505ce889d0fd66394a,3c02ffb3ad589797b0d96396156b880fe97acd86e640ad5771685e8200ba898a
y2025_h12_o2024-04,D_residual,q3_direct,X6,xgboost,2702,y2025_h12_o2024-04_D_residual_q3_direct.ubj,f1b5d3f44b62dcd159d73760dce95dbd93b8e583040e5bdc072cbbe22fff8e28,3c02ffb3ad589797b0d96396156b880fe97acd86e640ad5771685e8200ba898a
y2025_h12_o2024-04,D_residual,q3_residual_delta,X6,xgboost,447,y2025_h12_o2024-04_D_residual_q3_residual_delta.ubj,72d58911fcbcc8404219ee9ea251c913d9cddfd11e3bc2f8c5846dd92e087723,3c02ffb3ad589797b0d96396156b880fe97acd86e640ad5771685e8200ba898a
y2025_h12_o2024-07,A,q2,X3,xgboost,3057,y2025_h12_o2024-07_A_q2.ubj,8cfa4c4d8c3d0554be5b0bccdffebb209e8527b648c061e2c4a93e30c3bfe0db,fdee0374a70f450de41dc07da898e179f447d6cd685bb6389f6caf81dde753b1
y2025_h12_o2024-07,A,q4,X3,xgboost,3057,y2025_h12_o2024-07_A_q4.ubj,2b3d9a5bfd5198d6e5f9b1b2dc86643bcd459b1404db07f23894325f41a03b30,fdee0374a70f450de41dc07da898e179f447d6cd685bb6389f6caf81dde753b1
y2025_h12_o2024-07,A,q5,X3,xgboost,3057,y2025_h12_o2024-07_A_q5.ubj,52853530d8c33f120a6cfce7bbab9aacd9da6939af58ce3de7a6fc35f7c609ee,fdee0374a70f450de41dc07da898e179f447d6cd685bb6389f6caf81dde753b1
y2025_h12_o2024-07,A,q3_direct,X3,xgboost,3057,y2025_h12_o2024-07_A_q3_direct.ubj,a19b58728dd5a01a8848f28cc951e3d132f255128bcf80ade43a7fe97bd16607,fdee0374a70f450de41dc07da898e179f447d6cd685bb6389f6caf81dde753b1
y2025_h12_o2024-07,B,q2,X1,xgboost,3057,y2025_h12_o2024-07_B_q2.ubj,b4293726f3a2c5d2b60940a757eee1640f4b088f72a60d22252227d9007286fe,f6fa8d2fedce9b6d256107bce36396a28cee9a6ee363dd54b3447a88aab86681
y2025_h12_o2024-07,B,q4,X1,xgboost,3057,y2025_h12_o2024-07_B_q4.ubj,ed7e399014e1c16ecacfbb297e86773e59b2e65dc6641ea8c5971f33bc522d37,f6fa8d2fedce9b6d256107bce36396a28cee9a6ee363dd54b3447a88aab86681
y2025_h12_o2024-07,B,q5,X1,xgboost,3057,y2025_h12_o2024-07_B_q5.ubj,0e9981996ccdcaea42e3148baebd3ed10c8b984422e8df527f9bdbfd299abd56,f6fa8d2fedce9b6d256107bce36396a28cee9a6ee363dd54b3447a88aab86681
y2025_h12_o2024-07,B,q3_direct,X1,xgboost,3057,y2025_h12_o2024-07_B_q3_direct.ubj,55d1899c960c2e9d5287348790e3d9d68fb5356e1fbdcb89ad65d84708460e53,f6fa8d2fedce9b6d256107bce36396a28cee9a6ee363dd54b3447a88aab86681
y2025_h12_o2024-07,C,q2,X1,xgboost,3057,y2025_h12_o2024-07_C_q2.ubj,4d511298af34ce426a86a281256889892d4508af89e53b1cb085f4f46ebf129e,4e58161f61981c6db570df18bb487c8bf49cec961c952c35438ad6ba2c0a66fb
y2025_h12_o2024-07,C,q4,X1,xgboost,3057,y2025_h12_o2024-07_C_q4.ubj,ac1b37b61e3ad059eac3f1749b10c27320cb5b454289fb884bd621dd2e3d65e8,4e58161f61981c6db570df18bb487c8bf49cec961c952c35438ad6ba2c0a66fb
y2025_h12_o2024-07,C,q5,X1,xgboost,3057,y2025_h12_o2024-07_C_q5.ubj,bfdca4998f27eae56f30ba5bc45107f20585067d50e320eb7f8f41d2152c2849,4e58161f61981c6db570df18bb487c8bf49cec961c952c35438ad6ba2c0a66fb
y2025_h12_o2024-07,C,q3_direct,X1,xgboost,3057,y2025_h12_o2024-07_C_q3_direct.ubj,0cb973dbecfd56a183a9d1b192ab0ba8d55543fb2850535f74ca2695c445675f,4e58161f61981c6db570df18bb487c8bf49cec961c952c35438ad6ba2c0a66fb
y2025_h12_o2024-07,D_direct,q2,X1,xgboost,3057,y2025_h12_o2024-07_D_direct_q2.ubj,6f221258bba7ac27d7f90d6124a6d6692d7ebc4b4d82a912ea003850171f537b,3c02ffb3ad589797b0d96396156b880fe97acd86e640ad5771685e8200ba898a
y2025_h12_o2024-07,D_direct,q4,X1,xgboost,3057,y2025_h12_o2024-07_D_direct_q4.ubj,9e7fe4ab549371fc6d86d8c57d0f9ca3d8634e8dff42854170f6d2cfb0f7616a,3c02ffb3ad589797b0d96396156b880fe97acd86e640ad5771685e8200ba898a
y2025_h12_o2024-07,D_direct,q5,X1,xgboost,3057,y2025_h12_o2024-07_D_direct_q5.ubj,2ad49af12f82bd328f9b50cd1ba9401a3628fa4bde55b22996c766f74b0771c0,3c02ffb3ad589797b0d96396156b880fe97acd86e640ad5771685e8200ba898a
y2025_h12_o2024-07,D_direct,q3_direct,X1,xgboost,3057,y2025_h12_o2024-07_D_direct_q3_direct.ubj,c3ca0dc4b993227d1243f216cb229c4c43c8262ee29e2be4dba1ad983fbf9dab,3c02ffb3ad589797b0d96396156b880fe97acd86e640ad5771685e8200ba898a
y2025_h12_o2024-07,D_residual,q2,X6,xgboost,3057,y2025_h12_o2024-07_D_residual_q2.ubj,40a058e5d94cd54923754a7434a4c7f066c1609b01bb28f0ad32461764e1d1f2,3c02ffb3ad589797b0d96396156b880fe97acd86e640ad5771685e8200ba898a
y2025_h12_o2024-07,D_residual,q4,X6,xgboost,3057,y2025_h12_o2024-07_D_residual_q4.ubj,b409ae90282d00877add198727671bcc68586cef3885eb52eed0ceac0d6aab04,3c02ffb3ad589797b0d96396156b880fe97acd86e640ad5771685e8200ba898a
y2025_h12_o2024-07,D_residual,q5,X6,xgboost,3057,y2025_h12_o2024-07_D_residual_q5.ubj,29c47752d6d0bf269511e9a6117935339d1c03ac9738606aaae2154afd72765f,3c02ffb3ad589797b0d96396156b880fe97acd86e640ad5771685e8200ba898a
y2025_h12_o2024-07,D_residual,q3_direct,X6,xgboost,3057,y2025_h12_o2024-07_D_residual_q3_direct.ubj,8b7596e32351f1bcdfe1dacb34cc6622430f840b35c462d8478a33e9ff86660f,3c02ffb3ad589797b0d96396156b880fe97acd86e640ad5771685e8200ba898a
y2025_h12_o2024-07,D_residual,q3_residual_delta,X6,xgboost,765,y2025_h12_o2024-07_D_residual_q3_residual_delta.ubj,da1cfece71976b4c14f7fad93110a123f771eced58b3977876915423389db36b,3c02ffb3ad589797b0d96396156b880fe97acd86e640ad5771685e8200ba898a
y2025_h12_o2024-09,A,q2,X3,xgboost,3057,y2025_h12_o2024-09_A_q2.ubj,a387a041ae7b2486ad9c5b69c87822ed10571b838ffacb7078e18447c9074400,fdee0374a70f450de41dc07da898e179f447d6cd685bb6389f6caf81dde753b1
y2025_h12_o2024-09,A,q4,X3,xgboost,3057,y2025_h12_o2024-09_A_q4.ubj,cf3a75d4c036a1db56e3f35cc57e883ff08fdfc9036989a59093cbb367082c99,fdee0374a70f450de41dc07da898e179f447d6cd685bb6389f6caf81dde753b1
y2025_h12_o2024-09,A,q5,X3,xgboost,3057,y2025_h12_o2024-09_A_q5.ubj,72099075a02dba13544e4fe0890e5ca778c5e67c05f4adc9c5a6653f6463d4c4,fdee0374a70f450de41dc07da898e179f447d6cd685bb6389f6caf81dde753b1
y2025_h12_o2024-09,A,q3_direct,X3,xgboost,3057,y2025_h12_o2024-09_A_q3_direct.ubj,9ef939cdbe6860e7bbfb7221c08aa051fde2a7702324d13399b6fa6073804df5,fdee0374a70f450de41dc07da898e179f447d6cd685bb6389f6caf81dde753b1
y2025_h12_o2024-09,B,q2,X1,xgboost,3057,y2025_h12_o2024-09_B_q2.ubj,0255be5ed5eb6957f727a5c1006d2956dd1c8387e4cd031bdf2f13a218731ef3,f6fa8d2fedce9b6d256107bce36396a28cee9a6ee363dd54b3447a88aab86681
y2025_h12_o2024-09,B,q4,X1,xgboost,3057,y2025_h12_o2024-09_B_q4.ubj,f8ccbcfb3a8a60bf4ee367dbe90f576b41232e5532621da05262d39630961fc9,f6fa8d2fedce9b6d256107bce36396a28cee9a6ee363dd54b3447a88aab86681
y2025_h12_o2024-09,B,q5,X1,xgboost,3057,y2025_h12_o2024-09_B_q5.ubj,b90761a00d9b8a080369135ec6d59d045a418a75d849bc3564e36c9be7936c26,f6fa8d2fedce9b6d256107bce36396a28cee9a6ee363dd54b3447a88aab86681
y2025_h12_o2024-09,B,q3_direct,X1,xgboost,3057,y2025_h12_o2024-09_B_q3_direct.ubj,44565580b5d5ee46b5814f1e94b485ca7a3af205f2fd42720cc8c17c156a6327,f6fa8d2fedce9b6d256107bce36396a28cee9a6ee363dd54b3447a88aab86681
y2025_h12_o2024-09,C,q2,X1,xgboost,3057,y2025_h12_o2024-09_C_q2.ubj,45746489e0febb43720ae5973bb0595b75187cbaf4e44e77e01fe1cea2acf02c,4e58161f61981c6db570df18bb487c8bf49cec961c952c35438ad6ba2c0a66fb
y2025_h12_o2024-09,C,q4,X1,xgboost,3057,y2025_h12_o2024-09_C_q4.ubj,2052ed36011ec69bfc896aab83d621d40512bc2edb4a86919e8eec9bdaf28003,4e58161f61981c6db570df18bb487c8bf49cec961c952c35438ad6ba2c0a66fb
y2025_h12_o2024-09,C,q5,X1,xgboost,3057,y2025_h12_o2024-09_C_q5.ubj,3492e6af741207716e16d4bee085783563fcc4730951cdc223cf3e10f316b950,4e58161f61981c6db570df18bb487c8bf49cec961c952c35438ad6ba2c0a66fb
y2025_h12_o2024-09,C,q3_direct,X1,xgboost,3057,y2025_h12_o2024-09_C_q3_direct.ubj,a21da418545e22b7ee880d3ea08a864237a0337ef9c549e3b6e2b9fb56e7d100,4e58161f61981c6db570df18bb487c8bf49cec961c952c35438ad6ba2c0a66fb
y2025_h12_o2024-09,D_direct,q2,X1,xgboost,3057,y2025_h12_o2024-09_D_direct_q2.ubj,5f3de033920ed4f6ec497e0bf277a0d1954c89565762c778e5a1fbb61c124481,3c02ffb3ad589797b0d96396156b880fe97acd86e640ad5771685e8200ba898a
y2025_h12_o2024-09,D_direct,q4,X1,xgboost,3057,y2025_h12_o2024-09_D_direct_q4.ubj,47eccd58d8de2c7c6c03dcf066e5b622c7ff8826e1543991b3559790705d410e,3c02ffb3ad589797b0d96396156b880fe97acd86e640ad5771685e8200ba898a
y2025_h12_o2024-09,D_direct,q5,X1,xgboost,3057,y2025_h12_o2024-09_D_direct_q5.ubj,f2e04f7d8833752d97f2782b7f98154df73f9bf3f5d511260326c03717bb671d,3c02ffb3ad589797b0d96396156b880fe97acd86e640ad5771685e8200ba898a
y2025_h12_o2024-09,D_direct,q3_direct,X1,xgboost,3057,y2025_h12_o2024-09_D_direct_q3_direct.ubj,3321fd402a7e9da7ac672bdea058ea6fec19003a4bea3231968d562ad54947d9,3c02ffb3ad589797b0d96396156b880fe97acd86e640ad5771685e8200ba898a
y2025_h12_o2024-09,D_residual,q2,X6,xgboost,3057,y2025_h12_o2024-09_D_residual_q2.ubj,1d3e688bcd86ffd9f2dc086ad1d284ed262a0a17dd042ef389235377a964db2e,3c02ffb3ad589797b0d96396156b880fe97acd86e640ad5771685e8200ba898a
y2025_h12_o2024-09,D_residual,q4,X6,xgboost,3057,y2025_h12_o2024-09_D_residual_q4.ubj,a88f255b1abb7d1038c3e12a51498b04d956f669c80f4ff34d3a80c642159b6f,3c02ffb3ad589797b0d96396156b880fe97acd86e640ad5771685e8200ba898a
y2025_h12_o2024-09,D_residual,q5,X6,xgboost,3057,y2025_h12_o2024-09_D_residual_q5.ubj,52c2ae8c658258ee9eb00f71c864e35c901114f91a9689c98d0a1bb19ab36cfc,3c02ffb3ad589797b0d96396156b880fe97acd86e640ad5771685e8200ba898a
y2025_h12_o2024-09,D_residual,q3_direct,X6,xgboost,3057,y2025_h12_o2024-09_D_residual_q3_direct.ubj,c118d8fd6b30f77a9be76d65dccd9c94b01a6aeb6aac949681f90ab5111319b4,3c02ffb3ad589797b0d96396156b880fe97acd86e640ad5771685e8200ba898a
y2025_h12_o2024-09,D_residual,q3_residual_delta,X6,xgboost,765,y2025_h12_o2024-09_D_residual_q3_residual_delta.ubj,b118080bb6a107b0e9399ba1dc7b264c8fafc5f9d04b053b1dbf70ea4a3db0b0,3c02ffb3ad589797b0d96396156b880fe97acd86e640ad5771685e8200ba898a
y2025_h12_o2024-10,A,q2,X3,xgboost,3057,y2025_h12_o2024-10_A_q2.ubj,bd2b5656ddfaf9247dd382a2b50587275b0df6d22ca7c9881f42ea9733ac5c2d,fdee0374a70f450de41dc07da898e179f447d6cd685bb6389f6caf81dde753b1
y2025_h12_o2024-10,A,q4,X3,xgboost,3057,y2025_h12_o2024-10_A_q4.ubj,ec1fe6f351119ebf7bb137ec69f61c543c14c7530c6500913638540d49037ac7,fdee0374a70f450de41dc07da898e179f447d6cd685bb6389f6caf81dde753b1
y2025_h12_o2024-10,A,q5,X3,xgboost,3057,y2025_h12_o2024-10_A_q5.ubj,c58a021728039c4337a5199541fb523529ce43e58b4ad0980742d03af495dd4b,fdee0374a70f450de41dc07da898e179f447d6cd685bb6389f6caf81dde753b1
y2025_h12_o2024-10,A,q3_direct,X3,xgboost,3057,y2025_h12_o2024-10_A_q3_direct.ubj,9eeb1398515b2d62515f60e88235b4b164d802b08fc7759ce2fb3f09884f30aa,fdee0374a70f450de41dc07da898e179f447d6cd685bb6389f6caf81dde753b1
y2025_h12_o2024-10,B,q2,X1,xgboost,3057,y2025_h12_o2024-10_B_q2.ubj,49bdd8d0e6e761d083ab9e61c22939d1571c85c6fd00e7a996652bd21bd1e36a,f6fa8d2fedce9b6d256107bce36396a28cee9a6ee363dd54b3447a88aab86681
y2025_h12_o2024-10,B,q4,X1,xgboost,3057,y2025_h12_o2024-10_B_q4.ubj,82a896781c26e7c2b1a7f51b06ebd57b605ea54c957373961e8d00585ca401b1,f6fa8d2fedce9b6d256107bce36396a28cee9a6ee363dd54b3447a88aab86681
y2025_h12_o2024-10,B,q5,X1,xgboost,3057,y2025_h12_o2024-10_B_q5.ubj,f52ff59464b2181b96e9b84ecf02b2286f81881c831da2157dd341197c101e1b,f6fa8d2fedce9b6d256107bce36396a28cee9a6ee363dd54b3447a88aab86681
y2025_h12_o2024-10,B,q3_direct,X1,xgboost,3057,y2025_h12_o2024-10_B_q3_direct.ubj,67bce61481b70b5e34fe4b4b97c375933a7839bd17a0029dc7252b59d88f0874,f6fa8d2fedce9b6d256107bce36396a28cee9a6ee363dd54b3447a88aab86681
y2025_h12_o2024-10,C,q2,X1,xgboost,3057,y2025_h12_o2024-10_C_q2.ubj,d503b4891709bf014bf91e726bec7468cebb802c99cd156ac7cc2c534a841bc1,4e58161f61981c6db570df18bb487c8bf49cec961c952c35438ad6ba2c0a66fb
y2025_h12_o2024-10,C,q4,X1,xgboost,3057,y2025_h12_o2024-10_C_q4.ubj,2d46c00f92be5e21af930988745593f65d64900e3f41f966092c023f299b7540,4e58161f61981c6db570df18bb487c8bf49cec961c952c35438ad6ba2c0a66fb
y2025_h12_o2024-10,C,q5,X1,xgboost,3057,y2025_h12_o2024-10_C_q5.ubj,8c374076d80f67ecc9349c922d660122278c0f3963c1ba40f299973fd76479be,4e58161f61981c6db570df18bb487c8bf49cec961c952c35438ad6ba2c0a66fb
y2025_h12_o2024-10,C,q3_direct,X1,xgboost,3057,y2025_h12_o2024-10_C_q3_direct.ubj,9e85f0b3725d009b45ef992f66b2fd09a9fd51aa1dbffea7bf6883ac09a0d80f,4e58161f61981c6db570df18bb487c8bf49cec961c952c35438ad6ba2c0a66fb
y2025_h12_o2024-10,D_direct,q2,X1,xgboost,3057,y2025_h12_o2024-10_D_direct_q2.ubj,119e6031c770313256533bd114df66e6f108d0a76b456bc34fcb9a6e772509a3,3c02ffb3ad589797b0d96396156b880fe97acd86e640ad5771685e8200ba898a
y2025_h12_o2024-10,D_direct,q4,X1,xgboost,3057,y2025_h12_o2024-10_D_direct_q4.ubj,b2650ded5232070bc2a335b83f553f9786845b6a7cb7f5231d789bddbc61901e,3c02ffb3ad589797b0d96396156b880fe97acd86e640ad5771685e8200ba898a
y2025_h12_o2024-10,D_direct,q5,X1,xgboost,3057,y2025_h12_o2024-10_D_direct_q5.ubj,8b20827dcf5005c34a144059d881d31af637383972090612363a143891e9ceba,3c02ffb3ad589797b0d96396156b880fe97acd86e640ad5771685e8200ba898a
y2025_h12_o2024-10,D_direct,q3_direct,X1,xgboost,3057,y2025_h12_o2024-10_D_direct_q3_direct.ubj,e255e6ed1f0ec47d2a7a29c3c80f2826962742f11adb48cbd1bc973f4ea76576,3c02ffb3ad589797b0d96396156b880fe97acd86e640ad5771685e8200ba898a
y2025_h12_o2024-10,D_residual,q2,X6,xgboost,3057,y2025_h12_o2024-10_D_residual_q2.ubj,afa44aa3afb2425c0cf917156da62ded9708d4d1ea54180db6de4845a6c75512,3c02ffb3ad589797b0d96396156b880fe97acd86e640ad5771685e8200ba898a
y2025_h12_o2024-10,D_residual,q4,X6,xgboost,3057,y2025_h12_o2024-10_D_residual_q4.ubj,8c80d6d953b4aad420d07f171a61126b9c9ffccc1f39dbd57144b898daf89ce3,3c02ffb3ad589797b0d96396156b880fe97acd86e640ad5771685e8200ba898a
y2025_h12_o2024-10,D_residual,q5,X6,xgboost,3057,y2025_h12_o2024-10_D_residual_q5.ubj,cfa3f444d20228eef1dae4acc4907d3eae08f4680d86c756f8dfed3e6638d77e,3c02ffb3ad589797b0d96396156b880fe97acd86e640ad5771685e8200ba898a
y2025_h12_o2024-10,D_residual,q3_direct,X6,xgboost,3057,y2025_h12_o2024-10_D_residual_q3_direct.ubj,5e85b87e02cdbf9598216040835b048a5b7ca506d19a1cf6831fd3559563e23d,3c02ffb3ad589797b0d96396156b880fe97acd86e640ad5771685e8200ba898a
y2025_h12_o2024-10,D_residual,q3_residual_delta,X6,xgboost,765,y2025_h12_o2024-10_D_residual_q3_residual_delta.ubj,1b7dccedd6c88e481485e220bda366acb47161c96ab3672f19bd7028a548bb61,3c02ffb3ad589797b0d96396156b880fe97acd86e640ad5771685e8200ba898a
y2026_h12_o2025-04,A,q2,X2,xgboost,2832,y2026_h12_o2025-04_A_q2.ubj,a29e35b956fc07249af08e0dab151cef574cad4797f18162efdb78804a0e0476,fdee0374a70f450de41dc07da898e179f447d6cd685bb6389f6caf81dde753b1
y2026_h12_o2025-04,A,q4,X2,xgboost,2832,y2026_h12_o2025-04_A_q4.ubj,5643cbe6fba797ed4a037801b00230bb539a0382d1150144a9b757983605a978,fdee0374a70f450de41dc07da898e179f447d6cd685bb6389f6caf81dde753b1
y2026_h12_o2025-04,A,q5,X2,xgboost,2832,y2026_h12_o2025-04_A_q5.ubj,c2d6a9949119ba1e874801c53783691d439df562aacf1ea23b6b31e49bda7752,fdee0374a70f450de41dc07da898e179f447d6cd685bb6389f6caf81dde753b1
y2026_h12_o2025-04,A,q3_direct,X2,xgboost,2832,y2026_h12_o2025-04_A_q3_direct.ubj,ad04151548b6435e2f4d078e9034ba1cf3844322cf1c8e4649db795d6eab141b,fdee0374a70f450de41dc07da898e179f447d6cd685bb6389f6caf81dde753b1
y2026_h12_o2025-04,B,q2,X6,xgboost,2832,y2026_h12_o2025-04_B_q2.ubj,93d1cd30fd5cf0409b82f67a7450a93304264f5bc075f4bf6c9e10a90fb9eebb,f6fa8d2fedce9b6d256107bce36396a28cee9a6ee363dd54b3447a88aab86681
y2026_h12_o2025-04,B,q4,X6,xgboost,2832,y2026_h12_o2025-04_B_q4.ubj,8df0c5404ea885ba56699ce5b7849e2835f6a25e111e3c99649c67960a68707a,f6fa8d2fedce9b6d256107bce36396a28cee9a6ee363dd54b3447a88aab86681
y2026_h12_o2025-04,B,q5,X6,xgboost,2832,y2026_h12_o2025-04_B_q5.ubj,795c7a83f2f6e200a9954371c2c4d0cd529e60b90bbb2b27aed8f0d7e5c473f6,f6fa8d2fedce9b6d256107bce36396a28cee9a6ee363dd54b3447a88aab86681
y2026_h12_o2025-04,B,q3_direct,X6,xgboost,2832,y2026_h12_o2025-04_B_q3_direct.ubj,930171203bc7c97d0b10004bdf61da8ef7c4bb33197dac8076998c6ce19bcaa6,f6fa8d2fedce9b6d256107bce36396a28cee9a6ee363dd54b3447a88aab86681
y2026_h12_o2025-04,C,q2,X6,xgboost,2832,y2026_h12_o2025-04_C_q2.ubj,db0c885dff6bc4b910318df34f0e273a347406fab40b4911ea6d313b8ca7a09f,4e58161f61981c6db570df18bb487c8bf49cec961c952c35438ad6ba2c0a66fb
y2026_h12_o2025-04,C,q4,X6,xgboost,2832,y2026_h12_o2025-04_C_q4.ubj,5d02dc94766a71ef57ef8224750859cc60037de24c51659dab7529c5b817acbe,4e58161f61981c6db570df18bb487c8bf49cec961c952c35438ad6ba2c0a66fb
y2026_h12_o2025-04,C,q5,X6,xgboost,2832,y2026_h12_o2025-04_C_q5.ubj,6b988aaa625114ae50994b9012f2a532a8a324ac4bf0c8388192ce845a6d261b,4e58161f61981c6db570df18bb487c8bf49cec961c952c35438ad6ba2c0a66fb
y2026_h12_o2025-04,C,q3_direct,X6,xgboost,2832,y2026_h12_o2025-04_C_q3_direct.ubj,d06ac00cdd3cdb1f77603f37a41be4dc409323d4c86f92d043f0ad69595b47a4,4e58161f61981c6db570df18bb487c8bf49cec961c952c35438ad6ba2c0a66fb
y2026_h12_o2025-04,D_direct,q2,X1,xgboost,2832,y2026_h12_o2025-04_D_direct_q2.ubj,06a87d0f44861def0df832bb2feb45cd12c6066304b0d8e42f344ed2dd57e171,3c02ffb3ad589797b0d96396156b880fe97acd86e640ad5771685e8200ba898a
y2026_h12_o2025-04,D_direct,q4,X1,xgboost,2832,y2026_h12_o2025-04_D_direct_q4.ubj,f219d855fe6672db4dc6b5b21451e9efd653018416d4843c0bb397c34d8a57fa,3c02ffb3ad589797b0d96396156b880fe97acd86e640ad5771685e8200ba898a
y2026_h12_o2025-04,D_direct,q5,X1,xgboost,2832,y2026_h12_o2025-04_D_direct_q5.ubj,73cd12d927e34dcd9e8573ade79c226d1b2645903535680c589af5166730486f,3c02ffb3ad589797b0d96396156b880fe97acd86e640ad5771685e8200ba898a
y2026_h12_o2025-04,D_direct,q3_direct,X1,xgboost,2832,y2026_h12_o2025-04_D_direct_q3_direct.ubj,a11908d5b451b4046eece4813bbc6aa9f16c98944d9684a5eb94a57186465e04,3c02ffb3ad589797b0d96396156b880fe97acd86e640ad5771685e8200ba898a
y2026_h12_o2025-04,D_residual,q2,X1,xgboost,2832,y2026_h12_o2025-04_D_residual_q2.ubj,06a87d0f44861def0df832bb2feb45cd12c6066304b0d8e42f344ed2dd57e171,3c02ffb3ad589797b0d96396156b880fe97acd86e640ad5771685e8200ba898a
y2026_h12_o2025-04,D_residual,q4,X1,xgboost,2832,y2026_h12_o2025-04_D_residual_q4.ubj,f219d855fe6672db4dc6b5b21451e9efd653018416d4843c0bb397c34d8a57fa,3c02ffb3ad589797b0d96396156b880fe97acd86e640ad5771685e8200ba898a
y2026_h12_o2025-04,D_residual,q5,X1,xgboost,2832,y2026_h12_o2025-04_D_residual_q5.ubj,73cd12d927e34dcd9e8573ade79c226d1b2645903535680c589af5166730486f,3c02ffb3ad589797b0d96396156b880fe97acd86e640ad5771685e8200ba898a
y2026_h12_o2025-04,D_residual,q3_direct,X1,xgboost,2832,y2026_h12_o2025-04_D_residual_q3_direct.ubj,a11908d5b451b4046eece4813bbc6aa9f16c98944d9684a5eb94a57186465e04,3c02ffb3ad589797b0d96396156b880fe97acd86e640ad5771685e8200ba898a
y2026_h12_o2025-04,D_residual,q3_residual_delta,X1,xgboost,1586,y2026_h12_o2025-04_D_residual_q3_residual_delta.ubj,9fd21016495c1e2477217f448127d8935a2777f5b48536cbe87dbf7cf2de0a79,3c02ffb3ad589797b0d96396156b880fe97acd86e640ad5771685e8200ba898a
