family,arm,lead_months,source_key,members,fitted,reused,alias,distinct_sha
compact_climate_global,baseline,00,compact_global_2026_extension,20,4,16,0,20
compact_climate_global,baseline,00,compact_global_original,16,16,0,0,16
compact_climate_global,baseline,03,compact_global_2026_extension,20,4,16,0,20
compact_climate_global,baseline,03,compact_global_original,16,16,0,0,16
compact_climate_global,baseline,06,compact_global_2026_extension,20,4,16,0,20
compact_climate_global,baseline,06,compact_global_original,16,16,0,0,16
compact_climate_global,baseline,12,compact_global_2026_extension,20,4,16,0,20
compact_climate_global,baseline,12,compact_global_original,16,16,0,0,16
compact_climate_global,weather_oracle,03,compact_global_2026_extension,20,4,16,0,20
compact_climate_global,weather_oracle,03,compact_global_original,16,16,0,0,16
compact_climate_global,weather_oracle,06,compact_global_2026_extension,20,4,16,0,20
compact_climate_global,weather_oracle,06,compact_global_original,16,16,0,0,16
compact_climate_global,weather_oracle,12,compact_global_2026_extension,20,4,16,0,20
compact_climate_global,weather_oracle,12,compact_global_original,16,16,0,0,16
compact_climate_somalia,baseline,00,compact_somalia_2026_extension,20,4,16,0,20
compact_climate_somalia,baseline,00,compact_somalia_original,16,16,0,0,16
compact_climate_somalia,baseline,03,compact_somalia_2026_extension,20,4,16,0,20
compact_climate_somalia,baseline,03,compact_somalia_original,16,16,0,0,16
compact_climate_somalia,baseline,06,compact_somalia_2026_extension,20,4,16,0,20
compact_climate_somalia,baseline,06,compact_somalia_original,16,16,0,0,16
compact_climate_somalia,baseline,12,compact_somalia_2026_extension,20,4,16,0,20
compact_climate_somalia,baseline,12,compact_somalia_original,16,16,0,0,16
compact_climate_somalia,weather_oracle,03,compact_somalia_2026_extension,20,4,16,0,20
compact_climate_somalia,weather_oracle,03,compact_somalia_original,16,16,0,0,16
compact_climate_somalia,weather_oracle,06,compact_somalia_2026_extension,20,4,16,0,20
compact_climate_somalia,weather_oracle,06,compact_somalia_original,16,16,0,0,16
compact_climate_somalia,weather_oracle,12,compact_somalia_2026_extension,20,4,16,0,20
compact_climate_somalia,weather_oracle,12,compact_somalia_original,16,16,0,0,16
compact_launch_global,baseline,00,compact_global_launch,4,4,0,0,4
compact_launch_global,baseline,06,compact_global_launch,4,4,0,0,4
compact_launch_global,baseline,12,compact_global_launch,4,4,0,0,4
compact_launch_global,cds_weather,06,compact_global_launch,4,4,0,0,4
compact_launch_global,cds_weather,12,compact_global_launch,4,4,0,0,4
compact_launch_somalia,baseline,00,compact_somalia_launch,4,4,0,0,4
compact_launch_somalia,baseline,06,compact_somalia_launch,4,4,0,0,4
compact_launch_somalia,baseline,12,compact_somalia_launch,4,4,0,0,4
compact_launch_somalia,cds_weather,06,compact_somalia_launch,4,4,0,0,4
compact_launch_somalia,cds_weather,12,compact_somalia_launch,4,4,0,0,4
origin_safe_climate_global,no_ipc_history,00,origin_safe_climate_idp_v1,16,16,0,0,16
origin_safe_climate_global,no_ipc_history,03,origin_safe_climate_idp_v1,16,16,0,0,16
origin_safe_climate_global,no_ipc_history,06,origin_safe_climate_idp_v1,16,16,0,0,16
origin_safe_climate_global,no_ipc_history,12,origin_safe_climate_idp_v1,16,16,0,0,16
origin_safe_climate_global,safe_ipc_history,00,origin_safe_climate_idp_v1,16,16,0,0,16
origin_safe_climate_global,safe_ipc_history,03,origin_safe_climate_idp_v1,16,16,0,0,16
origin_safe_climate_global,safe_ipc_history,06,origin_safe_climate_idp_v1,16,16,0,0,16
origin_safe_climate_global,safe_ipc_history,12,origin_safe_climate_idp_v1,16,16,0,0,16
origin_safe_climate_global,safe_ipc_history_idp,00,origin_safe_climate_idp_v1,16,16,0,0,16
origin_safe_climate_global,safe_ipc_history_idp,03,origin_safe_climate_idp_v1,16,16,0,0,16
origin_safe_climate_global,safe_ipc_history_idp,06,origin_safe_climate_idp_v1,16,16,0,0,16
origin_safe_climate_global,safe_ipc_history_idp,12,origin_safe_climate_idp_v1,16,16,0,0,16
origin_safe_weather_global,weather_oracle,03,origin_safe_weather_oracle_v1,16,16,0,0,16
origin_safe_weather_global,weather_oracle,06,origin_safe_weather_oracle_v1,16,16,0,0,16
origin_safe_weather_global,weather_oracle,12,origin_safe_weather_oracle_v1,16,16,0,0,16
origin_safe_weather_global,weather_oracle_with_summaries,03,origin_safe_weather_oracle_v1,16,16,0,0,16
origin_safe_weather_global,weather_oracle_with_summaries,06,origin_safe_weather_oracle_v1,16,16,0,0,16
origin_safe_weather_global,weather_oracle_with_summaries,12,origin_safe_weather_oracle_v1,16,16,0,0,16
somalia_calibrated_augmented,calibrated_share_history,00,somalia_oracle_v4_calibrated_d,110,110,0,0,75
somalia_calibrated_augmented,calibrated_share_history,03,somalia_oracle_v4_calibrated_d,93,93,0,0,37
somalia_calibrated_augmented,calibrated_share_history,06,somalia_oracle_v4_calibrated_d,106,106,0,0,52
somalia_calibrated_augmented,calibrated_share_history,12,somalia_oracle_v4_calibrated_d,96,96,0,0,96
somalia_calibrated_observed,calibrated_share_history,00,somalia_oracle_v4_calibrated_d,64,64,0,0,23
somalia_calibrated_observed,calibrated_share_history,03,somalia_oracle_v4_calibrated_d,51,51,0,0,29
somalia_calibrated_observed,calibrated_share_history,06,somalia_oracle_v4_calibrated_d,53,53,0,0,41
somalia_calibrated_observed,calibrated_share_history,12,somalia_oracle_v4_calibrated_d,53,53,0,0,49
somalia_oracle_information,existing_predictors,00,somalia_oracle_v1,20,20,0,0,20
somalia_oracle_information,existing_predictors,03,somalia_oracle_v1,20,20,0,0,20
somalia_oracle_information,existing_predictors,06,somalia_oracle_v1,20,20,0,0,20
somalia_oracle_information,existing_predictors,12,somalia_oracle_v1,20,20,0,0,20
somalia_oracle_information,seasonal_climate,00,somalia_oracle_v1,20,20,0,0,20
somalia_oracle_information,seasonal_climate,03,somalia_oracle_v1,20,20,0,0,20
somalia_oracle_information,seasonal_climate,06,somalia_oracle_v1,20,20,0,0,20
somalia_oracle_information,seasonal_climate,12,somalia_oracle_v1,20,20,0,0,20
somalia_oracle_information,weather_oracle,03,somalia_oracle_v1,20,20,0,0,20
somalia_oracle_information,weather_oracle,06,somalia_oracle_v1,20,20,0,0,20
somalia_oracle_information,weather_oracle,12,somalia_oracle_v1,20,20,0,0,20
somalia_oracle_information,weather_oracle_with_share_history,00,somalia_oracle_v1,20,20,0,0,20
somalia_oracle_information,weather_oracle_with_share_history,03,somalia_oracle_v1,20,20,0,0,20
somalia_oracle_information,weather_oracle_with_share_history,06,somalia_oracle_v1,20,20,0,0,20
somalia_oracle_information,weather_oracle_with_share_history,12,somalia_oracle_v1,20,20,0,0,20
somalia_q3_optimization,existing_predictors,00,somalia_oracle_v2_q3,20,20,0,0,20
somalia_q3_optimization,existing_predictors,03,somalia_oracle_v2_q3,20,20,0,0,20
somalia_q3_optimization,existing_predictors,06,somalia_oracle_v2_q3,20,20,0,0,20
somalia_q3_optimization,existing_predictors,12,somalia_oracle_v2_q3,20,20,0,0,20
somalia_q3_optimization,seasonal_climate,00,somalia_oracle_v2_q3,20,20,0,0,20
somalia_q3_optimization,seasonal_climate,03,somalia_oracle_v2_q3,20,20,0,0,20
somalia_q3_optimization,seasonal_climate,06,somalia_oracle_v2_q3,20,20,0,0,20
somalia_q3_optimization,seasonal_climate,12,somalia_oracle_v2_q3,20,20,0,0,20
somalia_q3_optimization,share_history_direct,00,somalia_oracle_v2_q3,20,20,0,0,20
somalia_q3_optimization,share_history_direct,03,somalia_oracle_v2_q3,20,20,0,0,20
somalia_q3_optimization,share_history_direct,06,somalia_oracle_v2_q3,20,20,0,0,20
somalia_q3_optimization,share_history_direct,12,somalia_oracle_v2_q3,20,20,0,0,20
somalia_q3_optimization,share_history_residual,00,somalia_oracle_v2_q3,25,25,0,0,25
somalia_q3_optimization,share_history_residual,03,somalia_oracle_v2_q3,25,25,0,0,25
somalia_q3_optimization,share_history_residual,06,somalia_oracle_v2_q3,25,25,0,0,25
somalia_q3_optimization,share_history_residual,12,somalia_oracle_v2_q3,25,25,0,0,25
somalia_q3_optimization,share_history_selected,00,somalia_oracle_v2_q3,25,0,0,25,25
somalia_q3_optimization,share_history_selected,03,somalia_oracle_v2_q3,25,0,0,25,25
somalia_q3_optimization,share_history_selected,06,somalia_oracle_v2_q3,25,0,0,25,25
somalia_q3_optimization,share_history_selected,12,somalia_oracle_v2_q3,25,0,0,25,25
somalia_q3_optimization,weather_oracle,03,somalia_oracle_v2_q3,20,20,0,0,20
somalia_q3_optimization,weather_oracle,06,somalia_oracle_v2_q3,20,20,0,0,20
somalia_q3_optimization,weather_oracle,12,somalia_oracle_v2_q3,20,20,0,0,20
somalia_validity_augmented,share_history_direct,00,somalia_oracle_v3_validity,20,20,0,0,20
somalia_validity_augmented,share_history_direct,03,somalia_oracle_v3_validity,20,20,0,0,20
somalia_validity_augmented,share_history_direct,06,somalia_oracle_v3_validity,20,20,0,0,20
somalia_validity_augmented,share_history_direct,12,somalia_oracle_v3_validity,20,20,0,0,20
somalia_validity_augmented,share_history_residual,00,somalia_oracle_v3_validity,25,25,0,0,25
somalia_validity_augmented,share_history_residual,03,somalia_oracle_v3_validity,25,25,0,0,25
somalia_validity_augmented,share_history_residual,06,somalia_oracle_v3_validity,25,25,0,0,25
somalia_validity_augmented,share_history_residual,12,somalia_oracle_v3_validity,25,25,0,0,25
somalia_validity_augmented,share_history_selected,00,somalia_oracle_v3_validity,21,21,0,0,21
somalia_validity_augmented,share_history_selected,03,somalia_oracle_v3_validity,21,21,0,0,21
somalia_validity_augmented,share_history_selected,06,somalia_oracle_v3_validity,21,21,0,0,21
somalia_validity_augmented,share_history_selected,12,somalia_oracle_v3_validity,21,21,0,0,21
somalia_validity_observed,share_history_direct,00,somalia_oracle_v3_validity,20,20,0,0,20
somalia_validity_observed,share_history_direct,03,somalia_oracle_v3_validity,20,20,0,0,20
somalia_validity_observed,share_history_direct,06,somalia_oracle_v3_validity,20,20,0,0,20
somalia_validity_observed,share_history_direct,12,somalia_oracle_v3_validity,20,20,0,0,20
somalia_validity_observed,share_history_residual,00,somalia_oracle_v3_validity,25,25,0,0,25
somalia_validity_observed,share_history_residual,03,somalia_oracle_v3_validity,25,25,0,0,25
somalia_validity_observed,share_history_residual,06,somalia_oracle_v3_validity,25,25,0,0,25
somalia_validity_observed,share_history_residual,12,somalia_oracle_v3_validity,25,25,0,0,25
somalia_validity_observed,share_history_selected,00,somalia_oracle_v3_validity,20,20,0,0,20
somalia_validity_observed,share_history_selected,03,somalia_oracle_v3_validity,20,20,0,0,20
somalia_validity_observed,share_history_selected,06,somalia_oracle_v3_validity,20,20,0,0,20
somalia_validity_observed,share_history_selected,12,somalia_oracle_v3_validity,20,20,0,0,20
