check,pass,detail
scoring_rows_match_provenance,True,
all_ok_candidates_replayed,True,0 missing
candidate_rmse_replay,True,
candidate_auc_replay,True,
scoring_months_fixed_2025,True,
calibration_before_scoring_2025_2023-08,True,
calibration_before_scoring_2025_2024-01,True,
calibration_before_scoring_2025_2024-07,True,
scoring_months_fixed_2026,True,
calibration_before_scoring_2026_2025-07,True,
calibration_before_scoring_2026_2025-09,True,
calibration_before_scoring_2026_2025-10,True,
scoring_keys_identical_across_candidates,True,
selection_2025_A,True,
selection_2025_B,True,
selection_2025_D_direct,True,
selection_2025_D_residual,True,
selection_2026_A,True,
selection_2026_B,True,
selection_2026_D_direct,True,
selection_2026_D_residual,True,
selection_2025_D_selected_min,True,
selection_2026_D_selected_min,True,
coverage_2025_h0_A,True,0 missing
final_r2_2025_h0_A,True,
final_rmse_2025_h0_A,True,
final_bias_2025_h0_A,True,
raw_r2_2025_h0_A,True,
final_auc_2025_h0_A,True,
binary_recall_2025_h0_A,True,
final_bound_2025_h0_A,True,
coverage_2025_h0_B,True,0 missing
final_r2_2025_h0_B,True,
final_rmse_2025_h0_B,True,
final_bias_2025_h0_B,True,
raw_r2_2025_h0_B,True,
final_auc_2025_h0_B,True,
binary_recall_2025_h0_B,True,
final_bound_2025_h0_B,True,
coverage_2025_h0_C,True,0 missing
final_r2_2025_h0_C,True,
final_rmse_2025_h0_C,True,
final_bias_2025_h0_C,True,
raw_r2_2025_h0_C,True,
final_auc_2025_h0_C,True,
binary_recall_2025_h0_C,True,
final_bound_2025_h0_C,True,
coverage_2025_h0_D_direct,True,0 missing
final_r2_2025_h0_D_direct,True,
final_rmse_2025_h0_D_direct,True,
final_bias_2025_h0_D_direct,True,
raw_r2_2025_h0_D_direct,True,
final_auc_2025_h0_D_direct,True,
binary_recall_2025_h0_D_direct,True,
final_bound_2025_h0_D_direct,True,
coverage_2025_h0_D_residual,True,0 missing
final_r2_2025_h0_D_residual,True,
final_rmse_2025_h0_D_residual,True,
final_bias_2025_h0_D_residual,True,
raw_r2_2025_h0_D_residual,True,
final_auc_2025_h0_D_residual,True,
binary_recall_2025_h0_D_residual,True,
final_bound_2025_h0_D_residual,True,
coverage_2025_h0_D_selected,True,0 missing
final_r2_2025_h0_D_selected,True,
final_rmse_2025_h0_D_selected,True,
final_bias_2025_h0_D_selected,True,
raw_r2_2025_h0_D_selected,True,
final_auc_2025_h0_D_selected,True,
binary_recall_2025_h0_D_selected,True,
final_bound_2025_h0_D_selected,True,
coverage_2025_h3_A,True,0 missing
final_r2_2025_h3_A,True,
final_rmse_2025_h3_A,True,
final_bias_2025_h3_A,True,
raw_r2_2025_h3_A,True,
final_auc_2025_h3_A,True,
binary_recall_2025_h3_A,True,
final_bound_2025_h3_A,True,
coverage_2025_h3_B,True,0 missing
final_r2_2025_h3_B,True,
final_rmse_2025_h3_B,True,
final_bias_2025_h3_B,True,
raw_r2_2025_h3_B,True,
final_auc_2025_h3_B,True,
binary_recall_2025_h3_B,True,
final_bound_2025_h3_B,True,
coverage_2025_h3_C,True,0 missing
final_r2_2025_h3_C,True,
final_rmse_2025_h3_C,True,
final_bias_2025_h3_C,True,
raw_r2_2025_h3_C,True,
final_auc_2025_h3_C,True,
binary_recall_2025_h3_C,True,
final_bound_2025_h3_C,True,
coverage_2025_h3_D_direct,True,0 missing
final_r2_2025_h3_D_direct,True,
final_rmse_2025_h3_D_direct,True,
final_bias_2025_h3_D_direct,True,
raw_r2_2025_h3_D_direct,True,
final_auc_2025_h3_D_direct,True,
binary_recall_2025_h3_D_direct,True,
final_bound_2025_h3_D_direct,True,
coverage_2025_h3_D_residual,True,0 missing
final_r2_2025_h3_D_residual,True,
final_rmse_2025_h3_D_residual,True,
final_bias_2025_h3_D_residual,True,
raw_r2_2025_h3_D_residual,True,
final_auc_2025_h3_D_residual,True,
binary_recall_2025_h3_D_residual,True,
final_bound_2025_h3_D_residual,True,
coverage_2025_h3_D_selected,True,0 missing
final_r2_2025_h3_D_selected,True,
final_rmse_2025_h3_D_selected,True,
final_bias_2025_h3_D_selected,True,
raw_r2_2025_h3_D_selected,True,
final_auc_2025_h3_D_selected,True,
binary_recall_2025_h3_D_selected,True,
final_bound_2025_h3_D_selected,True,
coverage_2025_h6_A,True,0 missing
final_r2_2025_h6_A,True,
final_rmse_2025_h6_A,True,
final_bias_2025_h6_A,True,
raw_r2_2025_h6_A,True,
final_auc_2025_h6_A,True,
binary_recall_2025_h6_A,True,
final_bound_2025_h6_A,True,
coverage_2025_h6_B,True,0 missing
final_r2_2025_h6_B,True,
final_rmse_2025_h6_B,True,
final_bias_2025_h6_B,True,
raw_r2_2025_h6_B,True,
final_auc_2025_h6_B,True,
binary_recall_2025_h6_B,True,
final_bound_2025_h6_B,True,
coverage_2025_h6_C,True,0 missing
final_r2_2025_h6_C,True,
final_rmse_2025_h6_C,True,
final_bias_2025_h6_C,True,
raw_r2_2025_h6_C,True,
final_auc_2025_h6_C,True,
binary_recall_2025_h6_C,True,
final_bound_2025_h6_C,True,
coverage_2025_h6_D_direct,True,0 missing
final_r2_2025_h6_D_direct,True,
final_rmse_2025_h6_D_direct,True,
final_bias_2025_h6_D_direct,True,
raw_r2_2025_h6_D_direct,True,
final_auc_2025_h6_D_direct,True,
binary_recall_2025_h6_D_direct,True,
final_bound_2025_h6_D_direct,True,
coverage_2025_h6_D_residual,True,0 missing
final_r2_2025_h6_D_residual,True,
final_rmse_2025_h6_D_residual,True,
final_bias_2025_h6_D_residual,True,
raw_r2_2025_h6_D_residual,True,
final_auc_2025_h6_D_residual,True,
binary_recall_2025_h6_D_residual,True,
final_bound_2025_h6_D_residual,True,
coverage_2025_h6_D_selected,True,0 missing
final_r2_2025_h6_D_selected,True,
final_rmse_2025_h6_D_selected,True,
final_bias_2025_h6_D_selected,True,
raw_r2_2025_h6_D_selected,True,
final_auc_2025_h6_D_selected,True,
binary_recall_2025_h6_D_selected,True,
final_bound_2025_h6_D_selected,True,
coverage_2025_h12_A,True,0 missing
final_r2_2025_h12_A,True,
final_rmse_2025_h12_A,True,
final_bias_2025_h12_A,True,
raw_r2_2025_h12_A,True,
final_auc_2025_h12_A,True,
binary_recall_2025_h12_A,True,
final_bound_2025_h12_A,True,
coverage_2025_h12_B,True,0 missing
final_r2_2025_h12_B,True,
final_rmse_2025_h12_B,True,
final_bias_2025_h12_B,True,
raw_r2_2025_h12_B,True,
final_auc_2025_h12_B,True,
binary_recall_2025_h12_B,True,
final_bound_2025_h12_B,True,
coverage_2025_h12_C,True,0 missing
final_r2_2025_h12_C,True,
final_rmse_2025_h12_C,True,
final_bias_2025_h12_C,True,
raw_r2_2025_h12_C,True,
final_auc_2025_h12_C,True,
binary_recall_2025_h12_C,True,
final_bound_2025_h12_C,True,
coverage_2025_h12_D_direct,True,0 missing
final_r2_2025_h12_D_direct,True,
final_rmse_2025_h12_D_direct,True,
final_bias_2025_h12_D_direct,True,
raw_r2_2025_h12_D_direct,True,
final_auc_2025_h12_D_direct,True,
binary_recall_2025_h12_D_direct,True,
final_bound_2025_h12_D_direct,True,
coverage_2025_h12_D_residual,True,0 missing
final_r2_2025_h12_D_residual,True,
final_rmse_2025_h12_D_residual,True,
final_bias_2025_h12_D_residual,True,
raw_r2_2025_h12_D_residual,True,
final_auc_2025_h12_D_residual,True,
binary_recall_2025_h12_D_residual,True,
final_bound_2025_h12_D_residual,True,
coverage_2025_h12_D_selected,True,0 missing
final_r2_2025_h12_D_selected,True,
final_rmse_2025_h12_D_selected,True,
final_bias_2025_h12_D_selected,True,
raw_r2_2025_h12_D_selected,True,
final_auc_2025_h12_D_selected,True,
binary_recall_2025_h12_D_selected,True,
final_bound_2025_h12_D_selected,True,
coverage_2026_h0_A,True,0 missing
final_r2_2026_h0_A,True,
final_rmse_2026_h0_A,True,
final_bias_2026_h0_A,True,
raw_r2_2026_h0_A,True,
final_auc_2026_h0_A,True,
binary_recall_2026_h0_A,True,
final_bound_2026_h0_A,True,
coverage_2026_h0_B,True,0 missing
final_r2_2026_h0_B,True,
final_rmse_2026_h0_B,True,
final_bias_2026_h0_B,True,
raw_r2_2026_h0_B,True,
final_auc_2026_h0_B,True,
binary_recall_2026_h0_B,True,
final_bound_2026_h0_B,True,
coverage_2026_h0_C,True,0 missing
final_r2_2026_h0_C,True,
final_rmse_2026_h0_C,True,
final_bias_2026_h0_C,True,
raw_r2_2026_h0_C,True,
final_auc_2026_h0_C,True,
binary_recall_2026_h0_C,True,
final_bound_2026_h0_C,True,
coverage_2026_h0_D_direct,True,0 missing
final_r2_2026_h0_D_direct,True,
final_rmse_2026_h0_D_direct,True,
final_bias_2026_h0_D_direct,True,
raw_r2_2026_h0_D_direct,True,
final_auc_2026_h0_D_direct,True,
binary_recall_2026_h0_D_direct,True,
final_bound_2026_h0_D_direct,True,
coverage_2026_h0_D_residual,True,0 missing
final_r2_2026_h0_D_residual,True,
final_rmse_2026_h0_D_residual,True,
final_bias_2026_h0_D_residual,True,
raw_r2_2026_h0_D_residual,True,
final_auc_2026_h0_D_residual,True,
binary_recall_2026_h0_D_residual,True,
final_bound_2026_h0_D_residual,True,
coverage_2026_h0_D_selected,True,0 missing
final_r2_2026_h0_D_selected,True,
final_rmse_2026_h0_D_selected,True,
final_bias_2026_h0_D_selected,True,
raw_r2_2026_h0_D_selected,True,
final_auc_2026_h0_D_selected,True,
binary_recall_2026_h0_D_selected,True,
final_bound_2026_h0_D_selected,True,
coverage_2026_h12_A,True,0 missing
final_r2_2026_h12_A,True,
final_rmse_2026_h12_A,True,
final_bias_2026_h12_A,True,
raw_r2_2026_h12_A,True,
final_auc_2026_h12_A,True,
binary_recall_2026_h12_A,True,
final_bound_2026_h12_A,True,
coverage_2026_h12_B,True,0 missing
final_r2_2026_h12_B,True,
final_rmse_2026_h12_B,True,
final_bias_2026_h12_B,True,
raw_r2_2026_h12_B,True,
final_auc_2026_h12_B,True,
binary_recall_2026_h12_B,True,
final_bound_2026_h12_B,True,
coverage_2026_h12_C,True,0 missing
final_r2_2026_h12_C,True,
final_rmse_2026_h12_C,True,
final_bias_2026_h12_C,True,
raw_r2_2026_h12_C,True,
final_auc_2026_h12_C,True,
binary_recall_2026_h12_C,True,
final_bound_2026_h12_C,True,
coverage_2026_h12_D_direct,True,0 missing
final_r2_2026_h12_D_direct,True,
final_rmse_2026_h12_D_direct,True,
final_bias_2026_h12_D_direct,True,
raw_r2_2026_h12_D_direct,True,
final_auc_2026_h12_D_direct,True,
binary_recall_2026_h12_D_direct,True,
final_bound_2026_h12_D_direct,True,
coverage_2026_h12_D_residual,True,0 missing
final_r2_2026_h12_D_residual,True,
final_rmse_2026_h12_D_residual,True,
final_bias_2026_h12_D_residual,True,
raw_r2_2026_h12_D_residual,True,
final_auc_2026_h12_D_residual,True,
binary_recall_2026_h12_D_residual,True,
final_bound_2026_h12_D_residual,True,
coverage_2026_h12_D_selected,True,0 missing
final_r2_2026_h12_D_selected,True,
final_rmse_2026_h12_D_selected,True,
final_bias_2026_h12_D_selected,True,
raw_r2_2026_h12_D_selected,True,
final_auc_2026_h12_D_selected,True,
binary_recall_2026_h12_D_selected,True,
final_bound_2026_h12_D_selected,True,
oof_fit_labels_before_cutoff,True,
oof_cutoff_h_and_self_exclusion,True,
oof_labels_in_fold_window,True,
final_fit_labels_before_origin,True,
final_fit_labels_before_test_year,True,
mapping_months_before_origin,True,
long_horizon_flags_disclosed,True,
bootstrap_y2025_h00_D_direct-v1_D_isotonic__r2,True,
bootstrap_whole_area_y2025_h00_D_direct-v1_D_isotonic__r2,True,
bootstrap_y2025_h00_D_direct-v1_D_isotonic__rmse,True,
bootstrap_whole_area_y2025_h00_D_direct-v1_D_isotonic__rmse,True,
bootstrap_y2025_h00_D_direct-v1_D_isotonic__auc,True,
bootstrap_whole_area_y2025_h00_D_direct-v1_D_isotonic__auc,True,
bootstrap_y2025_h00_D_residual-D_direct__r2,True,
bootstrap_whole_area_y2025_h00_D_residual-D_direct__r2,True,
bootstrap_y2025_h00_D_residual-D_direct__rmse,True,
bootstrap_whole_area_y2025_h00_D_residual-D_direct__rmse,True,
bootstrap_y2025_h00_D_residual-D_direct__auc,True,
bootstrap_whole_area_y2025_h00_D_residual-D_direct__auc,True,
bootstrap_y2025_h00_D_selected-share_persistence__r2,True,
bootstrap_whole_area_y2025_h00_D_selected-share_persistence__r2,True,
bootstrap_y2025_h00_D_selected-share_persistence__rmse,True,
bootstrap_whole_area_y2025_h00_D_selected-share_persistence__rmse,True,
bootstrap_y2025_h00_D_selected-share_persistence__auc,True,
bootstrap_whole_area_y2025_h00_D_selected-share_persistence__auc,True,
bootstrap_y2025_h03_D_direct-v1_D_isotonic__r2,True,
bootstrap_whole_area_y2025_h03_D_direct-v1_D_isotonic__r2,True,
bootstrap_y2025_h03_D_direct-v1_D_isotonic__rmse,True,
bootstrap_whole_area_y2025_h03_D_direct-v1_D_isotonic__rmse,True,
bootstrap_y2025_h03_D_direct-v1_D_isotonic__auc,True,
bootstrap_whole_area_y2025_h03_D_direct-v1_D_isotonic__auc,True,
bootstrap_y2025_h03_D_residual-D_direct__r2,True,
bootstrap_whole_area_y2025_h03_D_residual-D_direct__r2,True,
bootstrap_y2025_h03_D_residual-D_direct__rmse,True,
bootstrap_whole_area_y2025_h03_D_residual-D_direct__rmse,True,
bootstrap_y2025_h03_D_residual-D_direct__auc,True,
bootstrap_whole_area_y2025_h03_D_residual-D_direct__auc,True,
bootstrap_y2025_h03_D_selected-share_persistence__r2,True,
bootstrap_whole_area_y2025_h03_D_selected-share_persistence__r2,True,
bootstrap_y2025_h03_D_selected-share_persistence__rmse,True,
bootstrap_whole_area_y2025_h03_D_selected-share_persistence__rmse,True,
bootstrap_y2025_h03_D_selected-share_persistence__auc,True,
bootstrap_whole_area_y2025_h03_D_selected-share_persistence__auc,True,
bootstrap_y2025_h06_D_direct-v1_D_isotonic__r2,True,
bootstrap_whole_area_y2025_h06_D_direct-v1_D_isotonic__r2,True,
bootstrap_y2025_h06_D_direct-v1_D_isotonic__rmse,True,
bootstrap_whole_area_y2025_h06_D_direct-v1_D_isotonic__rmse,True,
bootstrap_y2025_h06_D_direct-v1_D_isotonic__auc,True,
bootstrap_whole_area_y2025_h06_D_direct-v1_D_isotonic__auc,True,
bootstrap_y2025_h06_D_residual-D_direct__r2,True,
bootstrap_whole_area_y2025_h06_D_residual-D_direct__r2,True,
bootstrap_y2025_h06_D_residual-D_direct__rmse,True,
bootstrap_whole_area_y2025_h06_D_residual-D_direct__rmse,True,
bootstrap_y2025_h06_D_residual-D_direct__auc,True,
bootstrap_whole_area_y2025_h06_D_residual-D_direct__auc,True,
bootstrap_y2025_h06_D_selected-share_persistence__r2,True,
bootstrap_whole_area_y2025_h06_D_selected-share_persistence__r2,True,
bootstrap_y2025_h06_D_selected-share_persistence__rmse,True,
bootstrap_whole_area_y2025_h06_D_selected-share_persistence__rmse,True,
bootstrap_y2025_h06_D_selected-share_persistence__auc,True,
bootstrap_whole_area_y2025_h06_D_selected-share_persistence__auc,True,
bootstrap_y2025_h12_D_direct-v1_D_isotonic__r2,True,
bootstrap_whole_area_y2025_h12_D_direct-v1_D_isotonic__r2,True,
bootstrap_y2025_h12_D_direct-v1_D_isotonic__rmse,True,
bootstrap_whole_area_y2025_h12_D_direct-v1_D_isotonic__rmse,True,
bootstrap_y2025_h12_D_direct-v1_D_isotonic__auc,True,
bootstrap_whole_area_y2025_h12_D_direct-v1_D_isotonic__auc,True,
bootstrap_y2025_h12_D_residual-D_direct__r2,True,
bootstrap_whole_area_y2025_h12_D_residual-D_direct__r2,True,
bootstrap_y2025_h12_D_residual-D_direct__rmse,True,
bootstrap_whole_area_y2025_h12_D_residual-D_direct__rmse,True,
bootstrap_y2025_h12_D_residual-D_direct__auc,True,
bootstrap_whole_area_y2025_h12_D_residual-D_direct__auc,True,
bootstrap_y2025_h12_D_selected-share_persistence__r2,True,
bootstrap_whole_area_y2025_h12_D_selected-share_persistence__r2,True,
bootstrap_y2025_h12_D_selected-share_persistence__rmse,True,
bootstrap_whole_area_y2025_h12_D_selected-share_persistence__rmse,True,
bootstrap_y2025_h12_D_selected-share_persistence__auc,True,
bootstrap_whole_area_y2025_h12_D_selected-share_persistence__auc,True,
bootstrap_y2026_h00_D_direct-v1_D_isotonic__r2,True,
bootstrap_whole_area_y2026_h00_D_direct-v1_D_isotonic__r2,True,
bootstrap_y2026_h00_D_direct-v1_D_isotonic__rmse,True,
bootstrap_whole_area_y2026_h00_D_direct-v1_D_isotonic__rmse,True,
bootstrap_y2026_h00_D_direct-v1_D_isotonic__auc,True,
bootstrap_whole_area_y2026_h00_D_direct-v1_D_isotonic__auc,True,
bootstrap_y2026_h00_D_residual-D_direct__r2,True,
bootstrap_whole_area_y2026_h00_D_residual-D_direct__r2,True,
bootstrap_y2026_h00_D_residual-D_direct__rmse,True,
bootstrap_whole_area_y2026_h00_D_residual-D_direct__rmse,True,
bootstrap_y2026_h00_D_residual-D_direct__auc,True,
bootstrap_whole_area_y2026_h00_D_residual-D_direct__auc,True,
bootstrap_y2026_h00_D_selected-share_persistence__r2,True,
bootstrap_whole_area_y2026_h00_D_selected-share_persistence__r2,True,
bootstrap_y2026_h00_D_selected-share_persistence__rmse,True,
bootstrap_whole_area_y2026_h00_D_selected-share_persistence__rmse,True,
bootstrap_y2026_h00_D_selected-share_persistence__auc,True,
bootstrap_whole_area_y2026_h00_D_selected-share_persistence__auc,True,
bootstrap_y2026_h12_D_direct-v1_D_isotonic__r2,True,
bootstrap_whole_area_y2026_h12_D_direct-v1_D_isotonic__r2,True,
bootstrap_y2026_h12_D_direct-v1_D_isotonic__rmse,True,
bootstrap_whole_area_y2026_h12_D_direct-v1_D_isotonic__rmse,True,
bootstrap_y2026_h12_D_direct-v1_D_isotonic__auc,True,
bootstrap_whole_area_y2026_h12_D_direct-v1_D_isotonic__auc,True,
bootstrap_y2026_h12_D_residual-D_direct__r2,True,
bootstrap_whole_area_y2026_h12_D_residual-D_direct__r2,True,
bootstrap_y2026_h12_D_residual-D_direct__rmse,True,
bootstrap_whole_area_y2026_h12_D_residual-D_direct__rmse,True,
bootstrap_y2026_h12_D_residual-D_direct__auc,True,
bootstrap_whole_area_y2026_h12_D_residual-D_direct__auc,True,
bootstrap_y2026_h12_D_selected-share_persistence__r2,True,
bootstrap_whole_area_y2026_h12_D_selected-share_persistence__r2,True,
bootstrap_y2026_h12_D_selected-share_persistence__rmse,True,
bootstrap_whole_area_y2026_h12_D_selected-share_persistence__rmse,True,
bootstrap_y2026_h12_D_selected-share_persistence__auc,True,
bootstrap_whole_area_y2026_h12_D_selected-share_persistence__auc,True,
mapping_fit_rows_y2025_h00_o2025-04_A_direct,True,
mapping_shift_y2025_h00_o2025-04_A_direct,True,
mapping_fit_rows_y2025_h00_o2025-04_B_direct,True,
mapping_shift_y2025_h00_o2025-04_B_direct,True,
mapping_fit_rows_y2025_h00_o2025-04_D_residual_residual,True,
mapping_isotonic_y2025_h00_o2025-04_D_residual_residual,True,
mapping_fit_rows_y2025_h00_o2025-04_D_residual_fallback_direct,True,
mapping_isotonic_y2025_h00_o2025-04_D_residual_fallback_direct,True,
mapping_fit_rows_y2025_h00_o2025-07_A_direct,True,
mapping_shift_y2025_h00_o2025-07_A_direct,True,
mapping_fit_rows_y2025_h00_o2025-07_B_direct,True,
mapping_shift_y2025_h00_o2025-07_B_direct,True,
mapping_fit_rows_y2025_h00_o2025-07_D_residual_residual,True,
mapping_isotonic_y2025_h00_o2025-07_D_residual_residual,True,
mapping_fit_rows_y2025_h00_o2025-07_D_residual_fallback_direct,True,
mapping_isotonic_y2025_h00_o2025-07_D_residual_fallback_direct,True,
mapping_fit_rows_y2025_h00_o2025-09_A_direct,True,
mapping_shift_y2025_h00_o2025-09_A_direct,True,
mapping_fit_rows_y2025_h00_o2025-09_B_direct,True,
mapping_shift_y2025_h00_o2025-09_B_direct,True,
mapping_fit_rows_y2025_h00_o2025-09_D_residual_residual,True,
mapping_isotonic_y2025_h00_o2025-09_D_residual_residual,True,
mapping_fit_rows_y2025_h00_o2025-09_D_residual_fallback_direct,True,
mapping_isotonic_y2025_h00_o2025-09_D_residual_fallback_direct,True,
mapping_fit_rows_y2025_h00_o2025-10_A_direct,True,
mapping_shift_y2025_h00_o2025-10_A_direct,True,
mapping_fit_rows_y2025_h00_o2025-10_B_direct,True,
mapping_shift_y2025_h00_o2025-10_B_direct,True,
mapping_fit_rows_y2025_h00_o2025-10_D_residual_residual,True,
mapping_isotonic_y2025_h00_o2025-10_D_residual_residual,True,
mapping_fit_rows_y2025_h00_o2025-10_D_residual_fallback_direct,True,
mapping_isotonic_y2025_h00_o2025-10_D_residual_fallback_direct,True,
mapping_fit_rows_y2026_h00_o2026-04_A_direct,True,
mapping_isotonic_y2026_h00_o2026-04_A_direct,True,
mapping_fit_rows_y2026_h00_o2026-04_B_direct,True,
mapping_isotonic_y2026_h00_o2026-04_B_direct,True,
mapping_fit_rows_y2026_h00_o2026-04_D_direct_direct,True,
mapping_shift_y2026_h00_o2026-04_D_direct_direct,True,
mapping_fit_rows_y2026_h00_o2026-04_D_residual_residual,True,
mapping_shift_y2026_h00_o2026-04_D_residual_residual,True,
mapping_fit_rows_y2026_h00_o2026-04_D_residual_fallback_direct,True,
mapping_shift_y2026_h00_o2026-04_D_residual_fallback_direct,True,
mapping_fit_rows_y2025_h03_o2025-01_A_direct,True,
mapping_shift_y2025_h03_o2025-01_A_direct,True,
mapping_fit_rows_y2025_h03_o2025-01_B_direct,True,
mapping_shift_y2025_h03_o2025-01_B_direct,True,
mapping_fit_rows_y2025_h03_o2025-01_C_direct,True,
mapping_shift_y2025_h03_o2025-01_C_direct,True,
mapping_fit_rows_y2025_h03_o2025-01_D_residual_residual,True,
mapping_isotonic_y2025_h03_o2025-01_D_residual_residual,True,
mapping_fit_rows_y2025_h03_o2025-01_D_residual_fallback_direct,True,
mapping_isotonic_y2025_h03_o2025-01_D_residual_fallback_direct,True,
mapping_fit_rows_y2025_h03_o2025-04_A_direct,True,
mapping_shift_y2025_h03_o2025-04_A_direct,True,
mapping_fit_rows_y2025_h03_o2025-04_B_direct,True,
mapping_shift_y2025_h03_o2025-04_B_direct,True,
mapping_fit_rows_y2025_h03_o2025-04_C_direct,True,
mapping_shift_y2025_h03_o2025-04_C_direct,True,
mapping_fit_rows_y2025_h03_o2025-04_D_residual_residual,True,
mapping_isotonic_y2025_h03_o2025-04_D_residual_residual,True,
mapping_fit_rows_y2025_h03_o2025-04_D_residual_fallback_direct,True,
mapping_isotonic_y2025_h03_o2025-04_D_residual_fallback_direct,True,
mapping_fit_rows_y2025_h03_o2025-06_A_direct,True,
mapping_shift_y2025_h03_o2025-06_A_direct,True,
mapping_fit_rows_y2025_h03_o2025-06_B_direct,True,
mapping_shift_y2025_h03_o2025-06_B_direct,True,
mapping_fit_rows_y2025_h03_o2025-06_C_direct,True,
mapping_shift_y2025_h03_o2025-06_C_direct,True,
mapping_fit_rows_y2025_h03_o2025-06_D_residual_residual,True,
mapping_isotonic_y2025_h03_o2025-06_D_residual_residual,True,
mapping_fit_rows_y2025_h03_o2025-06_D_residual_fallback_direct,True,
mapping_isotonic_y2025_h03_o2025-06_D_residual_fallback_direct,True,
mapping_fit_rows_y2025_h03_o2025-07_A_direct,True,
mapping_shift_y2025_h03_o2025-07_A_direct,True,
mapping_fit_rows_y2025_h03_o2025-07_B_direct,True,
mapping_shift_y2025_h03_o2025-07_B_direct,True,
mapping_fit_rows_y2025_h03_o2025-07_C_direct,True,
mapping_shift_y2025_h03_o2025-07_C_direct,True,
mapping_fit_rows_y2025_h03_o2025-07_D_residual_residual,True,
mapping_isotonic_y2025_h03_o2025-07_D_residual_residual,True,
mapping_fit_rows_y2025_h03_o2025-07_D_residual_fallback_direct,True,
mapping_isotonic_y2025_h03_o2025-07_D_residual_fallback_direct,True,
mapping_fit_rows_y2026_h03_o2026-01_A_direct,True,
mapping_isotonic_y2026_h03_o2026-01_A_direct,True,
mapping_fit_rows_y2026_h03_o2026-01_B_direct,True,
mapping_isotonic_y2026_h03_o2026-01_B_direct,True,
mapping_fit_rows_y2026_h03_o2026-01_C_direct,True,
mapping_isotonic_y2026_h03_o2026-01_C_direct,True,
mapping_fit_rows_y2026_h03_o2026-01_D_direct_direct,True,
mapping_shift_y2026_h03_o2026-01_D_direct_direct,True,
mapping_fit_rows_y2026_h03_o2026-01_D_residual_residual,True,
mapping_shift_y2026_h03_o2026-01_D_residual_residual,True,
mapping_fit_rows_y2026_h03_o2026-01_D_residual_fallback_direct,True,
mapping_shift_y2026_h03_o2026-01_D_residual_fallback_direct,True,
mapping_fit_rows_y2025_h06_o2024-10_A_direct,True,
mapping_shift_y2025_h06_o2024-10_A_direct,True,
mapping_fit_rows_y2025_h06_o2024-10_B_direct,True,
mapping_shift_y2025_h06_o2024-10_B_direct,True,
mapping_fit_rows_y2025_h06_o2024-10_C_direct,True,
mapping_shift_y2025_h06_o2024-10_C_direct,True,
mapping_fit_rows_y2025_h06_o2024-10_D_residual_residual,True,
mapping_isotonic_y2025_h06_o2024-10_D_residual_residual,True,
mapping_fit_rows_y2025_h06_o2024-10_D_residual_fallback_direct,True,
mapping_isotonic_y2025_h06_o2024-10_D_residual_fallback_direct,True,
mapping_fit_rows_y2025_h06_o2025-01_A_direct,True,
mapping_shift_y2025_h06_o2025-01_A_direct,True,
mapping_fit_rows_y2025_h06_o2025-01_B_direct,True,
mapping_shift_y2025_h06_o2025-01_B_direct,True,
mapping_fit_rows_y2025_h06_o2025-01_C_direct,True,
mapping_shift_y2025_h06_o2025-01_C_direct,True,
mapping_fit_rows_y2025_h06_o2025-01_D_residual_residual,True,
mapping_isotonic_y2025_h06_o2025-01_D_residual_residual,True,
mapping_fit_rows_y2025_h06_o2025-01_D_residual_fallback_direct,True,
mapping_isotonic_y2025_h06_o2025-01_D_residual_fallback_direct,True,
mapping_fit_rows_y2025_h06_o2025-03_A_direct,True,
mapping_shift_y2025_h06_o2025-03_A_direct,True,
mapping_fit_rows_y2025_h06_o2025-03_B_direct,True,
mapping_shift_y2025_h06_o2025-03_B_direct,True,
mapping_fit_rows_y2025_h06_o2025-03_C_direct,True,
mapping_shift_y2025_h06_o2025-03_C_direct,True,
mapping_fit_rows_y2025_h06_o2025-03_D_residual_residual,True,
mapping_isotonic_y2025_h06_o2025-03_D_residual_residual,True,
mapping_fit_rows_y2025_h06_o2025-03_D_residual_fallback_direct,True,
mapping_isotonic_y2025_h06_o2025-03_D_residual_fallback_direct,True,
mapping_fit_rows_y2025_h06_o2025-04_A_direct,True,
mapping_shift_y2025_h06_o2025-04_A_direct,True,
mapping_fit_rows_y2025_h06_o2025-04_B_direct,True,
mapping_shift_y2025_h06_o2025-04_B_direct,True,
mapping_fit_rows_y2025_h06_o2025-04_C_direct,True,
mapping_shift_y2025_h06_o2025-04_C_direct,True,
mapping_fit_rows_y2025_h06_o2025-04_D_residual_residual,True,
mapping_isotonic_y2025_h06_o2025-04_D_residual_residual,True,
mapping_fit_rows_y2025_h06_o2025-04_D_residual_fallback_direct,True,
mapping_isotonic_y2025_h06_o2025-04_D_residual_fallback_direct,True,
mapping_fit_rows_y2026_h06_o2025-10_A_direct,True,
mapping_isotonic_y2026_h06_o2025-10_A_direct,True,
mapping_fit_rows_y2026_h06_o2025-10_B_direct,True,
mapping_isotonic_y2026_h06_o2025-10_B_direct,True,
mapping_fit_rows_y2026_h06_o2025-10_C_direct,True,
mapping_isotonic_y2026_h06_o2025-10_C_direct,True,
mapping_fit_rows_y2026_h06_o2025-10_D_direct_direct,True,
mapping_shift_y2026_h06_o2025-10_D_direct_direct,True,
mapping_fit_rows_y2026_h06_o2025-10_D_residual_residual,True,
mapping_shift_y2026_h06_o2025-10_D_residual_residual,True,
mapping_fit_rows_y2026_h06_o2025-10_D_residual_fallback_direct,True,
mapping_shift_y2026_h06_o2025-10_D_residual_fallback_direct,True,
mapping_fit_rows_y2025_h12_o2024-04_A_direct,True,
mapping_shift_y2025_h12_o2024-04_A_direct,True,
mapping_fit_rows_y2025_h12_o2024-04_B_direct,True,
mapping_shift_y2025_h12_o2024-04_B_direct,True,
mapping_fit_rows_y2025_h12_o2024-04_C_direct,True,
mapping_shift_y2025_h12_o2024-04_C_direct,True,
mapping_fit_rows_y2025_h12_o2024-04_D_residual_residual,True,
mapping_isotonic_y2025_h12_o2024-04_D_residual_residual,True,
mapping_fit_rows_y2025_h12_o2024-04_D_residual_fallback_direct,True,
mapping_isotonic_y2025_h12_o2024-04_D_residual_fallback_direct,True,
mapping_fit_rows_y2025_h12_o2024-07_A_direct,True,
mapping_shift_y2025_h12_o2024-07_A_direct,True,
mapping_fit_rows_y2025_h12_o2024-07_B_direct,True,
mapping_shift_y2025_h12_o2024-07_B_direct,True,
mapping_fit_rows_y2025_h12_o2024-07_C_direct,True,
mapping_shift_y2025_h12_o2024-07_C_direct,True,
mapping_fit_rows_y2025_h12_o2024-07_D_residual_residual,True,
mapping_isotonic_y2025_h12_o2024-07_D_residual_residual,True,
mapping_fit_rows_y2025_h12_o2024-07_D_residual_fallback_direct,True,
mapping_isotonic_y2025_h12_o2024-07_D_residual_fallback_direct,True,
mapping_fit_rows_y2025_h12_o2024-09_A_direct,True,
mapping_shift_y2025_h12_o2024-09_A_direct,True,
mapping_fit_rows_y2025_h12_o2024-09_B_direct,True,
mapping_shift_y2025_h12_o2024-09_B_direct,True,
mapping_fit_rows_y2025_h12_o2024-09_C_direct,True,
mapping_shift_y2025_h12_o2024-09_C_direct,True,
mapping_fit_rows_y2025_h12_o2024-09_D_residual_residual,True,
mapping_isotonic_y2025_h12_o2024-09_D_residual_residual,True,
mapping_fit_rows_y2025_h12_o2024-09_D_residual_fallback_direct,True,
mapping_isotonic_y2025_h12_o2024-09_D_residual_fallback_direct,True,
mapping_fit_rows_y2025_h12_o2024-10_A_direct,True,
mapping_shift_y2025_h12_o2024-10_A_direct,True,
mapping_fit_rows_y2025_h12_o2024-10_B_direct,True,
mapping_shift_y2025_h12_o2024-10_B_direct,True,
mapping_fit_rows_y2025_h12_o2024-10_C_direct,True,
mapping_shift_y2025_h12_o2024-10_C_direct,True,
mapping_fit_rows_y2025_h12_o2024-10_D_residual_residual,True,
mapping_isotonic_y2025_h12_o2024-10_D_residual_residual,True,
mapping_fit_rows_y2025_h12_o2024-10_D_residual_fallback_direct,True,
mapping_isotonic_y2025_h12_o2024-10_D_residual_fallback_direct,True,
mapping_fit_rows_y2026_h12_o2025-04_A_direct,True,
mapping_isotonic_y2026_h12_o2025-04_A_direct,True,
mapping_fit_rows_y2026_h12_o2025-04_B_direct,True,
mapping_isotonic_y2026_h12_o2025-04_B_direct,True,
mapping_fit_rows_y2026_h12_o2025-04_C_direct,True,
mapping_isotonic_y2026_h12_o2025-04_C_direct,True,
mapping_fit_rows_y2026_h12_o2025-04_D_direct_direct,True,
mapping_shift_y2026_h12_o2025-04_D_direct_direct,True,
mapping_fit_rows_y2026_h12_o2025-04_D_residual_residual,True,
mapping_shift_y2026_h12_o2025-04_D_residual_residual,True,
mapping_fit_rows_y2026_h12_o2025-04_D_residual_fallback_direct,True,
mapping_shift_y2026_h12_o2025-04_D_residual_fallback_direct,True,
heldout_rebuild_2025_A_2023-08,True,
heldout_rebuild_2025_A_2024-01,True,
heldout_rebuild_2025_A_2024-07,True,
heldout_rebuild_2025_B_2023-08,True,
heldout_rebuild_2025_B_2024-01,True,
heldout_rebuild_2025_B_2024-07,True,
heldout_rebuild_2025_D_direct_2023-08,True,
heldout_rebuild_2025_D_direct_2024-01,True,
heldout_rebuild_2025_D_direct_2024-07,True,
heldout_rebuild_2025_D_residual_2023-08,True,
heldout_rebuild_2025_D_residual_2024-01,True,
heldout_rebuild_2025_D_residual_2024-07,True,
heldout_rebuild_2026_A_2025-07,True,
heldout_rebuild_2026_A_2025-09,True,
heldout_rebuild_2026_A_2025-10,True,
heldout_rebuild_2026_B_2025-07,True,
heldout_rebuild_2026_B_2025-09,True,
heldout_rebuild_2026_B_2025-10,True,
heldout_rebuild_2026_D_direct_2025-07,True,
heldout_rebuild_2026_D_direct_2025-09,True,
heldout_rebuild_2026_D_direct_2025-10,True,
heldout_rebuild_2026_D_residual_2025-07,True,
heldout_rebuild_2026_D_residual_2025-09,True,
heldout_rebuild_2026_D_residual_2025-10,True,
model_hash_y2025_h00_o2025-04_A_q2.ubj,True,
model_hash_y2025_h00_o2025-04_A_q4.ubj,True,
model_hash_y2025_h00_o2025-04_A_q5.ubj,True,
model_hash_y2025_h00_o2025-04_A_q3_direct.ubj,True,
model_predicts_y2025_h00_o2025-04_A_q2,True,
model_predicts_y2025_h00_o2025-04_A_q4,True,
model_predicts_y2025_h00_o2025-04_A_q5,True,
model_predicts_y2025_h00_o2025-04_A_q3,True,
model_hash_y2025_h00_o2025-04_B_q2.ubj,True,
model_hash_y2025_h00_o2025-04_B_q4.ubj,True,
model_hash_y2025_h00_o2025-04_B_q5.ubj,True,
model_hash_y2025_h00_o2025-04_B_q3_direct.ubj,True,
model_predicts_y2025_h00_o2025-04_B_q2,True,
model_predicts_y2025_h00_o2025-04_B_q4,True,
model_predicts_y2025_h00_o2025-04_B_q5,True,
model_predicts_y2025_h00_o2025-04_B_q3,True,
model_hash_y2025_h00_o2025-04_D_direct_q2.ubj,True,
model_hash_y2025_h00_o2025-04_D_direct_q4.ubj,True,
model_hash_y2025_h00_o2025-04_D_direct_q5.ubj,True,
model_hash_y2025_h00_o2025-04_D_direct_q3_direct.ubj,True,
model_predicts_y2025_h00_o2025-04_D_direct_q2,True,
model_predicts_y2025_h00_o2025-04_D_direct_q4,True,
model_predicts_y2025_h00_o2025-04_D_direct_q5,True,
model_predicts_y2025_h00_o2025-04_D_direct_q3,True,
model_hash_y2025_h00_o2025-04_D_residual_q2.ubj,True,
model_hash_y2025_h00_o2025-04_D_residual_q4.ubj,True,
model_hash_y2025_h00_o2025-04_D_residual_q5.ubj,True,
model_hash_y2025_h00_o2025-04_D_residual_q3_direct.ubj,True,
model_hash_y2025_h00_o2025-04_D_residual_q3_residual_delta.ubj,True,
model_predicts_y2025_h00_o2025-04_D_residual_q2,True,
model_predicts_y2025_h00_o2025-04_D_residual_q4,True,
model_predicts_y2025_h00_o2025-04_D_residual_q5,True,
model_predicts_y2025_h00_o2025-04_D_residual_q3,True,
model_hash_y2025_h00_o2025-07_A_q2.ubj,True,
model_hash_y2025_h00_o2025-07_A_q4.ubj,True,
model_hash_y2025_h00_o2025-07_A_q5.ubj,True,
model_hash_y2025_h00_o2025-07_A_q3_direct.ubj,True,
model_predicts_y2025_h00_o2025-07_A_q2,True,
model_predicts_y2025_h00_o2025-07_A_q4,True,
model_predicts_y2025_h00_o2025-07_A_q5,True,
model_predicts_y2025_h00_o2025-07_A_q3,True,
model_hash_y2025_h00_o2025-07_B_q2.ubj,True,
model_hash_y2025_h00_o2025-07_B_q4.ubj,True,
model_hash_y2025_h00_o2025-07_B_q5.ubj,True,
model_hash_y2025_h00_o2025-07_B_q3_direct.ubj,True,
model_predicts_y2025_h00_o2025-07_B_q2,True,
model_predicts_y2025_h00_o2025-07_B_q4,True,
model_predicts_y2025_h00_o2025-07_B_q5,True,
model_predicts_y2025_h00_o2025-07_B_q3,True,
model_hash_y2025_h00_o2025-07_D_direct_q2.ubj,True,
model_hash_y2025_h00_o2025-07_D_direct_q4.ubj,True,
model_hash_y2025_h00_o2025-07_D_direct_q5.ubj,True,
model_hash_y2025_h00_o2025-07_D_direct_q3_direct.ubj,True,
model_predicts_y2025_h00_o2025-07_D_direct_q2,True,
model_predicts_y2025_h00_o2025-07_D_direct_q4,True,
model_predicts_y2025_h00_o2025-07_D_direct_q5,True,
model_predicts_y2025_h00_o2025-07_D_direct_q3,True,
model_hash_y2025_h00_o2025-07_D_residual_q2.ubj,True,
model_hash_y2025_h00_o2025-07_D_residual_q4.ubj,True,
model_hash_y2025_h00_o2025-07_D_residual_q5.ubj,True,
model_hash_y2025_h00_o2025-07_D_residual_q3_direct.ubj,True,
model_hash_y2025_h00_o2025-07_D_residual_q3_residual_delta.ubj,True,
model_predicts_y2025_h00_o2025-07_D_residual_q2,True,
model_predicts_y2025_h00_o2025-07_D_residual_q4,True,
model_predicts_y2025_h00_o2025-07_D_residual_q5,True,
model_predicts_y2025_h00_o2025-07_D_residual_q3,True,
model_hash_y2025_h00_o2025-09_A_q2.ubj,True,
model_hash_y2025_h00_o2025-09_A_q4.ubj,True,
model_hash_y2025_h00_o2025-09_A_q5.ubj,True,
model_hash_y2025_h00_o2025-09_A_q3_direct.ubj,True,
model_predicts_y2025_h00_o2025-09_A_q2,True,
model_predicts_y2025_h00_o2025-09_A_q4,True,
model_predicts_y2025_h00_o2025-09_A_q5,True,
model_predicts_y2025_h00_o2025-09_A_q3,True,
model_hash_y2025_h00_o2025-09_B_q2.ubj,True,
model_hash_y2025_h00_o2025-09_B_q4.ubj,True,
model_hash_y2025_h00_o2025-09_B_q5.ubj,True,
model_hash_y2025_h00_o2025-09_B_q3_direct.ubj,True,
model_predicts_y2025_h00_o2025-09_B_q2,True,
model_predicts_y2025_h00_o2025-09_B_q4,True,
model_predicts_y2025_h00_o2025-09_B_q5,True,
model_predicts_y2025_h00_o2025-09_B_q3,True,
model_hash_y2025_h00_o2025-09_D_direct_q2.ubj,True,
model_hash_y2025_h00_o2025-09_D_direct_q4.ubj,True,
model_hash_y2025_h00_o2025-09_D_direct_q5.ubj,True,
model_hash_y2025_h00_o2025-09_D_direct_q3_direct.ubj,True,
model_predicts_y2025_h00_o2025-09_D_direct_q2,True,
model_predicts_y2025_h00_o2025-09_D_direct_q4,True,
model_predicts_y2025_h00_o2025-09_D_direct_q5,True,
model_predicts_y2025_h00_o2025-09_D_direct_q3,True,
model_hash_y2025_h00_o2025-09_D_residual_q2.ubj,True,
model_hash_y2025_h00_o2025-09_D_residual_q4.ubj,True,
model_hash_y2025_h00_o2025-09_D_residual_q5.ubj,True,
model_hash_y2025_h00_o2025-09_D_residual_q3_direct.ubj,True,
model_hash_y2025_h00_o2025-09_D_residual_q3_residual_delta.ubj,True,
model_predicts_y2025_h00_o2025-09_D_residual_q2,True,
model_predicts_y2025_h00_o2025-09_D_residual_q4,True,
model_predicts_y2025_h00_o2025-09_D_residual_q5,True,
model_predicts_y2025_h00_o2025-09_D_residual_q3,True,
model_hash_y2025_h00_o2025-10_A_q2.ubj,True,
model_hash_y2025_h00_o2025-10_A_q4.ubj,True,
model_hash_y2025_h00_o2025-10_A_q5.ubj,True,
model_hash_y2025_h00_o2025-10_A_q3_direct.ubj,True,
model_predicts_y2025_h00_o2025-10_A_q2,True,
model_predicts_y2025_h00_o2025-10_A_q4,True,
model_predicts_y2025_h00_o2025-10_A_q5,True,
model_predicts_y2025_h00_o2025-10_A_q3,True,
model_hash_y2025_h00_o2025-10_B_q2.ubj,True,
model_hash_y2025_h00_o2025-10_B_q4.ubj,True,
model_hash_y2025_h00_o2025-10_B_q5.ubj,True,
model_hash_y2025_h00_o2025-10_B_q3_direct.ubj,True,
model_predicts_y2025_h00_o2025-10_B_q2,True,
model_predicts_y2025_h00_o2025-10_B_q4,True,
model_predicts_y2025_h00_o2025-10_B_q5,True,
model_predicts_y2025_h00_o2025-10_B_q3,True,
model_hash_y2025_h00_o2025-10_D_direct_q2.ubj,True,
model_hash_y2025_h00_o2025-10_D_direct_q4.ubj,True,
model_hash_y2025_h00_o2025-10_D_direct_q5.ubj,True,
model_hash_y2025_h00_o2025-10_D_direct_q3_direct.ubj,True,
model_predicts_y2025_h00_o2025-10_D_direct_q2,True,
model_predicts_y2025_h00_o2025-10_D_direct_q4,True,
model_predicts_y2025_h00_o2025-10_D_direct_q5,True,
model_predicts_y2025_h00_o2025-10_D_direct_q3,True,
model_hash_y2025_h00_o2025-10_D_residual_q2.ubj,True,
model_hash_y2025_h00_o2025-10_D_residual_q4.ubj,True,
model_hash_y2025_h00_o2025-10_D_residual_q5.ubj,True,
model_hash_y2025_h00_o2025-10_D_residual_q3_direct.ubj,True,
model_hash_y2025_h00_o2025-10_D_residual_q3_residual_delta.ubj,True,
model_predicts_y2025_h00_o2025-10_D_residual_q2,True,
model_predicts_y2025_h00_o2025-10_D_residual_q4,True,
model_predicts_y2025_h00_o2025-10_D_residual_q5,True,
model_predicts_y2025_h00_o2025-10_D_residual_q3,True,
model_hash_y2025_h03_o2025-01_A_q2.ubj,True,
model_hash_y2025_h03_o2025-01_A_q4.ubj,True,
model_hash_y2025_h03_o2025-01_A_q5.ubj,True,
model_hash_y2025_h03_o2025-01_A_q3_direct.ubj,True,
model_predicts_y2025_h03_o2025-01_A_q2,True,
model_predicts_y2025_h03_o2025-01_A_q4,True,
model_predicts_y2025_h03_o2025-01_A_q5,True,
model_predicts_y2025_h03_o2025-01_A_q3,True,
model_hash_y2025_h03_o2025-01_B_q2.ubj,True,
model_hash_y2025_h03_o2025-01_B_q4.ubj,True,
model_hash_y2025_h03_o2025-01_B_q5.ubj,True,
model_hash_y2025_h03_o2025-01_B_q3_direct.ubj,True,
model_predicts_y2025_h03_o2025-01_B_q2,True,
model_predicts_y2025_h03_o2025-01_B_q4,True,
model_predicts_y2025_h03_o2025-01_B_q5,True,
model_predicts_y2025_h03_o2025-01_B_q3,True,
model_hash_y2025_h03_o2025-01_C_q2.ubj,True,
model_hash_y2025_h03_o2025-01_C_q4.ubj,True,
model_hash_y2025_h03_o2025-01_C_q5.ubj,True,
model_hash_y2025_h03_o2025-01_C_q3_direct.ubj,True,
model_predicts_y2025_h03_o2025-01_C_q2,True,
model_predicts_y2025_h03_o2025-01_C_q4,True,
model_predicts_y2025_h03_o2025-01_C_q5,True,
model_predicts_y2025_h03_o2025-01_C_q3,True,
model_hash_y2025_h03_o2025-01_D_direct_q2.ubj,True,
model_hash_y2025_h03_o2025-01_D_direct_q4.ubj,True,
model_hash_y2025_h03_o2025-01_D_direct_q5.ubj,True,
model_hash_y2025_h03_o2025-01_D_direct_q3_direct.ubj,True,
model_predicts_y2025_h03_o2025-01_D_direct_q2,True,
model_predicts_y2025_h03_o2025-01_D_direct_q4,True,
model_predicts_y2025_h03_o2025-01_D_direct_q5,True,
model_predicts_y2025_h03_o2025-01_D_direct_q3,True,
model_hash_y2025_h03_o2025-01_D_residual_q2.ubj,True,
model_hash_y2025_h03_o2025-01_D_residual_q4.ubj,True,
model_hash_y2025_h03_o2025-01_D_residual_q5.ubj,True,
model_hash_y2025_h03_o2025-01_D_residual_q3_direct.ubj,True,
model_hash_y2025_h03_o2025-01_D_residual_q3_residual_delta.ubj,True,
model_predicts_y2025_h03_o2025-01_D_residual_q2,True,
model_predicts_y2025_h03_o2025-01_D_residual_q4,True,
model_predicts_y2025_h03_o2025-01_D_residual_q5,True,
model_predicts_y2025_h03_o2025-01_D_residual_q3,True,
model_hash_y2025_h03_o2025-04_A_q2.ubj,True,
model_hash_y2025_h03_o2025-04_A_q4.ubj,True,
model_hash_y2025_h03_o2025-04_A_q5.ubj,True,
model_hash_y2025_h03_o2025-04_A_q3_direct.ubj,True,
model_predicts_y2025_h03_o2025-04_A_q2,True,
model_predicts_y2025_h03_o2025-04_A_q4,True,
model_predicts_y2025_h03_o2025-04_A_q5,True,
model_predicts_y2025_h03_o2025-04_A_q3,True,
model_hash_y2025_h03_o2025-04_B_q2.ubj,True,
model_hash_y2025_h03_o2025-04_B_q4.ubj,True,
model_hash_y2025_h03_o2025-04_B_q5.ubj,True,
model_hash_y2025_h03_o2025-04_B_q3_direct.ubj,True,
model_predicts_y2025_h03_o2025-04_B_q2,True,
model_predicts_y2025_h03_o2025-04_B_q4,True,
model_predicts_y2025_h03_o2025-04_B_q5,True,
model_predicts_y2025_h03_o2025-04_B_q3,True,
model_hash_y2025_h03_o2025-04_C_q2.ubj,True,
model_hash_y2025_h03_o2025-04_C_q4.ubj,True,
model_hash_y2025_h03_o2025-04_C_q5.ubj,True,
model_hash_y2025_h03_o2025-04_C_q3_direct.ubj,True,
model_predicts_y2025_h03_o2025-04_C_q2,True,
model_predicts_y2025_h03_o2025-04_C_q4,True,
model_predicts_y2025_h03_o2025-04_C_q5,True,
model_predicts_y2025_h03_o2025-04_C_q3,True,
model_hash_y2025_h03_o2025-04_D_direct_q2.ubj,True,
model_hash_y2025_h03_o2025-04_D_direct_q4.ubj,True,
model_hash_y2025_h03_o2025-04_D_direct_q5.ubj,True,
model_hash_y2025_h03_o2025-04_D_direct_q3_direct.ubj,True,
model_predicts_y2025_h03_o2025-04_D_direct_q2,True,
model_predicts_y2025_h03_o2025-04_D_direct_q4,True,
model_predicts_y2025_h03_o2025-04_D_direct_q5,True,
model_predicts_y2025_h03_o2025-04_D_direct_q3,True,
model_hash_y2025_h03_o2025-04_D_residual_q2.ubj,True,
model_hash_y2025_h03_o2025-04_D_residual_q4.ubj,True,
model_hash_y2025_h03_o2025-04_D_residual_q5.ubj,True,
model_hash_y2025_h03_o2025-04_D_residual_q3_direct.ubj,True,
model_hash_y2025_h03_o2025-04_D_residual_q3_residual_delta.ubj,True,
model_predicts_y2025_h03_o2025-04_D_residual_q2,True,
model_predicts_y2025_h03_o2025-04_D_residual_q4,True,
model_predicts_y2025_h03_o2025-04_D_residual_q5,True,
model_predicts_y2025_h03_o2025-04_D_residual_q3,True,
model_hash_y2025_h03_o2025-06_A_q2.ubj,True,
model_hash_y2025_h03_o2025-06_A_q4.ubj,True,
model_hash_y2025_h03_o2025-06_A_q5.ubj,True,
model_hash_y2025_h03_o2025-06_A_q3_direct.ubj,True,
model_predicts_y2025_h03_o2025-06_A_q2,True,
model_predicts_y2025_h03_o2025-06_A_q4,True,
model_predicts_y2025_h03_o2025-06_A_q5,True,
model_predicts_y2025_h03_o2025-06_A_q3,True,
model_hash_y2025_h03_o2025-06_B_q2.ubj,True,
model_hash_y2025_h03_o2025-06_B_q4.ubj,True,
model_hash_y2025_h03_o2025-06_B_q5.ubj,True,
model_hash_y2025_h03_o2025-06_B_q3_direct.ubj,True,
model_predicts_y2025_h03_o2025-06_B_q2,True,
model_predicts_y2025_h03_o2025-06_B_q4,True,
model_predicts_y2025_h03_o2025-06_B_q5,True,
model_predicts_y2025_h03_o2025-06_B_q3,True,
model_hash_y2025_h03_o2025-06_C_q2.ubj,True,
model_hash_y2025_h03_o2025-06_C_q4.ubj,True,
model_hash_y2025_h03_o2025-06_C_q5.ubj,True,
model_hash_y2025_h03_o2025-06_C_q3_direct.ubj,True,
model_predicts_y2025_h03_o2025-06_C_q2,True,
model_predicts_y2025_h03_o2025-06_C_q4,True,
model_predicts_y2025_h03_o2025-06_C_q5,True,
model_predicts_y2025_h03_o2025-06_C_q3,True,
model_hash_y2025_h03_o2025-06_D_direct_q2.ubj,True,
model_hash_y2025_h03_o2025-06_D_direct_q4.ubj,True,
model_hash_y2025_h03_o2025-06_D_direct_q5.ubj,True,
model_hash_y2025_h03_o2025-06_D_direct_q3_direct.ubj,True,
model_predicts_y2025_h03_o2025-06_D_direct_q2,True,
model_predicts_y2025_h03_o2025-06_D_direct_q4,True,
model_predicts_y2025_h03_o2025-06_D_direct_q5,True,
model_predicts_y2025_h03_o2025-06_D_direct_q3,True,
model_hash_y2025_h03_o2025-06_D_residual_q2.ubj,True,
model_hash_y2025_h03_o2025-06_D_residual_q4.ubj,True,
model_hash_y2025_h03_o2025-06_D_residual_q5.ubj,True,
model_hash_y2025_h03_o2025-06_D_residual_q3_direct.ubj,True,
model_hash_y2025_h03_o2025-06_D_residual_q3_residual_delta.ubj,True,
model_predicts_y2025_h03_o2025-06_D_residual_q2,True,
model_predicts_y2025_h03_o2025-06_D_residual_q4,True,
model_predicts_y2025_h03_o2025-06_D_residual_q5,True,
model_predicts_y2025_h03_o2025-06_D_residual_q3,True,
model_hash_y2025_h03_o2025-07_A_q2.ubj,True,
model_hash_y2025_h03_o2025-07_A_q4.ubj,True,
model_hash_y2025_h03_o2025-07_A_q5.ubj,True,
model_hash_y2025_h03_o2025-07_A_q3_direct.ubj,True,
model_predicts_y2025_h03_o2025-07_A_q2,True,
model_predicts_y2025_h03_o2025-07_A_q4,True,
model_predicts_y2025_h03_o2025-07_A_q5,True,
model_predicts_y2025_h03_o2025-07_A_q3,True,
model_hash_y2025_h03_o2025-07_B_q2.ubj,True,
model_hash_y2025_h03_o2025-07_B_q4.ubj,True,
model_hash_y2025_h03_o2025-07_B_q5.ubj,True,
model_hash_y2025_h03_o2025-07_B_q3_direct.ubj,True,
model_predicts_y2025_h03_o2025-07_B_q2,True,
model_predicts_y2025_h03_o2025-07_B_q4,True,
model_predicts_y2025_h03_o2025-07_B_q5,True,
model_predicts_y2025_h03_o2025-07_B_q3,True,
model_hash_y2025_h03_o2025-07_C_q2.ubj,True,
model_hash_y2025_h03_o2025-07_C_q4.ubj,True,
model_hash_y2025_h03_o2025-07_C_q5.ubj,True,
model_hash_y2025_h03_o2025-07_C_q3_direct.ubj,True,
model_predicts_y2025_h03_o2025-07_C_q2,True,
model_predicts_y2025_h03_o2025-07_C_q4,True,
model_predicts_y2025_h03_o2025-07_C_q5,True,
model_predicts_y2025_h03_o2025-07_C_q3,True,
model_hash_y2025_h03_o2025-07_D_direct_q2.ubj,True,
model_hash_y2025_h03_o2025-07_D_direct_q4.ubj,True,
model_hash_y2025_h03_o2025-07_D_direct_q5.ubj,True,
model_hash_y2025_h03_o2025-07_D_direct_q3_direct.ubj,True,
model_predicts_y2025_h03_o2025-07_D_direct_q2,True,
model_predicts_y2025_h03_o2025-07_D_direct_q4,True,
model_predicts_y2025_h03_o2025-07_D_direct_q5,True,
model_predicts_y2025_h03_o2025-07_D_direct_q3,True,
model_hash_y2025_h03_o2025-07_D_residual_q2.ubj,True,
model_hash_y2025_h03_o2025-07_D_residual_q4.ubj,True,
model_hash_y2025_h03_o2025-07_D_residual_q5.ubj,True,
model_hash_y2025_h03_o2025-07_D_residual_q3_direct.ubj,True,
model_hash_y2025_h03_o2025-07_D_residual_q3_residual_delta.ubj,True,
model_predicts_y2025_h03_o2025-07_D_residual_q2,True,
model_predicts_y2025_h03_o2025-07_D_residual_q4,True,
model_predicts_y2025_h03_o2025-07_D_residual_q5,True,
model_predicts_y2025_h03_o2025-07_D_residual_q3,True,
model_hash_y2025_h06_o2024-10_A_q2.ubj,True,
model_hash_y2025_h06_o2024-10_A_q4.ubj,True,
model_hash_y2025_h06_o2024-10_A_q5.ubj,True,
model_hash_y2025_h06_o2024-10_A_q3_direct.ubj,True,
model_predicts_y2025_h06_o2024-10_A_q2,True,
model_predicts_y2025_h06_o2024-10_A_q4,True,
model_predicts_y2025_h06_o2024-10_A_q5,True,
model_predicts_y2025_h06_o2024-10_A_q3,True,
model_hash_y2025_h06_o2024-10_B_q2.ubj,True,
model_hash_y2025_h06_o2024-10_B_q4.ubj,True,
model_hash_y2025_h06_o2024-10_B_q5.ubj,True,
model_hash_y2025_h06_o2024-10_B_q3_direct.ubj,True,
model_predicts_y2025_h06_o2024-10_B_q2,True,
model_predicts_y2025_h06_o2024-10_B_q4,True,
model_predicts_y2025_h06_o2024-10_B_q5,True,
model_predicts_y2025_h06_o2024-10_B_q3,True,
model_hash_y2025_h06_o2024-10_C_q2.ubj,True,
model_hash_y2025_h06_o2024-10_C_q4.ubj,True,
model_hash_y2025_h06_o2024-10_C_q5.ubj,True,
model_hash_y2025_h06_o2024-10_C_q3_direct.ubj,True,
model_predicts_y2025_h06_o2024-10_C_q2,True,
model_predicts_y2025_h06_o2024-10_C_q4,True,
model_predicts_y2025_h06_o2024-10_C_q5,True,
model_predicts_y2025_h06_o2024-10_C_q3,True,
model_hash_y2025_h06_o2024-10_D_direct_q2.ubj,True,
model_hash_y2025_h06_o2024-10_D_direct_q4.ubj,True,
model_hash_y2025_h06_o2024-10_D_direct_q5.ubj,True,
model_hash_y2025_h06_o2024-10_D_direct_q3_direct.ubj,True,
model_predicts_y2025_h06_o2024-10_D_direct_q2,True,
model_predicts_y2025_h06_o2024-10_D_direct_q4,True,
model_predicts_y2025_h06_o2024-10_D_direct_q5,True,
model_predicts_y2025_h06_o2024-10_D_direct_q3,True,
model_hash_y2025_h06_o2024-10_D_residual_q2.ubj,True,
model_hash_y2025_h06_o2024-10_D_residual_q4.ubj,True,
model_hash_y2025_h06_o2024-10_D_residual_q5.ubj,True,
model_hash_y2025_h06_o2024-10_D_residual_q3_direct.ubj,True,
model_hash_y2025_h06_o2024-10_D_residual_q3_residual_delta.ubj,True,
model_predicts_y2025_h06_o2024-10_D_residual_q2,True,
model_predicts_y2025_h06_o2024-10_D_residual_q4,True,
model_predicts_y2025_h06_o2024-10_D_residual_q5,True,
model_predicts_y2025_h06_o2024-10_D_residual_q3,True,
model_hash_y2025_h06_o2025-01_A_q2.ubj,True,
model_hash_y2025_h06_o2025-01_A_q4.ubj,True,
model_hash_y2025_h06_o2025-01_A_q5.ubj,True,
model_hash_y2025_h06_o2025-01_A_q3_direct.ubj,True,
model_predicts_y2025_h06_o2025-01_A_q2,True,
model_predicts_y2025_h06_o2025-01_A_q4,True,
model_predicts_y2025_h06_o2025-01_A_q5,True,
model_predicts_y2025_h06_o2025-01_A_q3,True,
model_hash_y2025_h06_o2025-01_B_q2.ubj,True,
model_hash_y2025_h06_o2025-01_B_q4.ubj,True,
model_hash_y2025_h06_o2025-01_B_q5.ubj,True,
model_hash_y2025_h06_o2025-01_B_q3_direct.ubj,True,
model_predicts_y2025_h06_o2025-01_B_q2,True,
model_predicts_y2025_h06_o2025-01_B_q4,True,
model_predicts_y2025_h06_o2025-01_B_q5,True,
model_predicts_y2025_h06_o2025-01_B_q3,True,
model_hash_y2025_h06_o2025-01_C_q2.ubj,True,
model_hash_y2025_h06_o2025-01_C_q4.ubj,True,
model_hash_y2025_h06_o2025-01_C_q5.ubj,True,
model_hash_y2025_h06_o2025-01_C_q3_direct.ubj,True,
model_predicts_y2025_h06_o2025-01_C_q2,True,
model_predicts_y2025_h06_o2025-01_C_q4,True,
model_predicts_y2025_h06_o2025-01_C_q5,True,
model_predicts_y2025_h06_o2025-01_C_q3,True,
model_hash_y2025_h06_o2025-01_D_direct_q2.ubj,True,
model_hash_y2025_h06_o2025-01_D_direct_q4.ubj,True,
model_hash_y2025_h06_o2025-01_D_direct_q5.ubj,True,
model_hash_y2025_h06_o2025-01_D_direct_q3_direct.ubj,True,
model_predicts_y2025_h06_o2025-01_D_direct_q2,True,
model_predicts_y2025_h06_o2025-01_D_direct_q4,True,
model_predicts_y2025_h06_o2025-01_D_direct_q5,True,
model_predicts_y2025_h06_o2025-01_D_direct_q3,True,
model_hash_y2025_h06_o2025-01_D_residual_q2.ubj,True,
model_hash_y2025_h06_o2025-01_D_residual_q4.ubj,True,
model_hash_y2025_h06_o2025-01_D_residual_q5.ubj,True,
model_hash_y2025_h06_o2025-01_D_residual_q3_direct.ubj,True,
model_hash_y2025_h06_o2025-01_D_residual_q3_residual_delta.ubj,True,
model_predicts_y2025_h06_o2025-01_D_residual_q2,True,
model_predicts_y2025_h06_o2025-01_D_residual_q4,True,
model_predicts_y2025_h06_o2025-01_D_residual_q5,True,
model_predicts_y2025_h06_o2025-01_D_residual_q3,True,
model_hash_y2025_h06_o2025-03_A_q2.ubj,True,
model_hash_y2025_h06_o2025-03_A_q4.ubj,True,
model_hash_y2025_h06_o2025-03_A_q5.ubj,True,
model_hash_y2025_h06_o2025-03_A_q3_direct.ubj,True,
model_predicts_y2025_h06_o2025-03_A_q2,True,
model_predicts_y2025_h06_o2025-03_A_q4,True,
model_predicts_y2025_h06_o2025-03_A_q5,True,
model_predicts_y2025_h06_o2025-03_A_q3,True,
model_hash_y2025_h06_o2025-03_B_q2.ubj,True,
model_hash_y2025_h06_o2025-03_B_q4.ubj,True,
model_hash_y2025_h06_o2025-03_B_q5.ubj,True,
model_hash_y2025_h06_o2025-03_B_q3_direct.ubj,True,
model_predicts_y2025_h06_o2025-03_B_q2,True,
model_predicts_y2025_h06_o2025-03_B_q4,True,
model_predicts_y2025_h06_o2025-03_B_q5,True,
model_predicts_y2025_h06_o2025-03_B_q3,True,
model_hash_y2025_h06_o2025-03_C_q2.ubj,True,
model_hash_y2025_h06_o2025-03_C_q4.ubj,True,
model_hash_y2025_h06_o2025-03_C_q5.ubj,True,
model_hash_y2025_h06_o2025-03_C_q3_direct.ubj,True,
model_predicts_y2025_h06_o2025-03_C_q2,True,
model_predicts_y2025_h06_o2025-03_C_q4,True,
model_predicts_y2025_h06_o2025-03_C_q5,True,
model_predicts_y2025_h06_o2025-03_C_q3,True,
model_hash_y2025_h06_o2025-03_D_direct_q2.ubj,True,
model_hash_y2025_h06_o2025-03_D_direct_q4.ubj,True,
model_hash_y2025_h06_o2025-03_D_direct_q5.ubj,True,
model_hash_y2025_h06_o2025-03_D_direct_q3_direct.ubj,True,
model_predicts_y2025_h06_o2025-03_D_direct_q2,True,
model_predicts_y2025_h06_o2025-03_D_direct_q4,True,
model_predicts_y2025_h06_o2025-03_D_direct_q5,True,
model_predicts_y2025_h06_o2025-03_D_direct_q3,True,
model_hash_y2025_h06_o2025-03_D_residual_q2.ubj,True,
model_hash_y2025_h06_o2025-03_D_residual_q4.ubj,True,
model_hash_y2025_h06_o2025-03_D_residual_q5.ubj,True,
model_hash_y2025_h06_o2025-03_D_residual_q3_direct.ubj,True,
model_hash_y2025_h06_o2025-03_D_residual_q3_residual_delta.ubj,True,
model_predicts_y2025_h06_o2025-03_D_residual_q2,True,
model_predicts_y2025_h06_o2025-03_D_residual_q4,True,
model_predicts_y2025_h06_o2025-03_D_residual_q5,True,
model_predicts_y2025_h06_o2025-03_D_residual_q3,True,
model_hash_y2025_h06_o2025-04_A_q2.ubj,True,
model_hash_y2025_h06_o2025-04_A_q4.ubj,True,
model_hash_y2025_h06_o2025-04_A_q5.ubj,True,
model_hash_y2025_h06_o2025-04_A_q3_direct.ubj,True,
model_predicts_y2025_h06_o2025-04_A_q2,True,
model_predicts_y2025_h06_o2025-04_A_q4,True,
model_predicts_y2025_h06_o2025-04_A_q5,True,
model_predicts_y2025_h06_o2025-04_A_q3,True,
model_hash_y2025_h06_o2025-04_B_q2.ubj,True,
model_hash_y2025_h06_o2025-04_B_q4.ubj,True,
model_hash_y2025_h06_o2025-04_B_q5.ubj,True,
model_hash_y2025_h06_o2025-04_B_q3_direct.ubj,True,
model_predicts_y2025_h06_o2025-04_B_q2,True,
model_predicts_y2025_h06_o2025-04_B_q4,True,
model_predicts_y2025_h06_o2025-04_B_q5,True,
model_predicts_y2025_h06_o2025-04_B_q3,True,
model_hash_y2025_h06_o2025-04_C_q2.ubj,True,
model_hash_y2025_h06_o2025-04_C_q4.ubj,True,
model_hash_y2025_h06_o2025-04_C_q5.ubj,True,
model_hash_y2025_h06_o2025-04_C_q3_direct.ubj,True,
model_predicts_y2025_h06_o2025-04_C_q2,True,
model_predicts_y2025_h06_o2025-04_C_q4,True,
model_predicts_y2025_h06_o2025-04_C_q5,True,
model_predicts_y2025_h06_o2025-04_C_q3,True,
model_hash_y2025_h06_o2025-04_D_direct_q2.ubj,True,
model_hash_y2025_h06_o2025-04_D_direct_q4.ubj,True,
model_hash_y2025_h06_o2025-04_D_direct_q5.ubj,True,
model_hash_y2025_h06_o2025-04_D_direct_q3_direct.ubj,True,
model_predicts_y2025_h06_o2025-04_D_direct_q2,True,
model_predicts_y2025_h06_o2025-04_D_direct_q4,True,
model_predicts_y2025_h06_o2025-04_D_direct_q5,True,
model_predicts_y2025_h06_o2025-04_D_direct_q3,True,
model_hash_y2025_h06_o2025-04_D_residual_q2.ubj,True,
model_hash_y2025_h06_o2025-04_D_residual_q4.ubj,True,
model_hash_y2025_h06_o2025-04_D_residual_q5.ubj,True,
model_hash_y2025_h06_o2025-04_D_residual_q3_direct.ubj,True,
model_hash_y2025_h06_o2025-04_D_residual_q3_residual_delta.ubj,True,
model_predicts_y2025_h06_o2025-04_D_residual_q2,True,
model_predicts_y2025_h06_o2025-04_D_residual_q4,True,
model_predicts_y2025_h06_o2025-04_D_residual_q5,True,
model_predicts_y2025_h06_o2025-04_D_residual_q3,True,
model_hash_y2025_h12_o2024-04_A_q2.ubj,True,
model_hash_y2025_h12_o2024-04_A_q4.ubj,True,
model_hash_y2025_h12_o2024-04_A_q5.ubj,True,
model_hash_y2025_h12_o2024-04_A_q3_direct.ubj,True,
model_predicts_y2025_h12_o2024-04_A_q2,True,
model_predicts_y2025_h12_o2024-04_A_q4,True,
model_predicts_y2025_h12_o2024-04_A_q5,True,
model_predicts_y2025_h12_o2024-04_A_q3,True,
model_hash_y2025_h12_o2024-04_B_q2.ubj,True,
model_hash_y2025_h12_o2024-04_B_q4.ubj,True,
model_hash_y2025_h12_o2024-04_B_q5.ubj,True,
model_hash_y2025_h12_o2024-04_B_q3_direct.ubj,True,
model_predicts_y2025_h12_o2024-04_B_q2,True,
model_predicts_y2025_h12_o2024-04_B_q4,True,
model_predicts_y2025_h12_o2024-04_B_q5,True,
model_predicts_y2025_h12_o2024-04_B_q3,True,
model_hash_y2025_h12_o2024-04_C_q2.ubj,True,
model_hash_y2025_h12_o2024-04_C_q4.ubj,True,
model_hash_y2025_h12_o2024-04_C_q5.ubj,True,
model_hash_y2025_h12_o2024-04_C_q3_direct.ubj,True,
model_predicts_y2025_h12_o2024-04_C_q2,True,
model_predicts_y2025_h12_o2024-04_C_q4,True,
model_predicts_y2025_h12_o2024-04_C_q5,True,
model_predicts_y2025_h12_o2024-04_C_q3,True,
model_hash_y2025_h12_o2024-04_D_direct_q2.ubj,True,
model_hash_y2025_h12_o2024-04_D_direct_q4.ubj,True,
model_hash_y2025_h12_o2024-04_D_direct_q5.ubj,True,
model_hash_y2025_h12_o2024-04_D_direct_q3_direct.ubj,True,
model_predicts_y2025_h12_o2024-04_D_direct_q2,True,
model_predicts_y2025_h12_o2024-04_D_direct_q4,True,
model_predicts_y2025_h12_o2024-04_D_direct_q5,True,
model_predicts_y2025_h12_o2024-04_D_direct_q3,True,
model_hash_y2025_h12_o2024-04_D_residual_q2.ubj,True,
model_hash_y2025_h12_o2024-04_D_residual_q4.ubj,True,
model_hash_y2025_h12_o2024-04_D_residual_q5.ubj,True,
model_hash_y2025_h12_o2024-04_D_residual_q3_direct.ubj,True,
model_hash_y2025_h12_o2024-04_D_residual_q3_residual_delta.ubj,True,
model_predicts_y2025_h12_o2024-04_D_residual_q2,True,
model_predicts_y2025_h12_o2024-04_D_residual_q4,True,
model_predicts_y2025_h12_o2024-04_D_residual_q5,True,
model_predicts_y2025_h12_o2024-04_D_residual_q3,True,
model_hash_y2025_h12_o2024-07_A_q2.ubj,True,
model_hash_y2025_h12_o2024-07_A_q4.ubj,True,
model_hash_y2025_h12_o2024-07_A_q5.ubj,True,
model_hash_y2025_h12_o2024-07_A_q3_direct.ubj,True,
model_predicts_y2025_h12_o2024-07_A_q2,True,
model_predicts_y2025_h12_o2024-07_A_q4,True,
model_predicts_y2025_h12_o2024-07_A_q5,True,
model_predicts_y2025_h12_o2024-07_A_q3,True,
model_hash_y2025_h12_o2024-07_B_q2.ubj,True,
model_hash_y2025_h12_o2024-07_B_q4.ubj,True,
model_hash_y2025_h12_o2024-07_B_q5.ubj,True,
model_hash_y2025_h12_o2024-07_B_q3_direct.ubj,True,
model_predicts_y2025_h12_o2024-07_B_q2,True,
model_predicts_y2025_h12_o2024-07_B_q4,True,
model_predicts_y2025_h12_o2024-07_B_q5,True,
model_predicts_y2025_h12_o2024-07_B_q3,True,
model_hash_y2025_h12_o2024-07_C_q2.ubj,True,
model_hash_y2025_h12_o2024-07_C_q4.ubj,True,
model_hash_y2025_h12_o2024-07_C_q5.ubj,True,
model_hash_y2025_h12_o2024-07_C_q3_direct.ubj,True,
model_predicts_y2025_h12_o2024-07_C_q2,True,
model_predicts_y2025_h12_o2024-07_C_q4,True,
model_predicts_y2025_h12_o2024-07_C_q5,True,
model_predicts_y2025_h12_o2024-07_C_q3,True,
model_hash_y2025_h12_o2024-07_D_direct_q2.ubj,True,
model_hash_y2025_h12_o2024-07_D_direct_q4.ubj,True,
model_hash_y2025_h12_o2024-07_D_direct_q5.ubj,True,
model_hash_y2025_h12_o2024-07_D_direct_q3_direct.ubj,True,
model_predicts_y2025_h12_o2024-07_D_direct_q2,True,
model_predicts_y2025_h12_o2024-07_D_direct_q4,True,
model_predicts_y2025_h12_o2024-07_D_direct_q5,True,
model_predicts_y2025_h12_o2024-07_D_direct_q3,True,
model_hash_y2025_h12_o2024-07_D_residual_q2.ubj,True,
model_hash_y2025_h12_o2024-07_D_residual_q4.ubj,True,
model_hash_y2025_h12_o2024-07_D_residual_q5.ubj,True,
model_hash_y2025_h12_o2024-07_D_residual_q3_direct.ubj,True,
model_hash_y2025_h12_o2024-07_D_residual_q3_residual_delta.ubj,True,
model_predicts_y2025_h12_o2024-07_D_residual_q2,True,
model_predicts_y2025_h12_o2024-07_D_residual_q4,True,
model_predicts_y2025_h12_o2024-07_D_residual_q5,True,
model_predicts_y2025_h12_o2024-07_D_residual_q3,True,
model_hash_y2025_h12_o2024-09_A_q2.ubj,True,
model_hash_y2025_h12_o2024-09_A_q4.ubj,True,
model_hash_y2025_h12_o2024-09_A_q5.ubj,True,
model_hash_y2025_h12_o2024-09_A_q3_direct.ubj,True,
model_predicts_y2025_h12_o2024-09_A_q2,True,
model_predicts_y2025_h12_o2024-09_A_q4,True,
model_predicts_y2025_h12_o2024-09_A_q5,True,
model_predicts_y2025_h12_o2024-09_A_q3,True,
model_hash_y2025_h12_o2024-09_B_q2.ubj,True,
model_hash_y2025_h12_o2024-09_B_q4.ubj,True,
model_hash_y2025_h12_o2024-09_B_q5.ubj,True,
model_hash_y2025_h12_o2024-09_B_q3_direct.ubj,True,
model_predicts_y2025_h12_o2024-09_B_q2,True,
model_predicts_y2025_h12_o2024-09_B_q4,True,
model_predicts_y2025_h12_o2024-09_B_q5,True,
model_predicts_y2025_h12_o2024-09_B_q3,True,
model_hash_y2025_h12_o2024-09_C_q2.ubj,True,
model_hash_y2025_h12_o2024-09_C_q4.ubj,True,
model_hash_y2025_h12_o2024-09_C_q5.ubj,True,
model_hash_y2025_h12_o2024-09_C_q3_direct.ubj,True,
model_predicts_y2025_h12_o2024-09_C_q2,True,
model_predicts_y2025_h12_o2024-09_C_q4,True,
model_predicts_y2025_h12_o2024-09_C_q5,True,
model_predicts_y2025_h12_o2024-09_C_q3,True,
model_hash_y2025_h12_o2024-09_D_direct_q2.ubj,True,
model_hash_y2025_h12_o2024-09_D_direct_q4.ubj,True,
model_hash_y2025_h12_o2024-09_D_direct_q5.ubj,True,
model_hash_y2025_h12_o2024-09_D_direct_q3_direct.ubj,True,
model_predicts_y2025_h12_o2024-09_D_direct_q2,True,
model_predicts_y2025_h12_o2024-09_D_direct_q4,True,
model_predicts_y2025_h12_o2024-09_D_direct_q5,True,
model_predicts_y2025_h12_o2024-09_D_direct_q3,True,
model_hash_y2025_h12_o2024-09_D_residual_q2.ubj,True,
model_hash_y2025_h12_o2024-09_D_residual_q4.ubj,True,
model_hash_y2025_h12_o2024-09_D_residual_q5.ubj,True,
model_hash_y2025_h12_o2024-09_D_residual_q3_direct.ubj,True,
model_hash_y2025_h12_o2024-09_D_residual_q3_residual_delta.ubj,True,
model_predicts_y2025_h12_o2024-09_D_residual_q2,True,
model_predicts_y2025_h12_o2024-09_D_residual_q4,True,
model_predicts_y2025_h12_o2024-09_D_residual_q5,True,
model_predicts_y2025_h12_o2024-09_D_residual_q3,True,
model_hash_y2025_h12_o2024-10_A_q2.ubj,True,
model_hash_y2025_h12_o2024-10_A_q4.ubj,True,
model_hash_y2025_h12_o2024-10_A_q5.ubj,True,
model_hash_y2025_h12_o2024-10_A_q3_direct.ubj,True,
model_predicts_y2025_h12_o2024-10_A_q2,True,
model_predicts_y2025_h12_o2024-10_A_q4,True,
model_predicts_y2025_h12_o2024-10_A_q5,True,
model_predicts_y2025_h12_o2024-10_A_q3,True,
model_hash_y2025_h12_o2024-10_B_q2.ubj,True,
model_hash_y2025_h12_o2024-10_B_q4.ubj,True,
model_hash_y2025_h12_o2024-10_B_q5.ubj,True,
model_hash_y2025_h12_o2024-10_B_q3_direct.ubj,True,
model_predicts_y2025_h12_o2024-10_B_q2,True,
model_predicts_y2025_h12_o2024-10_B_q4,True,
model_predicts_y2025_h12_o2024-10_B_q5,True,
model_predicts_y2025_h12_o2024-10_B_q3,True,
model_hash_y2025_h12_o2024-10_C_q2.ubj,True,
model_hash_y2025_h12_o2024-10_C_q4.ubj,True,
model_hash_y2025_h12_o2024-10_C_q5.ubj,True,
model_hash_y2025_h12_o2024-10_C_q3_direct.ubj,True,
model_predicts_y2025_h12_o2024-10_C_q2,True,
model_predicts_y2025_h12_o2024-10_C_q4,True,
model_predicts_y2025_h12_o2024-10_C_q5,True,
model_predicts_y2025_h12_o2024-10_C_q3,True,
model_hash_y2025_h12_o2024-10_D_direct_q2.ubj,True,
model_hash_y2025_h12_o2024-10_D_direct_q4.ubj,True,
model_hash_y2025_h12_o2024-10_D_direct_q5.ubj,True,
model_hash_y2025_h12_o2024-10_D_direct_q3_direct.ubj,True,
model_predicts_y2025_h12_o2024-10_D_direct_q2,True,
model_predicts_y2025_h12_o2024-10_D_direct_q4,True,
model_predicts_y2025_h12_o2024-10_D_direct_q5,True,
model_predicts_y2025_h12_o2024-10_D_direct_q3,True,
model_hash_y2025_h12_o2024-10_D_residual_q2.ubj,True,
model_hash_y2025_h12_o2024-10_D_residual_q4.ubj,True,
model_hash_y2025_h12_o2024-10_D_residual_q5.ubj,True,
model_hash_y2025_h12_o2024-10_D_residual_q3_direct.ubj,True,
model_hash_y2025_h12_o2024-10_D_residual_q3_residual_delta.ubj,True,
model_predicts_y2025_h12_o2024-10_D_residual_q2,True,
model_predicts_y2025_h12_o2024-10_D_residual_q4,True,
model_predicts_y2025_h12_o2024-10_D_residual_q5,True,
model_predicts_y2025_h12_o2024-10_D_residual_q3,True,
model_hash_y2026_h00_o2026-04_A_q2.ubj,True,
model_hash_y2026_h00_o2026-04_A_q4.ubj,True,
model_hash_y2026_h00_o2026-04_A_q5.ubj,True,
model_hash_y2026_h00_o2026-04_A_q3_direct.ubj,True,
model_predicts_y2026_h00_o2026-04_A_q2,True,
model_predicts_y2026_h00_o2026-04_A_q4,True,
model_predicts_y2026_h00_o2026-04_A_q5,True,
model_predicts_y2026_h00_o2026-04_A_q3,True,
model_hash_y2026_h00_o2026-04_B_q2.ubj,True,
model_hash_y2026_h00_o2026-04_B_q4.ubj,True,
model_hash_y2026_h00_o2026-04_B_q5.ubj,True,
model_hash_y2026_h00_o2026-04_B_q3_direct.ubj,True,
model_predicts_y2026_h00_o2026-04_B_q2,True,
model_predicts_y2026_h00_o2026-04_B_q4,True,
model_predicts_y2026_h00_o2026-04_B_q5,True,
model_predicts_y2026_h00_o2026-04_B_q3,True,
model_hash_y2026_h00_o2026-04_D_direct_q2.ubj,True,
model_hash_y2026_h00_o2026-04_D_direct_q4.ubj,True,
model_hash_y2026_h00_o2026-04_D_direct_q5.ubj,True,
model_hash_y2026_h00_o2026-04_D_direct_q3_direct.ubj,True,
model_predicts_y2026_h00_o2026-04_D_direct_q2,True,
model_predicts_y2026_h00_o2026-04_D_direct_q4,True,
model_predicts_y2026_h00_o2026-04_D_direct_q5,True,
model_predicts_y2026_h00_o2026-04_D_direct_q3,True,
model_hash_y2026_h00_o2026-04_D_residual_q2.ubj,True,
model_hash_y2026_h00_o2026-04_D_residual_q4.ubj,True,
model_hash_y2026_h00_o2026-04_D_residual_q5.ubj,True,
model_hash_y2026_h00_o2026-04_D_residual_q3_direct.ubj,True,
model_hash_y2026_h00_o2026-04_D_residual_q3_residual_delta.ubj,True,
model_predicts_y2026_h00_o2026-04_D_residual_q2,True,
model_predicts_y2026_h00_o2026-04_D_residual_q4,True,
model_predicts_y2026_h00_o2026-04_D_residual_q5,True,
model_predicts_y2026_h00_o2026-04_D_residual_q3,True,
model_hash_y2026_h03_o2026-01_A_q2.ubj,True,
model_hash_y2026_h03_o2026-01_A_q4.ubj,True,
model_hash_y2026_h03_o2026-01_A_q5.ubj,True,
model_hash_y2026_h03_o2026-01_A_q3_direct.ubj,True,
model_predicts_y2026_h03_o2026-01_A_q2,True,
model_predicts_y2026_h03_o2026-01_A_q4,True,
model_predicts_y2026_h03_o2026-01_A_q5,True,
model_predicts_y2026_h03_o2026-01_A_q3,True,
model_hash_y2026_h03_o2026-01_B_q2.ubj,True,
model_hash_y2026_h03_o2026-01_B_q4.ubj,True,
model_hash_y2026_h03_o2026-01_B_q5.ubj,True,
model_hash_y2026_h03_o2026-01_B_q3_direct.ubj,True,
model_predicts_y2026_h03_o2026-01_B_q2,True,
model_predicts_y2026_h03_o2026-01_B_q4,True,
model_predicts_y2026_h03_o2026-01_B_q5,True,
model_predicts_y2026_h03_o2026-01_B_q3,True,
model_hash_y2026_h03_o2026-01_C_q2.ubj,True,
model_hash_y2026_h03_o2026-01_C_q4.ubj,True,
model_hash_y2026_h03_o2026-01_C_q5.ubj,True,
model_hash_y2026_h03_o2026-01_C_q3_direct.ubj,True,
model_predicts_y2026_h03_o2026-01_C_q2,True,
model_predicts_y2026_h03_o2026-01_C_q4,True,
model_predicts_y2026_h03_o2026-01_C_q5,True,
model_predicts_y2026_h03_o2026-01_C_q3,True,
model_hash_y2026_h03_o2026-01_D_direct_q2.ubj,True,
model_hash_y2026_h03_o2026-01_D_direct_q4.ubj,True,
model_hash_y2026_h03_o2026-01_D_direct_q5.ubj,True,
model_hash_y2026_h03_o2026-01_D_direct_q3_direct.ubj,True,
model_predicts_y2026_h03_o2026-01_D_direct_q2,True,
model_predicts_y2026_h03_o2026-01_D_direct_q4,True,
model_predicts_y2026_h03_o2026-01_D_direct_q5,True,
model_predicts_y2026_h03_o2026-01_D_direct_q3,True,
model_hash_y2026_h03_o2026-01_D_residual_q2.ubj,True,
model_hash_y2026_h03_o2026-01_D_residual_q4.ubj,True,
model_hash_y2026_h03_o2026-01_D_residual_q5.ubj,True,
model_hash_y2026_h03_o2026-01_D_residual_q3_direct.ubj,True,
model_hash_y2026_h03_o2026-01_D_residual_q3_residual_delta.ubj,True,
model_predicts_y2026_h03_o2026-01_D_residual_q2,True,
model_predicts_y2026_h03_o2026-01_D_residual_q4,True,
model_predicts_y2026_h03_o2026-01_D_residual_q5,True,
model_predicts_y2026_h03_o2026-01_D_residual_q3,True,
model_hash_y2026_h06_o2025-10_A_q2.ubj,True,
model_hash_y2026_h06_o2025-10_A_q4.ubj,True,
model_hash_y2026_h06_o2025-10_A_q5.ubj,True,
model_hash_y2026_h06_o2025-10_A_q3_direct.ubj,True,
model_predicts_y2026_h06_o2025-10_A_q2,True,
model_predicts_y2026_h06_o2025-10_A_q4,True,
model_predicts_y2026_h06_o2025-10_A_q5,True,
model_predicts_y2026_h06_o2025-10_A_q3,True,
model_hash_y2026_h06_o2025-10_B_q2.ubj,True,
model_hash_y2026_h06_o2025-10_B_q4.ubj,True,
model_hash_y2026_h06_o2025-10_B_q5.ubj,True,
model_hash_y2026_h06_o2025-10_B_q3_direct.ubj,True,
model_predicts_y2026_h06_o2025-10_B_q2,True,
model_predicts_y2026_h06_o2025-10_B_q4,True,
model_predicts_y2026_h06_o2025-10_B_q5,True,
model_predicts_y2026_h06_o2025-10_B_q3,True,
model_hash_y2026_h06_o2025-10_C_q2.ubj,True,
model_hash_y2026_h06_o2025-10_C_q4.ubj,True,
model_hash_y2026_h06_o2025-10_C_q5.ubj,True,
model_hash_y2026_h06_o2025-10_C_q3_direct.ubj,True,
model_predicts_y2026_h06_o2025-10_C_q2,True,
model_predicts_y2026_h06_o2025-10_C_q4,True,
model_predicts_y2026_h06_o2025-10_C_q5,True,
model_predicts_y2026_h06_o2025-10_C_q3,True,
model_hash_y2026_h06_o2025-10_D_direct_q2.ubj,True,
model_hash_y2026_h06_o2025-10_D_direct_q4.ubj,True,
model_hash_y2026_h06_o2025-10_D_direct_q5.ubj,True,
model_hash_y2026_h06_o2025-10_D_direct_q3_direct.ubj,True,
model_predicts_y2026_h06_o2025-10_D_direct_q2,True,
model_predicts_y2026_h06_o2025-10_D_direct_q4,True,
model_predicts_y2026_h06_o2025-10_D_direct_q5,True,
model_predicts_y2026_h06_o2025-10_D_direct_q3,True,
model_hash_y2026_h06_o2025-10_D_residual_q2.ubj,True,
model_hash_y2026_h06_o2025-10_D_residual_q4.ubj,True,
model_hash_y2026_h06_o2025-10_D_residual_q5.ubj,True,
model_hash_y2026_h06_o2025-10_D_residual_q3_direct.ubj,True,
model_hash_y2026_h06_o2025-10_D_residual_q3_residual_delta.ubj,True,
model_predicts_y2026_h06_o2025-10_D_residual_q2,True,
model_predicts_y2026_h06_o2025-10_D_residual_q4,True,
model_predicts_y2026_h06_o2025-10_D_residual_q5,True,
model_predicts_y2026_h06_o2025-10_D_residual_q3,True,
model_hash_y2026_h12_o2025-04_A_q2.ubj,True,
model_hash_y2026_h12_o2025-04_A_q4.ubj,True,
model_hash_y2026_h12_o2025-04_A_q5.ubj,True,
model_hash_y2026_h12_o2025-04_A_q3_direct.ubj,True,
model_predicts_y2026_h12_o2025-04_A_q2,True,
model_predicts_y2026_h12_o2025-04_A_q4,True,
model_predicts_y2026_h12_o2025-04_A_q5,True,
model_predicts_y2026_h12_o2025-04_A_q3,True,
model_hash_y2026_h12_o2025-04_B_q2.ubj,True,
model_hash_y2026_h12_o2025-04_B_q4.ubj,True,
model_hash_y2026_h12_o2025-04_B_q5.ubj,True,
model_hash_y2026_h12_o2025-04_B_q3_direct.ubj,True,
model_predicts_y2026_h12_o2025-04_B_q2,True,
model_predicts_y2026_h12_o2025-04_B_q4,True,
model_predicts_y2026_h12_o2025-04_B_q5,True,
model_predicts_y2026_h12_o2025-04_B_q3,True,
model_hash_y2026_h12_o2025-04_C_q2.ubj,True,
model_hash_y2026_h12_o2025-04_C_q4.ubj,True,
model_hash_y2026_h12_o2025-04_C_q5.ubj,True,
model_hash_y2026_h12_o2025-04_C_q3_direct.ubj,True,
model_predicts_y2026_h12_o2025-04_C_q2,True,
model_predicts_y2026_h12_o2025-04_C_q4,True,
model_predicts_y2026_h12_o2025-04_C_q5,True,
model_predicts_y2026_h12_o2025-04_C_q3,True,
model_hash_y2026_h12_o2025-04_D_direct_q2.ubj,True,
model_hash_y2026_h12_o2025-04_D_direct_q4.ubj,True,
model_hash_y2026_h12_o2025-04_D_direct_q5.ubj,True,
model_hash_y2026_h12_o2025-04_D_direct_q3_direct.ubj,True,
model_predicts_y2026_h12_o2025-04_D_direct_q2,True,
model_predicts_y2026_h12_o2025-04_D_direct_q4,True,
model_predicts_y2026_h12_o2025-04_D_direct_q5,True,
model_predicts_y2026_h12_o2025-04_D_direct_q3,True,
model_hash_y2026_h12_o2025-04_D_residual_q2.ubj,True,
model_hash_y2026_h12_o2025-04_D_residual_q4.ubj,True,
model_hash_y2026_h12_o2025-04_D_residual_q5.ubj,True,
model_hash_y2026_h12_o2025-04_D_residual_q3_direct.ubj,True,
model_hash_y2026_h12_o2025-04_D_residual_q3_residual_delta.ubj,True,
model_predicts_y2026_h12_o2025-04_D_residual_q2,True,
model_predicts_y2026_h12_o2025-04_D_residual_q4,True,
model_predicts_y2026_h12_o2025-04_D_residual_q5,True,
model_predicts_y2026_h12_o2025-04_D_residual_q3,True,
