test_year,horizon,cohort,contrast,point_delta_f2_before,ci_low_before,ci_high_before,point_delta_f2_after,ci_low_after,ci_high_after
2025,0,primary,B-A,-0.0114662564825667,-0.0173495545271563,-0.0060049798155678,-0.0114662564825667,-0.0173495545271563,-0.0060049798155678
2025,0,primary,C-B,0.0,0.0,0.0,0.0,0.0,0.0
2025,0,primary,D-C,0.0052023930185709,-0.0088370896267753,0.0189204923707425,0.0052023930185709,-0.0088370896267753,0.0189204923707425
2025,0,primary,A-always_crisis,0.0018018981262335,-0.0010704306971654,0.004298274477344,0.0018018981262335,-0.0010704306971654,0.004298274477344
2025,0,primary,B-always_crisis,-0.0096643583563331,-0.0159020827702964,-0.0038304126391238,-0.0096643583563331,-0.0159020827702964,-0.0038304126391238
2025,0,primary,C-always_crisis,-0.0096643583563331,-0.0159020827702964,-0.0038304126391238,-0.0096643583563331,-0.0159020827702964,-0.0038304126391238
2025,0,primary,D-always_crisis,-0.0044619653377622,-0.0161391456756579,0.0070265271003098,-0.0044619653377622,-0.0161391456756579,0.0070265271003098
2025,0,persistence_subset,A-persistence,0.1198619380700808,0.0961461345800707,0.1443324681696853,0.1198619380700808,0.0961461345800707,0.1443324681696853
2025,0,persistence_subset,B-persistence,0.1082252013029596,0.0831844469718697,0.1331458944810614,0.1082252013029596,0.0831844469718697,0.1331458944810614
2025,0,persistence_subset,C-persistence,0.1082252013029596,0.0831844469718697,0.1331458944810614,0.1082252013029596,0.0831844469718697,0.1331458944810614
2025,0,persistence_subset,D-persistence,0.1137975241826967,0.0924745768934762,0.1349144844978735,0.1137975241826967,0.0924745768934762,0.1349144844978735
2025,0,persistence_subset,A-always_crisis,0.0016682227082823,-0.0011920003336218,0.0041594858796985,0.0016682227082823,-0.0011920003336218,0.0041594858796985
2025,0,persistence_subset,B-always_crisis,-0.0099685140588388,-0.0163431621507646,-0.004122558200228,-0.0099685140588388,-0.0163431621507646,-0.004122558200228
2025,0,persistence_subset,C-always_crisis,-0.0099685140588388,-0.0163431621507646,-0.004122558200228,-0.0099685140588388,-0.0163431621507646,-0.004122558200228
2025,0,persistence_subset,D-always_crisis,-0.0043961911791017,-0.0161151036580772,0.0071197672712014,-0.0043961911791017,-0.0161151036580772,0.0071197672712014
2025,3,primary,B-A,-0.0101129154298352,-0.0312186506063574,0.0099448067106464,-0.0175128128181139,-0.0388681457533955,0.0005822054422349
2025,3,primary,C-B,0.0,-0.0149701491086988,0.0152119224090657,0.0073509244322018,-0.0049637431458003,0.0237211854593143
2025,3,primary,D-C,-0.0489138287379934,-0.0973042227899247,-0.0068296491303009,-0.0387519403520814,-0.0862058723252909,0.00018865195898
2025,3,primary,A-always_crisis,-0.0250703412452203,-0.0490894440679874,-0.0051350233307224,-0.0351832566750556,-0.0624973193551746,-0.010610216388137
2025,3,primary,B-always_crisis,-0.0351832566750556,-0.0627178859354189,-0.010755021671974,-0.0526960694931695,-0.0860346409926822,-0.0224335282640186
2025,3,primary,C-always_crisis,-0.0351832566750556,-0.0618837804570675,-0.0104375163086192,-0.0453451450609676,-0.0766484391590571,-0.0194047949728058
2025,3,primary,D-always_crisis,-0.084097085413049,-0.1367855387726649,-0.0329196517359533,-0.084097085413049,-0.1367855387726649,-0.0329196517359533
2025,3,persistence_subset,A-persistence,0.1664429172186313,0.0990649301609931,0.23840076147984,0.1562257693644555,0.0904396579402042,0.2297403947859588
2025,3,persistence_subset,B-persistence,0.1562257693644555,0.0896387985022488,0.2299077730208733,0.1385423034051275,0.0693325032737137,0.2120696649301771
2025,3,persistence_subset,C-persistence,0.1562257693644555,0.0910082764450164,0.2280570989722936,0.1459585987545676,0.0812854483355741,0.2162151298364632
2025,3,persistence_subset,D-persistence,0.1069439108720706,0.0552404256314005,0.163376009710625,0.1069439108720706,0.0552404256314005,0.163376009710625
2025,3,persistence_subset,A-always_crisis,-0.0253264046385292,-0.0499013379785294,-0.0052331923103597,-0.035543552492705,-0.0628352221698267,-0.0106554350894273
2025,3,persistence_subset,B-always_crisis,-0.035543552492705,-0.0633880491813366,-0.0109239185846814,-0.053227018452033,-0.0866652947972177,-0.0226726526468305
2025,3,persistence_subset,C-always_crisis,-0.035543552492705,-0.0623429012369259,-0.0106058435258643,-0.0458107231025929,-0.0777193898602375,-0.0196221624009868
2025,3,persistence_subset,D-always_crisis,-0.0848254109850898,-0.1378993066332498,-0.0330779615034099,-0.0848254109850898,-0.1378993066332498,-0.0330779615034099
2025,6,primary,B-A,0.0192270076107832,-0.001151601754825,0.0441763849260844,0.0100503103253714,-0.0084465455213647,0.0318839519805985
2025,6,primary,C-B,-0.004969475329578,-0.0222847885363007,0.008249415749286,-0.0019741731698253,-0.0151070134887806,0.0072283351549292
2025,6,primary,D-C,0.0052609364165335,-0.0180972687641133,0.0282891640204731,0.0063070316693505,-0.0145423771961896,0.025478539627896
2025,6,primary,A-always_crisis,-0.0111174709404719,-0.0366861450482175,0.0101512328138629,-0.0070275097726306,-0.029039059573473,0.0114800078343397
2025,6,primary,B-always_crisis,0.0081095366703112,0.0029793482276896,0.0142975455232748,0.0030228005527407,0.0,0.0071220316494679
2025,6,primary,C-always_crisis,0.0031400613407331,-0.0141273628491006,0.0176559616194435,0.0010486273829153,-0.0116911655513252,0.0099648953543358
2025,6,primary,D-always_crisis,0.0084009977572667,-0.0104539077953419,0.0240643338263912,0.0073556590522658,-0.0108263240931951,0.0223147501560923
2025,6,persistence_subset,A-persistence,0.1828174734041567,0.1103965550380849,0.2615644850028657,0.1869737493808816,0.1166257172324392,0.261263035762626
2025,6,persistence_subset,B-persistence,0.2023489031324191,0.1314843040338348,0.2799237061830409,0.1971611984436362,0.1249332791215724,0.2738867699487003
2025,6,persistence_subset,C-persistence,0.1973128726232306,0.128490236290783,0.2760523318847829,0.1951637575708897,0.1245108863329489,0.271211069105308
2025,6,persistence_subset,D-persistence,0.2026970198211332,0.1337967178350405,0.2771589750625017,0.201630365796292,0.1322614560269973,0.2768621148931453
2025,6,persistence_subset,A-always_crisis,-0.0112614322901637,-0.0377879080125803,0.0103201732571383,-0.0071051563134388,-0.0296669071391012,0.0117658019073293
2025,6,persistence_subset,B-always_crisis,0.0082699974380986,0.0030435979442589,0.0145801975940146,0.0030822927493157,0.0,0.0072287260175066
2025,6,persistence_subset,C-always_crisis,0.00323396692891,-0.0144143253683889,0.01782670350102,0.0010848518765692,-0.0120719293923305,0.0101073609581666
2025,6,persistence_subset,D-always_crisis,0.0086181141268126,-0.0105903716005598,0.0245418748505202,0.0075514601019714,-0.0110954395231963,0.0226461969297171
2025,12,primary,B-A,0.011851834410599,-0.0125279570436609,0.0351298151454389,0.011851834410599,-0.0125279570436609,0.0351298151454389
2025,12,primary,C-B,0.0348523516627856,0.0153409428863517,0.0548979373243294,0.0348523516627856,0.0153409428863517,0.0548979373243294
2025,12,primary,D-C,-0.0335294944055192,-0.0541142799739344,-0.0135160304844561,-0.0335294944055192,-0.0541142799739344,-0.0135160304844561
2025,12,primary,A-always_crisis,-0.0667985320564117,-0.0872426473394497,-0.0475566600370475,-0.0667985320564117,-0.0872426473394497,-0.0475566600370475
2025,12,primary,B-always_crisis,-0.0549466976458127,-0.0730326515677038,-0.0377588624535714,-0.0549466976458127,-0.0730326515677038,-0.0377588624535714
2025,12,primary,C-always_crisis,-0.020094345983027,-0.0318174704511789,-0.0084458751269564,-0.020094345983027,-0.0318174704511789,-0.0084458751269564
2025,12,primary,D-always_crisis,-0.0536238403885462,-0.0740501379106525,-0.0343238951817731,-0.0536238403885462,-0.0740501379106525,-0.0343238951817731
2025,12,persistence_subset,A-persistence,0.0522038169692429,0.0111634850826106,0.0914863509894833,0.0522038169692429,0.0111634850826106,0.0914863509894833
2025,12,persistence_subset,B-persistence,0.0647133607812466,0.0254489160178957,0.1029550839477963,0.0647133607812466,0.0254489160178957,0.1029550839477963
2025,12,persistence_subset,C-persistence,0.0998002093711502,0.0622473964055508,0.1358624310055184,0.0998002093711502,0.0622473964055508,0.1358624310055184
2025,12,persistence_subset,D-persistence,0.0661032003590134,0.02951472849397,0.102789785538437,0.0661032003590134,0.02951472849397,0.102789785538437
2025,12,persistence_subset,A-always_crisis,-0.0682028822360882,-0.0886377685322721,-0.0478630772401907,-0.0682028822360882,-0.0886377685322721,-0.0478630772401907
2025,12,persistence_subset,B-always_crisis,-0.0556933384240845,-0.0744378783195925,-0.0377910931765365,-0.0556933384240845,-0.0744378783195925,-0.0377910931765365
2025,12,persistence_subset,C-always_crisis,-0.020606489834181,-0.0332732909323975,-0.0088797078797006,-0.020606489834181,-0.0332732909323975,-0.0088797078797006
2025,12,persistence_subset,D-always_crisis,-0.0543034988463178,-0.0752264702904293,-0.0342140477020732,-0.0543034988463178,-0.0752264702904293,-0.0342140477020732
2026,0,primary,B-A,0.0,0.0,0.0,0.0,0.0,0.0
2026,0,primary,C-B,0.0,0.0,0.0,0.0,0.0,0.0
2026,0,primary,D-C,-0.0155533877035869,-0.0305603417732247,-0.0019014556942331,-0.0155533877035869,-0.0305603417732247,-0.0019014556942331
2026,0,primary,A-always_crisis,0.0,0.0,0.0,0.0,0.0,0.0
2026,0,primary,B-always_crisis,0.0,0.0,0.0,0.0,0.0,0.0
2026,0,primary,C-always_crisis,0.0,0.0,0.0,0.0,0.0,0.0
2026,0,primary,D-always_crisis,-0.0155533877035869,-0.0305603417732247,-0.0019014556942331,-0.0155533877035869,-0.0305603417732247,-0.0019014556942331
2026,0,persistence_subset,A-persistence,0.0532795105806839,0.0254878270102811,0.0824773235856126,0.0532795105806839,0.0254878270102811,0.0824773235856126
2026,0,persistence_subset,B-persistence,0.0532795105806839,0.0254878270102811,0.0824773235856126,0.0532795105806839,0.0254878270102811,0.0824773235856126
2026,0,persistence_subset,C-persistence,0.0532795105806839,0.0254878270102811,0.0824773235856126,0.0532795105806839,0.0254878270102811,0.0824773235856126
2026,0,persistence_subset,D-persistence,0.0377261228770969,0.0138925224689926,0.063672772187116,0.0377261228770969,0.0138925224689926,0.063672772187116
2026,0,persistence_subset,A-always_crisis,0.0,0.0,0.0,0.0,0.0,0.0
2026,0,persistence_subset,B-always_crisis,0.0,0.0,0.0,0.0,0.0,0.0
2026,0,persistence_subset,C-always_crisis,0.0,0.0,0.0,0.0,0.0,0.0
2026,0,persistence_subset,D-always_crisis,-0.0155533877035869,-0.0305603417732247,-0.0019014556942331,-0.0155533877035869,-0.0305603417732247,-0.0019014556942331
2026,12,primary,B-A,0.0876938576138722,0.0295209520152264,0.1541915312302354,0.0876938576138722,0.0295209520152264,0.1541915312302354
2026,12,primary,C-B,-0.0326023391812866,-0.071554963556042,-0.0028353625541125,-0.0326023391812866,-0.071554963556042,-0.0028353625541125
2026,12,primary,D-C,-0.0260624679979518,-0.0812072487912149,0.0288702593590601,-0.0260624679979518,-0.0812072487912149,0.0288702593590601
2026,12,primary,A-always_crisis,-0.0876938576138722,-0.1541915312302355,-0.0295209520152265,-0.0876938576138722,-0.1541915312302355,-0.0295209520152265
2026,12,primary,B-always_crisis,0.0,0.0,0.0,0.0,0.0,0.0
2026,12,primary,C-always_crisis,-0.0326023391812866,-0.071554963556042,-0.0028353625541125,-0.0326023391812866,-0.071554963556042,-0.0028353625541125
2026,12,primary,D-always_crisis,-0.0586648071792385,-0.1176418779549157,-0.0066428440535093,-0.0586648071792385,-0.1176418779549157,-0.0066428440535093
2026,12,persistence_subset,A-persistence,0.1903844615261528,0.0721437608021009,0.3159010401536726,0.1903844615261528,0.0721437608021009,0.3159010401536726
2026,12,persistence_subset,B-persistence,0.2780783191400251,0.1759446664498321,0.3862565007907519,0.2780783191400251,0.1759446664498321,0.3862565007907519
2026,12,persistence_subset,C-persistence,0.2454759799587385,0.1305784534423687,0.3544360729076753,0.2454759799587385,0.1305784534423687,0.3544360729076753
2026,12,persistence_subset,D-persistence,0.2194135119607866,0.1220893797437417,0.3199850597109562,0.2194135119607866,0.1220893797437417,0.3199850597109562
2026,12,persistence_subset,A-always_crisis,-0.0876938576138722,-0.1541915312302355,-0.0295209520152265,-0.0876938576138722,-0.1541915312302355,-0.0295209520152265
2026,12,persistence_subset,B-always_crisis,0.0,0.0,0.0,0.0,0.0,0.0
2026,12,persistence_subset,C-always_crisis,-0.0326023391812866,-0.071554963556042,-0.0028353625541125,-0.0326023391812866,-0.071554963556042,-0.0028353625541125
2026,12,persistence_subset,D-always_crisis,-0.0586648071792385,-0.1176418779549157,-0.0066428440535093,-0.0586648071792385,-0.1176418779549157,-0.0066428440535093
