test_year,horizon,arm,method,n,f2,precision,recall,f1,accuracy,macro_f1,p4plus_recall,pred_p3_share,r2_q3
2025,0,A,canonical_0.2,1876,0.8546135512427647,0.5438786565547129,0.997020854021847,0.7038205397826849,0.4968017057569296,0.17667828893892382,0.0,0.9818763326226013,-0.3825627792629469
2025,0,A,val_global_th_f2,1876,0.8528116531165312,0.5367803837953091,1.0,0.6985778702740201,0.46588486140724944,0.17206372652458324,0.045454545454545456,0.9536247334754797,-0.3825627792629469
2025,0,A,val_global_th_macro_f1,1876,0.3594420600858369,0.5300632911392406,0.3326713008937438,0.40878584502745574,0.45149253731343286,0.24330391946161659,0.0,0.3368869936034115,-0.3825627792629469
2025,0,A,val_isotonic_calib_0.2,1876,0.7528357116721551,0.5723226703755215,0.817279046673287,0.6732106339468302,0.5154584221748401,0.24556962319935416,0.0,0.7665245202558635,0.014048907669922839
2025,0,A,val_isotonic_then_perphase_macro_f1,1876,0.23744603499204725,0.5603217158176944,0.20754716981132076,0.30289855072463767,0.4450959488272921,0.28438069538164135,0.0,0.19562899786780383,0.014048907669922839
2025,0,A,val_perphase_th_accuracy,1876,0.4110312764158918,0.5525568181818182,0.38629592850049654,0.4547048509643483,0.4157782515991471,0.18633465690709056,0.06818181818181818,0.2878464818763326,-0.3825627792629469
2025,0,A,val_perphase_th_macro_f1,1876,0.4110312764158918,0.5525568181818182,0.38629592850049654,0.4547048509643483,0.40458422174840086,0.2351620387094421,0.06818181818181818,0.285181236673774,-0.3825627792629469
2025,0,A,val_shift_calib_0.2,1876,0.730804810360777,0.5737109658678287,0.7845084409136047,0.662751677852349,0.5138592750533049,0.2494493040480143,0.0,0.7340085287846482,-0.0021301433307232553
2025,0,B,canonical_0.2,1876,0.843147294760198,0.539595849262698,0.9811320754716981,0.6962649753347427,0.48880597014925375,0.17636801428861026,0.0,0.9722814498933902,-0.1967682539367015
2025,0,B,val_global_th_f2,1876,0.8528116531165312,0.5367803837953091,1.0,0.6985778702740201,0.4429637526652452,0.18133611849601214,0.14772727272727273,0.9136460554371002,-0.1967682539367015
2025,0,B,val_global_th_macro_f1,1876,0.0392156862745098,0.6153846153846154,0.031777557100297914,0.06043437204910293,0.43176972281449894,0.24465124026650178,0.0,0.02771855010660981,-0.1967682539367015
2025,0,B,val_isotonic_calib_0.2,1876,0.4437808896210873,0.5205314009661836,0.42800397219463754,0.46975476839237057,0.4546908315565032,0.23464068990258108,0.0,0.44136460554371004,-0.027270284034997427
2025,0,B,val_isotonic_then_perphase_macro_f1,1876,0.34863577306193155,0.5457627118644067,0.31976166832174774,0.4032561051972448,0.4184434968017058,0.27743277778370173,0.0,0.30970149253731344,-0.027270284034997427
2025,0,B,val_perphase_th_accuracy,1876,0.4359616186900292,0.5456919060052219,0.41509433962264153,0.4715172024816695,0.2990405117270789,0.18810819488789074,0.18181818181818182,0.08955223880597014,-0.1967682539367015
2025,0,B,val_perphase_th_macro_f1,1876,0.29359430604982206,0.5641025641025641,0.26216484607745777,0.3579661016949153,0.4429637526652452,0.2433092713737875,0.022727272727272728,0.23720682302771856,-0.1967682539367015
2025,0,B,val_shift_calib_0.2,1876,0.446611909650924,0.5166270783847982,0.43197616683217477,0.4705246078961601,0.4504264392324094,0.2326435960603101,0.0,0.44776119402985076,-0.06902905666807224
2025,0,C,canonical_0.2,1876,0.843147294760198,0.539595849262698,0.9811320754716981,0.6962649753347427,0.48880597014925375,0.17636801428861026,0.0,0.9722814498933902,-0.1967682539367015
2025,0,C,val_global_th_f2,1876,0.8528116531165312,0.5367803837953091,1.0,0.6985778702740201,0.4429637526652452,0.18133611849601214,0.14772727272727273,0.9136460554371002,-0.1967682539367015
2025,0,C,val_global_th_macro_f1,1876,0.0392156862745098,0.6153846153846154,0.031777557100297914,0.06043437204910293,0.43176972281449894,0.24465124026650178,0.0,0.02771855010660981,-0.1967682539367015
2025,0,C,val_isotonic_calib_0.2,1876,0.4437808896210873,0.5205314009661836,0.42800397219463754,0.46975476839237057,0.4546908315565032,0.23464068990258108,0.0,0.44136460554371004,-0.027270284034997427
2025,0,C,val_isotonic_then_perphase_macro_f1,1876,0.34863577306193155,0.5457627118644067,0.31976166832174774,0.4032561051972448,0.4184434968017058,0.27743277778370173,0.0,0.30970149253731344,-0.027270284034997427
2025,0,C,val_perphase_th_accuracy,1876,0.4359616186900292,0.5456919060052219,0.41509433962264153,0.4715172024816695,0.2990405117270789,0.18810819488789074,0.18181818181818182,0.08955223880597014,-0.1967682539367015
2025,0,C,val_perphase_th_macro_f1,1876,0.29359430604982206,0.5641025641025641,0.26216484607745777,0.3579661016949153,0.4429637526652452,0.2433092713737875,0.022727272727272728,0.23720682302771856,-0.1967682539367015
2025,0,C,val_shift_calib_0.2,1876,0.446611909650924,0.5166270783847982,0.43197616683217477,0.4705246078961601,0.4504264392324094,0.2326435960603101,0.0,0.44776119402985076,-0.06902905666807224
2025,0,D,canonical_0.2,1876,0.848349687778769,0.6030437539632213,0.9443892750744787,0.7360681114551083,0.5751599147121536,0.2824376297374076,0.022727272727272728,0.7985074626865671,-0.3252402478155476
2025,0,D,val_global_th_f2,1876,0.857972996069048,0.5507405375754251,0.997020854021847,0.7095406360424028,0.3486140724946695,0.18284295117660587,0.2727272727272727,0.6226012793176973,-0.3252402478155476
2025,0,D,val_global_th_macro_f1,1876,0.7584905660377359,0.6320754716981132,0.7984111221449851,0.7055726195699868,0.6060767590618337,0.3061819177973088,0.0,0.6716417910447762,-0.3252402478155476
2025,0,D,val_isotonic_calib_0.2,1876,0.8523028057173108,0.5893837705918242,0.9592850049652433,0.7301587301587301,0.5788912579957356,0.2604171286422152,0.0,0.8731343283582089,0.10076119830925678
2025,0,D,val_isotonic_then_perphase_macro_f1,1876,0.4129032258064516,0.617363344051447,0.381330685203575,0.4714548802946593,0.4557569296375267,0.24808902676751124,0.06818181818181818,0.23720682302771856,0.10076119830925678
2025,0,D,val_perphase_th_accuracy,1876,0.45029736618521665,0.6235294117647059,0.42105263157894735,0.5026674570243035,0.5154584221748401,0.2653385533403961,0.0,0.3603411513859275,-0.3252402478155476
2025,0,D,val_perphase_th_macro_f1,1876,0.6597696662112044,0.617351598173516,0.6713008937437934,0.6431969552806851,0.5085287846481876,0.2910869886783519,0.09090909090909091,0.458955223880597,-0.3252402478155476
2025,0,D,val_shift_calib_0.2,1876,0.6966660242821353,0.6227390180878553,0.717974180734856,0.6669741697416974,0.5847547974413646,0.2993036849300781,0.0,0.6092750533049041,-0.018712548471912394
2025,3,A,canonical_0.2,275,0.8031400966183575,0.4962686567164179,0.95,0.6519607843137255,0.4618181818181818,0.16075949367088607,0.0,0.9745454545454545,-0.7462403116026786
2025,3,A,val_global_th_f2,275,0.8383233532934131,0.509090909090909,1.0,0.6746987951807228,0.08,0.04684236961061619,0.5384615384615384,0.19636363636363635,-0.7462403116026786
2025,3,A,val_global_th_macro_f1,275,0.22727272727272727,0.3717948717948718,0.20714285714285716,0.26605504587155965,0.39636363636363636,0.19457071660499886,0.0,0.28363636363636363,-0.7462403116026786
2025,3,A,val_isotonic_calib_0.2,275,0.7098765432098766,0.46,0.8214285714285714,0.5897435897435898,0.4036363636363636,0.14721485411140584,0.0,0.9090909090909091,-0.08816680027750379
2025,3,A,val_isotonic_then_perphase_macro_f1,275,0.35346097201767307,0.40336134453781514,0.34285714285714286,0.37065637065637064,0.36,0.2271238810872957,0.0,0.43272727272727274,-0.08816680027750379
2025,3,A,val_perphase_th_accuracy,275,0.36418816388467373,0.48484848484848486,0.34285714285714286,0.401673640167364,0.3781818181818182,0.15437287247970674,0.07692307692307693,0.2690909090909091,-0.7462403116026786
2025,3,A,val_perphase_th_macro_f1,275,0.47652916073968704,0.46853146853146854,0.4785714285714286,0.4734982332155477,0.33090909090909093,0.18615344872126066,0.07692307692307693,0.4290909090909091,-0.7462403116026786
2025,3,A,val_shift_calib_0.2,275,0.5248990578734859,0.4262295081967213,0.5571428571428572,0.48297213622291024,0.37454545454545457,0.1846041055718475,0.0,0.6654545454545454,-0.3052790559819023
2025,3,B,canonical_0.2,275,0.7856272838002436,0.4942528735632184,0.9214285714285714,0.6433915211970075,0.4618181818181818,0.1728670452031561,0.0,0.9272727272727272,-0.5797303369488407
2025,3,B,val_global_th_f2,275,0.8383233532934131,0.509090909090909,1.0,0.6746987951807228,0.025454545454545455,0.014893617021276595,0.5384615384615384,0.02181818181818182,-0.5797303369488407
2025,3,B,val_global_th_macro_f1,275,0.5255474452554745,0.576,0.5142857142857142,0.5433962264150943,0.5309090909090909,0.27557953637090327,0.0,0.45454545454545453,-0.5797303369488407
2025,3,B,val_isotonic_calib_0.2,275,0.7744733581164808,0.5060728744939271,0.8928571428571429,0.6459948320413437,0.48727272727272725,0.20156314273961334,0.0,0.8981818181818182,-0.07272189574334464
2025,3,B,val_isotonic_then_perphase_macro_f1,275,0.43872919818456885,0.5742574257425742,0.4142857142857143,0.48132780082987553,0.4581818181818182,0.26604344437151295,0.0,0.3381818181818182,-0.07272189574334464
2025,3,B,val_perphase_th_accuracy,275,0.44395924308588064,0.48031496062992124,0.4357142857142857,0.45692883895131087,0.2727272727272727,0.12334249084249085,0.0,0.12,-0.5797303369488407
2025,3,B,val_perphase_th_macro_f1,275,0.5997304582210242,0.489010989010989,0.6357142857142857,0.5527950310559007,0.26181818181818184,0.15653846153846157,0.0,0.29454545454545455,-0.5797303369488407
2025,3,B,val_shift_calib_0.2,275,0.7217847769028871,0.5445544554455446,0.7857142857142857,0.6432748538011696,0.5272727272727272,0.25714134494699753,0.0,0.7345454545454545,-0.19457043143827346
2025,3,C,canonical_0.2,275,0.7929782082324455,0.4924812030075188,0.9357142857142857,0.645320197044335,0.4618181818181818,0.16157760814249364,0.0,0.9672727272727273,-0.6410952869797002
2025,3,C,val_global_th_f2,275,0.8383233532934131,0.509090909090909,1.0,0.6746987951807228,0.01818181818181818,0.007326007326007326,0.38461538461538464,0.03272727272727273,-0.6410952869797002
2025,3,C,val_global_th_macro_f1,275,0.15993265993265993,0.5588235294117647,0.1357142857142857,0.21839080459770116,0.4763636363636364,0.21159476703843486,0.0,0.12363636363636364,-0.6410952869797002
2025,3,C,val_isotonic_calib_0.2,275,0.793939393939394,0.49433962264150944,0.9357142857142857,0.6469135802469136,0.46545454545454545,0.16561298432416444,0.0,0.9636363636363636,-0.08200114030733907
2025,3,C,val_isotonic_then_perphase_macro_f1,275,0.11965811965811966,0.56,0.1,0.1696969696969697,0.4254545454545455,0.21852954975787128,0.0,0.09090909090909091,-0.08200114030733907
2025,3,C,val_perphase_th_accuracy,275,0.15993265993265993,0.5588235294117647,0.1357142857142857,0.21839080459770116,0.48,0.21212274234543588,0.0,0.12363636363636364,-0.6410952869797002
2025,3,C,val_perphase_th_macro_f1,275,0.4689863842662632,0.6138613861386139,0.44285714285714284,0.5145228215767634,0.4909090909090909,0.2808302842668168,0.0,0.36727272727272725,-0.6410952869797002
2025,3,C,val_shift_calib_0.2,275,0.7467532467532467,0.5476190476190477,0.8214285714285714,0.6571428571428571,0.5309090909090909,0.25425500837932996,0.0,0.7636363636363637,-0.1318250864211945
2025,3,D,canonical_0.2,275,0.7542262678803641,0.5550239234449761,0.8285714285714286,0.664756446991404,0.5563636363636364,0.2733817956847885,0.0,0.7563636363636363,-0.3020780588989198
2025,3,D,val_global_th_f2,275,0.8495145631067961,0.5303030303030303,1.0,0.693069306930693,0.31636363636363635,0.18170412758381926,0.07692307692307693,0.5236363636363637,-0.3020780588989198
2025,3,D,val_global_th_macro_f1,275,0.6784260515603799,0.5649717514124294,0.7142857142857143,0.6309148264984227,0.509090909090909,0.25977575982209045,0.0,0.6436363636363637,-0.3020780588989198
2025,3,D,val_isotonic_calib_0.2,275,0.8228643216080402,0.5550847457627118,0.9357142857142857,0.6968085106382979,0.5490909090909091,0.2564870259481038,0.0,0.8581818181818182,0.07380430107474101
2025,3,D,val_isotonic_then_perphase_macro_f1,275,0.6276150627615062,0.5732484076433121,0.6428571428571429,0.6060606060606061,0.49818181818181817,0.2600797920570634,0.0,0.5709090909090909,0.07380430107474101
2025,3,D,val_perphase_th_accuracy,275,0.5354558610709117,0.5648854961832062,0.5285714285714286,0.5461254612546126,0.48,0.2553724821166682,0.0,0.4763636363636364,-0.3020780588989198
2025,3,D,val_perphase_th_macro_f1,275,0.6284916201117319,0.5769230769230769,0.6428571428571429,0.6081081081081081,0.49818181818181817,0.2621947496947497,0.0,0.5563636363636364,-0.3020780588989198
2025,3,D,val_shift_calib_0.2,275,0.7028112449799196,0.5614973262032086,0.75,0.6422018348623854,0.56,0.28206829440905873,0.0,0.68,-0.10041425261627035
2025,6,A,canonical_0.2,275,0.8312958435207825,0.5271317829457365,0.9714285714285714,0.6834170854271356,0.49454545454545457,0.2045678459471563,0.0,0.9381818181818182,-0.10833612125312198
2025,6,A,val_global_th_f2,275,0.8383233532934131,0.509090909090909,1.0,0.6746987951807228,0.4727272727272727,0.28859804791481813,0.46153846153846156,0.9636363636363636,-0.10833612125312198
2025,6,A,val_global_th_macro_f1,275,0.15358361774744028,0.6923076923076923,0.12857142857142856,0.21686746987951808,0.45454545454545453,0.20580155138978667,0.0,0.09454545454545454,-0.10833612125312198
2025,6,A,val_isotonic_calib_0.2,275,0.8281053952321205,0.5569620253164557,0.9428571428571428,0.7002652519893899,0.5418181818181819,0.253822984244671,0.0,0.8618181818181818,0.09415405420117295
2025,6,A,val_isotonic_then_perphase_macro_f1,275,0.8145695364238411,0.6307692307692307,0.8785714285714286,0.7343283582089553,0.5818181818181818,0.29643559411966663,0.0,0.7090909090909091,0.09415405420117295
2025,6,A,val_perphase_th_accuracy,275,0.008896797153024912,0.5,0.007142857142857143,0.014084507042253521,0.46545454545454545,0.16223008370546502,0.0,0.007272727272727273,-0.10833612125312198
2025,6,A,val_perphase_th_macro_f1,275,0.33225283630470015,0.7192982456140351,0.29285714285714287,0.41624365482233505,0.46545454545454545,0.24374915870238256,0.0,0.20727272727272728,-0.10833612125312198
2025,6,A,val_shift_calib_0.2,275,0.5538694992412747,0.7373737373737373,0.5214285714285715,0.6108786610878661,0.6072727272727273,0.3115684676292501,0.0,0.36,0.07923485311523415
2025,6,B,canonical_0.2,275,0.8413461538461539,0.5147058823529411,1.0,0.6796116504854369,0.4727272727272727,0.17059825135357476,0.0,0.9890909090909091,-0.26744693750190685
2025,6,B,val_global_th_f2,275,0.8383233532934131,0.509090909090909,1.0,0.6746987951807228,0.05454545454545454,0.029833006477684675,0.8461538461538461,0.05454545454545454,-0.26744693750190685
2025,6,B,val_global_th_macro_f1,275,0.625,0.7083333333333334,0.6071428571428571,0.6538461538461539,0.6436363636363637,0.3349341028512361,0.0,0.43636363636363634,-0.26744693750190685
2025,6,B,val_isotonic_calib_0.2,275,0.8229426433915212,0.5454545454545454,0.9428571428571428,0.6910994764397905,0.5127272727272727,0.2295695938325843,0.0,0.88,0.08087057452726587
2025,6,B,val_isotonic_then_perphase_macro_f1,275,0.7992073976221928,0.6142131979695431,0.8642857142857143,0.7181008902077152,0.5563636363636364,0.3509542382091402,0.0,0.7163636363636363,0.08087057452726587
2025,6,B,val_perphase_th_accuracy,275,0.7963446475195822,0.5922330097087378,0.8714285714285714,0.7052023121387283,0.5709090909090909,0.28341793570219964,0.0,0.7490909090909091,-0.26744693750190685
2025,6,B,val_perphase_th_macro_f1,275,0.45741324921135645,0.7837837837837838,0.4142857142857143,0.5420560747663551,0.5345454545454545,0.3386583013448685,0.0,0.2690909090909091,-0.26744693750190685
2025,6,B,val_shift_calib_0.2,275,0.693069306930693,0.6666666666666666,0.7,0.6829268292682927,0.6363636363636364,0.3296076642335767,0.0,0.5345454545454545,0.1194658670004558
2025,6,C,canonical_0.2,275,0.8393719806763285,0.5186567164179104,0.9928571428571429,0.6813725490196079,0.48,0.18171589310829817,0.0,0.9745454545454545,-0.2902568746646894
2025,6,C,val_global_th_f2,275,0.8383233532934131,0.509090909090909,1.0,0.6746987951807228,0.45454545454545453,0.15625,0.0,0.9927272727272727,-0.2902568746646894
2025,6,C,val_global_th_macro_f1,275,0.7744565217391305,0.6477272727272727,0.8142857142857143,0.7215189873417721,0.6327272727272727,0.3252497055872988,0.0,0.64,-0.2902568746646894
2025,6,C,val_isotonic_calib_0.2,275,0.8414634146341463,0.5307692307692308,0.9857142857142858,0.69,0.5018181818181818,0.20695325346488136,0.0,0.9454545454545454,0.035835308055302106
2025,6,C,val_isotonic_then_perphase_macro_f1,275,0.7506887052341598,0.6566265060240963,0.7785714285714286,0.7124183006535948,0.610909090909091,0.31800712271850423,0.0,0.6036363636363636,0.035835308055302106
2025,6,C,val_perphase_th_accuracy,275,0.8393719806763285,0.5186567164179104,0.9928571428571429,0.6813725490196079,0.48,0.18171589310829817,0.0,0.9745454545454545,-0.2902568746646894
2025,6,C,val_perphase_th_macro_f1,275,0.25125628140703515,0.8108108108108109,0.21428571428571427,0.3389830508474576,0.41818181818181815,0.2638325317171958,0.0,0.13090909090909092,-0.2902568746646894
2025,6,C,val_shift_calib_0.2,275,0.7021276595744681,0.6827586206896552,0.7071428571428572,0.6947368421052632,0.6327272727272727,0.3280323757409941,0.0,0.5272727272727272,0.07879846037731886
2025,6,D,canonical_0.2,275,0.845679012345679,0.548,0.9785714285714285,0.7025641025641025,0.5309090909090909,0.2353023516237402,0.0,0.9054545454545454,-0.2382995337748286
2025,6,D,val_global_th_f2,275,0.8393285371702638,0.5109489051094891,1.0,0.6763285024154589,0.23272727272727273,0.11617382738385645,0.07692307692307693,0.5781818181818181,-0.2382995337748286
2025,6,D,val_global_th_macro_f1,275,0.6031976744186046,0.6484375,0.5928571428571429,0.6194029850746269,0.5563636363636364,0.2915032679738562,0.0,0.46545454545454545,-0.2382995337748286
2025,6,D,val_isotonic_calib_0.2,275,0.8467243510506799,0.5502008032128514,0.9785714285714285,0.7043701799485861,0.5418181818181819,0.24222851616468638,0.0,0.9054545454545454,0.05970984186138095
2025,6,D,val_isotonic_then_perphase_macro_f1,275,0.8395989974937343,0.5630252100840336,0.9571428571428572,0.708994708994709,0.49818181818181817,0.21918396296849338,0.0,0.8545454545454545,0.05970984186138095
2025,6,D,val_perphase_th_accuracy,275,0.7929226736566186,0.5960591133004927,0.8642857142857143,0.7055393586005831,0.5854545454545454,0.23614634146341462,0.0,0.730909090909091,-0.2382995337748286
2025,6,D,val_perphase_th_macro_f1,275,0.7929226736566186,0.5960591133004927,0.8642857142857143,0.7055393586005831,0.5272727272727272,0.22650273224043715,0.0,0.7272727272727273,-0.2382995337748286
2025,6,D,val_shift_calib_0.2,275,0.7308743169398907,0.622093023255814,0.7642857142857142,0.6858974358974359,0.5890909090909091,0.3028999985521725,0.0,0.6254545454545455,0.0988619397543995
2025,12,A,canonical_0.2,1100,0.760904170646291,0.4852791878172589,0.8868274582560297,0.6272965879265092,0.41909090909090907,0.1812473621506686,0.0,0.8954545454545455,-0.20530824502119627
2025,12,A,val_global_th_f2,1100,0.8279569892473119,0.49044585987261147,1.0,0.6581196581196581,0.4209090909090909,0.19252020414451093,0.1232876712328767,0.9727272727272728,-0.20530824502119627
2025,12,A,val_global_th_macro_f1,1100,0.059144676979071886,0.6190476190476191,0.04823747680890538,0.08950086058519793,0.4627272727272727,0.20644550216636662,0.0,0.038181818181818185,-0.20530824502119627
2025,12,A,val_isotonic_calib_0.2,1100,0.7087126137841352,0.47391304347826085,0.8089053803339518,0.5976696367374914,0.42454545454545456,0.19491799280531674,0.0,0.8363636363636363,-0.14434028200112148
2025,12,A,val_isotonic_then_perphase_macro_f1,1100,0.02534562211981567,0.7857142857142857,0.02040816326530612,0.039783001808318265,0.4809090909090909,0.19408382596971582,0.0,0.012727272727272728,-0.14434028200112148
2025,12,A,val_perphase_th_accuracy,1100,0.6613324624428478,0.4470198675496689,0.75139146567718,0.5605536332179931,0.37727272727272726,0.14426028238182936,0.0273972602739726,0.7381818181818182,-0.20530824502119627
2025,12,A,val_perphase_th_macro_f1,1100,0.231980115990058,0.43410852713178294,0.2077922077922078,0.2810539523212045,0.3927272727272727,0.17512084192712465,0.0273972602739726,0.14909090909090908,-0.20530824502119627
2025,12,A,val_shift_calib_0.2,1100,0.5519031141868512,0.43460490463215257,0.5918367346938775,0.5011783189316575,0.3990909090909091,0.20313244047619047,0.0,0.6672727272727272,-0.2777554138247582
2025,12,B,canonical_0.2,1100,0.77275600505689,0.4851190476190476,0.9072356215213359,0.632191338073691,0.4163636363636364,0.17377060468085012,0.0,0.9136363636363637,-0.13588669099887762
2025,12,B,val_global_th_f2,1100,0.8277027027027027,0.49,1.0,0.6577181208053692,0.24454545454545454,0.13668265813788202,0.3698630136986301,0.5509090909090909,-0.13588669099887762
2025,12,B,val_global_th_macro_f1,1100,0.009259259259259259,1.0,0.0074211502782931356,0.014732965009208104,0.4636363636363636,0.2409182527944858,0.0,0.0036363636363636364,-0.13588669099887762
2025,12,B,val_isotonic_calib_0.2,1100,0.6614276358873609,0.44988864142538976,0.7495361781076066,0.5622825330549757,0.41363636363636364,0.18767727513100332,0.0,0.8163636363636364,-0.19902482213247663
2025,12,B,val_isotonic_then_perphase_macro_f1,1100,0.6473874465987512,0.44419391206313413,0.7309833024118738,0.5525946704067322,0.40454545454545454,0.19479524207632964,0.0,0.8063636363636364,-0.19902482213247663
2025,12,B,val_perphase_th_accuracy,1100,0.645956607495069,0.4435665914221219,0.7291280148423006,0.5515789473684211,0.3663636363636364,0.15886227166396677,0.0273972602739726,0.6545454545454545,-0.13588669099887762
2025,12,B,val_perphase_th_macro_f1,1100,0.1117798796216681,0.3058823529411765,0.09647495361781076,0.1466854724964739,0.36,0.16366205807108158,0.0273972602739726,0.0036363636363636364,-0.13588669099887762
2025,12,B,val_shift_calib_0.2,1100,0.5108579565681737,0.43950995405819293,0.5324675324675324,0.4815436241610738,0.42454545454545456,0.22092473949130537,0.0,0.5927272727272728,-0.27307718217860333
2025,12,C,canonical_0.2,1100,0.8076083567196757,0.4928639391056137,0.961038961038961,0.6515723270440251,0.43,0.17094743006092755,0.0,0.9545454545454546,-0.223089802821671
2025,12,C,val_global_th_f2,1100,0.8292307692307692,0.4926873857404022,1.0,0.6601347213717085,0.4254545454545455,0.15405459847293096,0.0,0.990909090909091,-0.223089802821671
2025,12,C,val_global_th_macro_f1,1100,0.08325832583258326,0.5606060606060606,0.0686456400742115,0.12231404958677686,0.4727272727272727,0.2508748654717564,0.0,0.06,-0.223089802821671
2025,12,C,val_isotonic_calib_0.2,1100,0.7179569547060713,0.4670846394984326,0.8293135435992579,0.5975935828877005,0.42818181818181816,0.18546558920055678,0.0,0.87,-0.1408723716129181
2025,12,C,val_isotonic_then_perphase_macro_f1,1100,0.6821882123086942,0.45792349726775955,0.7773654916512059,0.5763411279229711,0.41363636363636364,0.18481291013409423,0.0,0.8318181818181818,-0.1408723716129181
2025,12,C,val_perphase_th_accuracy,1100,0.6640497219496239,0.4506104328523862,0.7532467532467533,0.5638888888888889,0.33,0.1458806443094798,0.0410958904109589,0.56,-0.223089802821671
2025,12,C,val_perphase_th_macro_f1,1100,0.24222850222042794,0.37383177570093457,0.22263450834879406,0.27906976744186046,0.31272727272727274,0.1814497271631179,0.0410958904109589,0.03090909090909091,-0.223089802821671
2025,12,C,val_shift_calib_0.2,1100,0.6423553027768485,0.460984393757503,0.712430426716141,0.5597667638483965,0.42727272727272725,0.20781935336804783,0.0,0.7572727272727273,-0.252177596683302
2025,12,D,canonical_0.2,1100,0.7740788623141565,0.5106609808102346,0.8886827458256029,0.6486120514556534,0.4718181818181818,0.21875644207696684,0.0,0.850909090909091,-0.14307028255240462
2025,12,D,val_global_th_f2,1100,0.8256457564575646,0.48996350364963503,0.9962894248608535,0.6568807339449542,0.3709090909090909,0.1537300545773143,0.0684931506849315,0.8754545454545455,-0.14307028255240462
2025,12,D,val_global_th_macro_f1,1100,0.023030861354214647,0.6666666666666666,0.01855287569573284,0.036101083032490974,0.4627272727272727,0.2646464193634005,0.0,0.013636363636363636,-0.14307028255240462
2025,12,D,val_isotonic_calib_0.2,1100,0.7124053965120105,0.49037372593431483,0.8033395176252319,0.6090014064697609,0.46545454545454545,0.24938432787519277,0.0,0.8027272727272727,-0.1511058231157274
2025,12,D,val_isotonic_then_perphase_macro_f1,1100,0.7034346103038309,0.48853211009174313,0.7903525046382189,0.6038270729978739,0.4581818181818182,0.26855810537901037,0.0,0.7927272727272727,-0.1511058231157274
2025,12,D,val_perphase_th_accuracy,1100,0.6902138690861958,0.45806451612903226,0.7903525046382189,0.5799863852961198,0.31636363636363635,0.14603273779368883,0.0410958904109589,0.5045454545454545,-0.14307028255240462
2025,12,D,val_perphase_th_macro_f1,1100,0.28515625,0.3613861386138614,0.27087198515769945,0.30965005302226933,0.25545454545454543,0.1776893568903798,0.0410958904109589,0.026363636363636363,-0.14307028255240462
2025,12,D,val_shift_calib_0.2,1100,0.6150656530753282,0.4823848238482385,0.660482374768089,0.557556773688332,0.46545454545454545,0.23659177927089076,0.0,0.6709090909090909,-0.2486626429999621
2026,0,A,canonical_0.2,904,0.8816818774445893,0.5984513274336283,1.0,0.7487889273356402,0.38716814159292035,0.18607123870281764,0.0,1.0,-0.08459854258638977
2026,0,A,val_global_th_f2,904,0.8816818774445893,0.5984513274336283,1.0,0.7487889273356402,0.21128318584070796,0.1162861491628615,1.0,0.0,-0.08459854258638977
2026,0,A,val_global_th_macro_f1,904,0.32685146876292925,0.6245059288537549,0.2920517560073937,0.3979848866498741,0.39601769911504425,0.27570235606974985,0.0,0.27986725663716816,-0.08459854258638977
2026,0,A,val_isotonic_calib_0.2,904,0.8816818774445893,0.5984513274336283,1.0,0.7487889273356402,0.38716814159292035,0.18607123870281764,0.0,1.0,-0.05372365517969513
2026,0,A,val_isotonic_then_perphase_macro_f1,904,0.8816818774445893,0.5984513274336283,1.0,0.7487889273356402,0.3860619469026549,0.18598454569677592,0.0,0.9966814159292036,-0.05372365517969513
2026,0,A,val_perphase_th_accuracy,904,0.7748436414176512,0.6246498599439776,0.8243992606284658,0.7107569721115538,0.4081858407079646,0.28620602138257034,0.0,0.7898230088495575,-0.08459854258638977
2026,0,A,val_perphase_th_macro_f1,904,0.32864820173625464,0.6235294117647059,0.29390018484288355,0.39949748743718594,0.3938053097345133,0.2770684663852366,0.005235602094240838,0.27654867256637167,-0.08459854258638977
2026,0,A,val_shift_calib_0.2,904,0.6879073135409124,0.6354515050167224,0.7024029574861368,0.6672519754170325,0.40707964601769914,0.30131564839517383,0.0,0.661504424778761,-0.10976094227618205
2026,0,B,canonical_0.2,904,0.8816818774445893,0.5984513274336283,1.0,0.7487889273356402,0.38827433628318586,0.1896919615145872,0.005235602094240838,0.9988938053097345,-0.1169083762457146
2026,0,B,val_global_th_f2,904,0.8816818774445893,0.5984513274336283,1.0,0.7487889273356402,0.21128318584070796,0.1162861491628615,1.0,0.0,-0.1169083762457146
2026,0,B,val_global_th_macro_f1,904,0.6318883174136665,0.6164874551971327,0.6358595194085028,0.6260236578707916,0.3993362831858407,0.2957568828715757,0.0,0.6172566371681416,-0.1169083762457146
2026,0,B,val_isotonic_calib_0.2,904,0.8816818774445893,0.5984513274336283,1.0,0.7487889273356402,0.38716814159292035,0.18607123870281764,0.0,1.0,-0.04510546092174206
2026,0,B,val_isotonic_then_perphase_macro_f1,904,0.8816818774445893,0.5984513274336283,1.0,0.7487889273356402,0.38716814159292035,0.18607123870281764,0.0,1.0,-0.04510546092174206
2026,0,B,val_perphase_th_accuracy,904,0.8722076215505913,0.6034090909090909,0.9815157116451017,0.7473610133708656,0.3938053097345133,0.20948299405474677,0.0,0.9734513274336283,-0.1169083762457146
2026,0,B,val_perphase_th_macro_f1,904,0.6318883174136665,0.6164874551971327,0.6358595194085028,0.6260236578707916,0.3993362831858407,0.2957568828715757,0.0,0.6172566371681416,-0.1169083762457146
2026,0,B,val_shift_calib_0.2,904,0.8692788936450444,0.6048109965635738,0.9759704251386322,0.7468175388967468,0.39601769911504425,0.21579345677116404,0.0,0.9657079646017699,-0.028872878492743004
2026,0,C,canonical_0.2,904,0.8816818774445893,0.5984513274336283,1.0,0.7487889273356402,0.38827433628318586,0.1896919615145872,0.005235602094240838,0.9988938053097345,-0.1169083762457146
2026,0,C,val_global_th_f2,904,0.8816818774445893,0.5984513274336283,1.0,0.7487889273356402,0.21128318584070796,0.1162861491628615,1.0,0.0,-0.1169083762457146
2026,0,C,val_global_th_macro_f1,904,0.6318883174136665,0.6164874551971327,0.6358595194085028,0.6260236578707916,0.3993362831858407,0.2957568828715757,0.0,0.6172566371681416,-0.1169083762457146
2026,0,C,val_isotonic_calib_0.2,904,0.8816818774445893,0.5984513274336283,1.0,0.7487889273356402,0.38716814159292035,0.18607123870281764,0.0,1.0,-0.04510546092174206
2026,0,C,val_isotonic_then_perphase_macro_f1,904,0.8816818774445893,0.5984513274336283,1.0,0.7487889273356402,0.38716814159292035,0.18607123870281764,0.0,1.0,-0.04510546092174206
2026,0,C,val_perphase_th_accuracy,904,0.8722076215505913,0.6034090909090909,0.9815157116451017,0.7473610133708656,0.3938053097345133,0.20948299405474677,0.0,0.9734513274336283,-0.1169083762457146
2026,0,C,val_perphase_th_macro_f1,904,0.6318883174136665,0.6164874551971327,0.6358595194085028,0.6260236578707916,0.3993362831858407,0.2957568828715757,0.0,0.6172566371681416,-0.1169083762457146
2026,0,C,val_shift_calib_0.2,904,0.8692788936450444,0.6048109965635738,0.9759704251386322,0.7468175388967468,0.39601769911504425,0.21579345677116404,0.0,0.9657079646017699,-0.028872878492743004
2026,0,D,canonical_0.2,904,0.8661284897410023,0.6365883807169345,0.9519408502772643,0.762962962962963,0.43805309734513276,0.2915888113320914,0.005235602094240838,0.8938053097345132,0.09975267563622148
2026,0,D,val_global_th_f2,904,0.8816818774445893,0.5984513274336283,1.0,0.7487889273356402,0.2754424778761062,0.21725747919089275,0.9476439790575916,0.22566371681415928,0.09975267563622148
2026,0,D,val_global_th_macro_f1,904,0.8204225352112676,0.6893491124260355,0.8613678373382625,0.7658175842235004,0.47013274336283184,0.2610226884507948,0.0,0.7477876106194691,0.09975267563622148
2026,0,D,val_isotonic_calib_0.2,904,0.8195276700740218,0.6909361069836553,0.8595194085027726,0.7660626029654036,0.48008849557522126,0.3557800224466891,0.0,0.7444690265486725,0.2142346941238441
2026,0,D,val_isotonic_then_perphase_macro_f1,904,0.8183103570166137,0.6962406015037594,0.8558225508317929,0.7678275290215588,0.48451327433628316,0.3602321762706686,0.0,0.7356194690265486,0.2142346941238441
2026,0,D,val_perphase_th_accuracy,904,0.8204225352112676,0.6893491124260355,0.8613678373382625,0.7658175842235004,0.47898230088495575,0.35452515477450913,0.0,0.7477876106194691,0.09975267563622148
2026,0,D,val_perphase_th_macro_f1,904,0.8204225352112676,0.6893491124260355,0.8613678373382625,0.7658175842235004,0.4856194690265487,0.37597698288232956,0.031413612565445025,0.7400442477876106,0.09975267563622148
2026,0,D,val_shift_calib_0.2,904,0.8370962139631817,0.6741258741258741,0.8909426987060998,0.767515923566879,0.46792035398230086,0.3404164115125536,0.0,0.790929203539823,0.21266815726294286
2026,12,A,canonical_0.2,132,0.8004640371229699,0.6448598130841121,0.8518518518518519,0.7340425531914894,0.44696969696969696,0.30217414702400175,0.0,0.8106060606060606,-0.06242392398241425
2026,12,A,val_global_th_f2,132,0.8791208791208791,0.6106870229007634,0.9876543209876543,0.7547169811320755,0.4166666666666667,0.19607843137254902,0.0,0.9924242424242424,-0.06242392398241425
2026,12,A,val_global_th_macro_f1,132,0.0,,0.0,0.0,0.38636363636363635,0.18579234972677594,0.0,0.0,-0.06242392398241425
2026,12,A,val_isotonic_calib_0.2,132,0.5091383812010444,0.6610169491525424,0.48148148148148145,0.5571428571428572,0.42424242424242425,0.3115942028985507,0.0,0.44696969696969696,-0.2984200092159399
2026,12,A,val_isotonic_then_perphase_macro_f1,132,0.0,,0.0,0.0,0.38636363636363635,0.18579234972677594,0.0,0.0,-0.2984200092159399
2026,12,A,val_perphase_th_accuracy,132,0.0,,0.0,0.0,0.38636363636363635,0.18579234972677594,0.0,0.0,-0.06242392398241425
2026,12,A,val_perphase_th_macro_f1,132,0.015337423312883436,0.5,0.012345679012345678,0.024096385542168676,0.38636363636363635,0.1956563154886645,0.0,0.015151515151515152,-0.06242392398241425
2026,12,A,val_shift_calib_0.2,132,0.015337423312883436,0.5,0.012345679012345678,0.024096385542168676,0.38636363636363635,0.1956563154886645,0.0,0.015151515151515152,-0.7109642838321233
2026,12,B,canonical_0.2,132,0.8881578947368421,0.6136363636363636,1.0,0.7605633802816901,0.42424242424242425,0.19858156028368792,0.0,1.0,-0.04961465267530962
2026,12,B,val_global_th_f2,132,0.8881578947368421,0.6136363636363636,1.0,0.7605633802816901,0.42424242424242425,0.2007168458781362,0.0,0.9848484848484849,-0.04961465267530962
2026,12,B,val_global_th_macro_f1,132,0.06042296072507553,0.5714285714285714,0.04938271604938271,0.09090909090909091,0.38636363636363635,0.21356421356421354,0.0,0.05303030303030303,-0.04961465267530962
2026,12,B,val_isotonic_calib_0.2,132,0.2401129943502825,0.5666666666666667,0.20987654320987653,0.3063063063063063,0.3560606060606061,0.23534478390839542,0.0,0.22727272727272727,-0.2038894799170048
2026,12,B,val_isotonic_then_perphase_macro_f1,132,0.060790273556231005,0.8,0.04938271604938271,0.09302325581395349,0.4015151515151515,0.22005280284889792,0.0,0.03787878787878788,-0.2038894799170048
2026,12,B,val_perphase_th_accuracy,132,0.0,,0.0,0.0,0.38636363636363635,0.18579234972677594,0.0,0.0,-0.04961465267530962
2026,12,B,val_perphase_th_macro_f1,132,0.16034985422740525,0.5789473684210527,0.13580246913580246,0.22,0.36363636363636365,0.2192411924119241,0.0,0.14393939393939395,-0.04961465267530962
2026,12,B,val_shift_calib_0.2,132,0.16034985422740525,0.5789473684210527,0.13580246913580246,0.22,0.36363636363636365,0.2192411924119241,0.0,0.14393939393939395,-0.44012486200089884
2026,12,C,canonical_0.2,132,0.8555555555555555,0.6111111111111112,0.9506172839506173,0.7439613526570048,0.4090909090909091,0.21386800334168754,0.0,0.9545454545454546,0.04819972161613528
2026,12,C,val_global_th_f2,132,0.8881578947368421,0.6136363636363636,1.0,0.7605633802816901,0.42424242424242425,0.19858156028368792,0.0,1.0,0.04819972161613528
2026,12,C,val_global_th_macro_f1,132,0.015384615384615385,1.0,0.012345679012345678,0.024390243902439025,0.3939393939393939,0.19850909324593535,0.0,0.007575757575757576,0.04819972161613528
2026,12,C,val_isotonic_calib_0.2,132,0.07530120481927711,0.625,0.06172839506172839,0.11235955056179775,0.38636363636363635,0.21410714285714286,0.0,0.06060606060606061,-0.2038327019640045
2026,12,C,val_isotonic_then_perphase_macro_f1,132,0.07530120481927711,0.625,0.06172839506172839,0.11235955056179775,0.3560606060606061,0.1536150147928994,0.0,0.06060606060606061,-0.2038327019640045
2026,12,C,val_perphase_th_accuracy,132,0.0,,0.0,0.0,0.38636363636363635,0.18579234972677594,0.0,0.0,0.04819972161613528
2026,12,C,val_perphase_th_macro_f1,132,0.08982035928143713,0.6,0.07407407407407407,0.13186813186813187,0.36363636363636365,0.15586336740182896,0.0,0.07575757575757576,0.04819972161613528
2026,12,C,val_shift_calib_0.2,132,0.015337423312883436,0.5,0.012345679012345678,0.024096385542168676,0.38636363636363635,0.1956563154886645,0.0,0.015151515151515152,-0.45290474962400373
2026,12,D,canonical_0.2,132,0.8294930875576036,0.6545454545454545,0.8888888888888888,0.7539267015706806,0.45454545454545453,0.3074764812675359,0.0,0.8333333333333334,0.05059066864000028
2026,12,D,val_global_th_f2,132,0.8881578947368421,0.6136363636363636,1.0,0.7605633802816901,0.25,0.2026590010779734,0.84,0.2727272727272727,0.05059066864000028
2026,12,D,val_global_th_macro_f1,132,0.060790273556231005,0.8,0.04938271604938271,0.09302325581395349,0.3712121212121212,0.15223159291196814,0.0,0.03787878787878788,0.05059066864000028
2026,12,D,val_isotonic_calib_0.2,132,0.6666666666666666,0.6666666666666666,0.6666666666666666,0.6666666666666666,0.4318181818181818,0.3174466867038786,0.0,0.6136363636363636,-0.1775142488213881
2026,12,D,val_isotonic_then_perphase_macro_f1,132,0.6666666666666666,0.6666666666666666,0.6666666666666666,0.6666666666666666,0.4166666666666667,0.23268285416356324,0.0,0.6136363636363636,-0.1775142488213881
2026,12,D,val_perphase_th_accuracy,132,0.0,,0.0,0.0,0.38636363636363635,0.18579234972677594,0.0,0.0,0.05059066864000028
2026,12,D,val_perphase_th_macro_f1,132,0.10510510510510511,0.7777777777777778,0.08641975308641975,0.15555555555555556,0.38636363636363635,0.17455621301775148,0.0,0.06818181818181818,0.05059066864000028
2026,12,D,val_shift_calib_0.2,132,0.19174041297935104,0.8666666666666667,0.16049382716049382,0.2708333333333333,0.4166666666666667,0.25078247261345854,0.0,0.11363636363636363,-0.4866555832262913
2025,0,A,LEAKY_test_perphase_macro_f1,1876,0.7553891121666058,0.5719225449515906,0.8212512413108243,0.6742763962494904,0.4920042643923241,0.3475032334591838,0.045454545454545456,0.7244136460554371,
2025,0,B,LEAKY_test_perphase_macro_f1,1876,0.2843443354148082,0.5592105263157895,0.253227408142999,0.34859876965140124,0.44136460554371004,0.32248679863158614,0.056818181818181816,0.22761194029850745,
2025,0,C,LEAKY_test_perphase_macro_f1,1876,0.2843443354148082,0.5592105263157895,0.253227408142999,0.34859876965140124,0.44136460554371004,0.32248679863158614,0.056818181818181816,0.22761194029850745,
2025,0,D,LEAKY_test_perphase_macro_f1,1876,0.7592906998679494,0.6323644933228594,0.7994041708043694,0.706140350877193,0.48294243070362475,0.32602018273053973,0.25,0.44989339019189767,
2025,3,A,LEAKY_test_perphase_macro_f1,275,0.22727272727272727,0.3717948717948718,0.20714285714285716,0.26605504587155965,0.3709090909090909,0.2569851172792349,0.0,0.28,
2025,3,B,LEAKY_test_perphase_macro_f1,275,0.7006802721088435,0.5885714285714285,0.7357142857142858,0.653968253968254,0.5381818181818182,0.2969466268127368,0.0,0.6363636363636364,
2025,3,C,LEAKY_test_perphase_macro_f1,275,0.632183908045977,0.6470588235294118,0.6285714285714286,0.6376811594202898,0.5745454545454546,0.3266714922423054,0.0,0.49454545454545457,
2025,3,D,LEAKY_test_perphase_macro_f1,275,0.6284916201117319,0.5769230769230769,0.6428571428571429,0.6081081081081081,0.49454545454545457,0.30647479736575484,0.0,0.5636363636363636,
2025,6,A,LEAKY_test_perphase_macro_f1,275,0.78125,0.6534090909090909,0.8214285714285714,0.7278481012658228,0.6327272727272727,0.45135914098550545,0.46153846153846156,0.6036363636363636,
2025,6,B,LEAKY_test_perphase_macro_f1,275,0.625,0.7083333333333334,0.6071428571428571,0.6538461538461539,0.610909090909091,0.37007589032633054,0.0,0.43636363636363634,
2025,6,C,LEAKY_test_perphase_macro_f1,275,0.7734056987788331,0.6440677966101694,0.8142857142857143,0.7192429022082019,0.5854545454545454,0.412773456174417,0.15384615384615385,0.6,
2025,6,D,LEAKY_test_perphase_macro_f1,275,0.7241379310344828,0.6363636363636364,0.75,0.6885245901639344,0.6,0.3097300564061241,0.0,0.6,
2025,12,A,LEAKY_test_perphase_macro_f1,1100,0.42857142857142855,0.4523809523809524,0.4230055658627087,0.43720038350910834,0.3881818181818182,0.2946348996072715,0.1232876712328767,0.4318181818181818,
2025,12,B,LEAKY_test_perphase_macro_f1,1100,0.48073325851103627,0.49709864603481624,0.47680890538033394,0.48674242424242425,0.4109090909090909,0.28802282677607977,0.0547945205479452,0.42818181818181816,
2025,12,C,LEAKY_test_perphase_macro_f1,1100,0.314262691377921,0.4785276073619632,0.2894248608534323,0.3606936416184971,0.4381818181818182,0.28479578134284017,0.0,0.2963636363636364,
2025,12,D,LEAKY_test_perphase_macro_f1,1100,0.3981264637002342,0.5024630541871922,0.3784786641929499,0.43174603174603177,0.44,0.34119566278245184,0.0273972602739726,0.33181818181818185,
2026,0,A,LEAKY_test_perphase_macro_f1,904,0.776311219173324,0.6251748251748251,0.8262476894639557,0.7117834394904459,0.3639380530973451,0.33083058904314944,0.19895287958115182,0.5542035398230089,
2026,0,B,LEAKY_test_perphase_macro_f1,904,0.6439809732894255,0.6186291739894552,0.6506469500924215,0.6342342342342342,0.3971238938053097,0.34862756093266883,0.1256544502617801,0.5398230088495575,
2026,0,C,LEAKY_test_perphase_macro_f1,904,0.6439809732894255,0.6186291739894552,0.6506469500924215,0.6342342342342342,0.3971238938053097,0.34862756093266883,0.1256544502617801,0.5398230088495575,
2026,0,D,LEAKY_test_perphase_macro_f1,904,0.7761194029850746,0.8062015503875969,0.7689463955637708,0.7871333964049196,0.581858407079646,0.5580312860308327,0.418848167539267,0.3926991150442478,
2026,12,A,LEAKY_test_perphase_macro_f1,132,0.5822784810126582,0.647887323943662,0.5679012345679012,0.6052631578947368,0.4015151515151515,0.3353072853072853,0.08,0.4621212121212121,
2026,12,B,LEAKY_test_perphase_macro_f1,132,0.6746987951807228,0.6153846153846154,0.691358024691358,0.6511627906976745,0.4166666666666667,0.29525237381309344,0.0,0.6742424242424242,
2026,12,C,LEAKY_test_perphase_macro_f1,132,0.788235294117647,0.6633663366336634,0.8271604938271605,0.7362637362637363,0.3409090909090909,0.3438474529672833,0.68,0.2727272727272727,
2026,12,D,LEAKY_test_perphase_macro_f1,132,0.8018867924528302,0.68,0.8395061728395061,0.7513812154696132,0.4166666666666667,0.4030348899843858,0.36,0.5151515151515151,
2025,0,-,always_crisis,1876,0.8528116531165312,0.5367803837953091,1.0,0.6985778702740201,0.4898720682302772,0.16440071556350627,0.0,1.0,
2025,3,-,always_crisis,275,0.8383233532934131,0.509090909090909,1.0,0.6746987951807228,0.4618181818181818,0.15796019900497513,0.0,1.0,
2025,6,-,always_crisis,275,0.8383233532934131,0.509090909090909,1.0,0.6746987951807228,0.4618181818181818,0.15796019900497513,0.0,1.0,
2025,12,-,always_crisis,1100,0.8277027027027027,0.49,1.0,0.6577181208053692,0.42363636363636364,0.14878671775223498,0.0,1.0,
2026,0,-,always_crisis,904,0.8816818774445893,0.5984513274336283,1.0,0.7487889273356402,0.38716814159292035,0.18607123870281764,0.0,1.0,
2026,12,-,always_crisis,132,0.8881578947368421,0.6136363636363636,1.0,0.7605633802816901,0.42424242424242425,0.19858156028368792,0.0,1.0,
