job_id,arm,method,t2,t3,t4,t5
y2025_h00_o2025-04,A,canonical_0.2,0.2,0.2,0.2,0.2
y2025_h00_o2025-04,A,val_global_th_f2,0.125,0.125,0.125,0.125
y2025_h00_o2025-04,A,val_global_th_macro_f1,0.325,0.325,0.325,0.325
y2025_h00_o2025-04,A,val_perphase_th_macro_f1,0.4,0.325,0.175,0.075
y2025_h00_o2025-04,A,val_perphase_th_accuracy,0.325,0.325,0.2,0.075
y2025_h00_o2025-04,A,val_shift_calib_0.2,0.2,0.2,0.2,0.2
y2025_h00_o2025-04,A,val_isotonic_calib_0.2,0.2,0.2,0.2,0.2
y2025_h00_o2025-04,A,val_isotonic_then_perphase_macro_f1,0.425,0.25,0.1,0.05
y2025_h00_o2025-04,B,canonical_0.2,0.2,0.2,0.2,0.2
y2025_h00_o2025-04,B,val_global_th_f2,0.125,0.125,0.125,0.125
y2025_h00_o2025-04,B,val_global_th_macro_f1,0.375,0.375,0.375,0.375
y2025_h00_o2025-04,B,val_perphase_th_macro_f1,0.375,0.3,0.2,0.075
y2025_h00_o2025-04,B,val_perphase_th_accuracy,0.35,0.325,0.2,0.05
y2025_h00_o2025-04,B,val_shift_calib_0.2,0.2,0.2,0.2,0.2
y2025_h00_o2025-04,B,val_isotonic_calib_0.2,0.2,0.2,0.2,0.2
y2025_h00_o2025-04,B,val_isotonic_then_perphase_macro_f1,0.4,0.225,0.075,0.05
y2025_h00_o2025-04,C,canonical_0.2,0.2,0.2,0.2,0.2
y2025_h00_o2025-04,C,val_global_th_f2,0.125,0.125,0.125,0.125
y2025_h00_o2025-04,C,val_global_th_macro_f1,0.375,0.375,0.375,0.375
y2025_h00_o2025-04,C,val_perphase_th_macro_f1,0.375,0.3,0.2,0.075
y2025_h00_o2025-04,C,val_perphase_th_accuracy,0.35,0.325,0.2,0.05
y2025_h00_o2025-04,C,val_shift_calib_0.2,0.2,0.2,0.2,0.2
y2025_h00_o2025-04,C,val_isotonic_calib_0.2,0.2,0.2,0.2,0.2
y2025_h00_o2025-04,C,val_isotonic_then_perphase_macro_f1,0.4,0.225,0.075,0.05
y2025_h00_o2025-04,D,canonical_0.2,0.2,0.2,0.2,0.2
y2025_h00_o2025-04,D,val_global_th_f2,0.125,0.125,0.125,0.125
y2025_h00_o2025-04,D,val_global_th_macro_f1,0.25,0.25,0.25,0.25
y2025_h00_o2025-04,D,val_perphase_th_macro_f1,0.25,0.275,0.175,0.125
y2025_h00_o2025-04,D,val_perphase_th_accuracy,0.25,0.325,0.3,0.125
y2025_h00_o2025-04,D,val_shift_calib_0.2,0.2,0.2,0.2,0.2
y2025_h00_o2025-04,D,val_isotonic_calib_0.2,0.2,0.2,0.2,0.2
y2025_h00_o2025-04,D,val_isotonic_then_perphase_macro_f1,0.25,0.225,0.075,0.05
y2025_h00_o2025-07,A,canonical_0.2,0.2,0.2,0.2,0.2
y2025_h00_o2025-07,A,val_global_th_f2,0.125,0.125,0.125,0.125
y2025_h00_o2025-07,A,val_global_th_macro_f1,0.325,0.325,0.325,0.325
y2025_h00_o2025-07,A,val_perphase_th_macro_f1,0.4,0.325,0.175,0.075
y2025_h00_o2025-07,A,val_perphase_th_accuracy,0.325,0.325,0.2,0.075
y2025_h00_o2025-07,A,val_shift_calib_0.2,0.2,0.2,0.2,0.2
y2025_h00_o2025-07,A,val_isotonic_calib_0.2,0.2,0.2,0.2,0.2
y2025_h00_o2025-07,A,val_isotonic_then_perphase_macro_f1,0.425,0.25,0.1,0.05
y2025_h00_o2025-07,B,canonical_0.2,0.2,0.2,0.2,0.2
y2025_h00_o2025-07,B,val_global_th_f2,0.125,0.125,0.125,0.125
y2025_h00_o2025-07,B,val_global_th_macro_f1,0.375,0.375,0.375,0.375
y2025_h00_o2025-07,B,val_perphase_th_macro_f1,0.375,0.3,0.2,0.075
y2025_h00_o2025-07,B,val_perphase_th_accuracy,0.35,0.325,0.2,0.05
y2025_h00_o2025-07,B,val_shift_calib_0.2,0.2,0.2,0.2,0.2
y2025_h00_o2025-07,B,val_isotonic_calib_0.2,0.2,0.2,0.2,0.2
y2025_h00_o2025-07,B,val_isotonic_then_perphase_macro_f1,0.4,0.225,0.075,0.05
y2025_h00_o2025-07,C,canonical_0.2,0.2,0.2,0.2,0.2
y2025_h00_o2025-07,C,val_global_th_f2,0.125,0.125,0.125,0.125
y2025_h00_o2025-07,C,val_global_th_macro_f1,0.375,0.375,0.375,0.375
y2025_h00_o2025-07,C,val_perphase_th_macro_f1,0.375,0.3,0.2,0.075
y2025_h00_o2025-07,C,val_perphase_th_accuracy,0.35,0.325,0.2,0.05
y2025_h00_o2025-07,C,val_shift_calib_0.2,0.2,0.2,0.2,0.2
y2025_h00_o2025-07,C,val_isotonic_calib_0.2,0.2,0.2,0.2,0.2
y2025_h00_o2025-07,C,val_isotonic_then_perphase_macro_f1,0.4,0.225,0.075,0.05
y2025_h00_o2025-07,D,canonical_0.2,0.2,0.2,0.2,0.2
y2025_h00_o2025-07,D,val_global_th_f2,0.125,0.125,0.125,0.125
y2025_h00_o2025-07,D,val_global_th_macro_f1,0.25,0.25,0.25,0.25
y2025_h00_o2025-07,D,val_perphase_th_macro_f1,0.25,0.275,0.175,0.125
y2025_h00_o2025-07,D,val_perphase_th_accuracy,0.25,0.325,0.3,0.125
y2025_h00_o2025-07,D,val_shift_calib_0.2,0.2,0.2,0.2,0.2
y2025_h00_o2025-07,D,val_isotonic_calib_0.2,0.2,0.2,0.2,0.2
y2025_h00_o2025-07,D,val_isotonic_then_perphase_macro_f1,0.25,0.225,0.075,0.05
y2025_h00_o2025-09,A,canonical_0.2,0.2,0.2,0.2,0.2
y2025_h00_o2025-09,A,val_global_th_f2,0.125,0.125,0.125,0.125
y2025_h00_o2025-09,A,val_global_th_macro_f1,0.325,0.325,0.325,0.325
y2025_h00_o2025-09,A,val_perphase_th_macro_f1,0.4,0.325,0.175,0.075
y2025_h00_o2025-09,A,val_perphase_th_accuracy,0.325,0.325,0.2,0.075
y2025_h00_o2025-09,A,val_shift_calib_0.2,0.2,0.2,0.2,0.2
y2025_h00_o2025-09,A,val_isotonic_calib_0.2,0.2,0.2,0.2,0.2
y2025_h00_o2025-09,A,val_isotonic_then_perphase_macro_f1,0.425,0.25,0.1,0.05
y2025_h00_o2025-09,B,canonical_0.2,0.2,0.2,0.2,0.2
y2025_h00_o2025-09,B,val_global_th_f2,0.125,0.125,0.125,0.125
y2025_h00_o2025-09,B,val_global_th_macro_f1,0.375,0.375,0.375,0.375
y2025_h00_o2025-09,B,val_perphase_th_macro_f1,0.375,0.3,0.2,0.075
y2025_h00_o2025-09,B,val_perphase_th_accuracy,0.35,0.325,0.2,0.05
y2025_h00_o2025-09,B,val_shift_calib_0.2,0.2,0.2,0.2,0.2
y2025_h00_o2025-09,B,val_isotonic_calib_0.2,0.2,0.2,0.2,0.2
y2025_h00_o2025-09,B,val_isotonic_then_perphase_macro_f1,0.4,0.225,0.075,0.05
y2025_h00_o2025-09,C,canonical_0.2,0.2,0.2,0.2,0.2
y2025_h00_o2025-09,C,val_global_th_f2,0.125,0.125,0.125,0.125
y2025_h00_o2025-09,C,val_global_th_macro_f1,0.375,0.375,0.375,0.375
y2025_h00_o2025-09,C,val_perphase_th_macro_f1,0.375,0.3,0.2,0.075
y2025_h00_o2025-09,C,val_perphase_th_accuracy,0.35,0.325,0.2,0.05
y2025_h00_o2025-09,C,val_shift_calib_0.2,0.2,0.2,0.2,0.2
y2025_h00_o2025-09,C,val_isotonic_calib_0.2,0.2,0.2,0.2,0.2
y2025_h00_o2025-09,C,val_isotonic_then_perphase_macro_f1,0.4,0.225,0.075,0.05
y2025_h00_o2025-09,D,canonical_0.2,0.2,0.2,0.2,0.2
y2025_h00_o2025-09,D,val_global_th_f2,0.125,0.125,0.125,0.125
y2025_h00_o2025-09,D,val_global_th_macro_f1,0.25,0.25,0.25,0.25
y2025_h00_o2025-09,D,val_perphase_th_macro_f1,0.25,0.275,0.175,0.125
y2025_h00_o2025-09,D,val_perphase_th_accuracy,0.25,0.325,0.3,0.125
y2025_h00_o2025-09,D,val_shift_calib_0.2,0.2,0.2,0.2,0.2
y2025_h00_o2025-09,D,val_isotonic_calib_0.2,0.2,0.2,0.2,0.2
y2025_h00_o2025-09,D,val_isotonic_then_perphase_macro_f1,0.25,0.225,0.075,0.05
y2025_h00_o2025-10,A,canonical_0.2,0.2,0.2,0.2,0.2
y2025_h00_o2025-10,A,val_global_th_f2,0.125,0.125,0.125,0.125
y2025_h00_o2025-10,A,val_global_th_macro_f1,0.325,0.325,0.325,0.325
y2025_h00_o2025-10,A,val_perphase_th_macro_f1,0.4,0.325,0.175,0.075
y2025_h00_o2025-10,A,val_perphase_th_accuracy,0.325,0.325,0.2,0.075
y2025_h00_o2025-10,A,val_shift_calib_0.2,0.2,0.2,0.2,0.2
y2025_h00_o2025-10,A,val_isotonic_calib_0.2,0.2,0.2,0.2,0.2
y2025_h00_o2025-10,A,val_isotonic_then_perphase_macro_f1,0.425,0.25,0.1,0.05
y2025_h00_o2025-10,B,canonical_0.2,0.2,0.2,0.2,0.2
y2025_h00_o2025-10,B,val_global_th_f2,0.125,0.125,0.125,0.125
y2025_h00_o2025-10,B,val_global_th_macro_f1,0.375,0.375,0.375,0.375
y2025_h00_o2025-10,B,val_perphase_th_macro_f1,0.375,0.3,0.2,0.075
y2025_h00_o2025-10,B,val_perphase_th_accuracy,0.35,0.325,0.2,0.05
y2025_h00_o2025-10,B,val_shift_calib_0.2,0.2,0.2,0.2,0.2
y2025_h00_o2025-10,B,val_isotonic_calib_0.2,0.2,0.2,0.2,0.2
y2025_h00_o2025-10,B,val_isotonic_then_perphase_macro_f1,0.4,0.225,0.075,0.05
y2025_h00_o2025-10,C,canonical_0.2,0.2,0.2,0.2,0.2
y2025_h00_o2025-10,C,val_global_th_f2,0.125,0.125,0.125,0.125
y2025_h00_o2025-10,C,val_global_th_macro_f1,0.375,0.375,0.375,0.375
y2025_h00_o2025-10,C,val_perphase_th_macro_f1,0.375,0.3,0.2,0.075
y2025_h00_o2025-10,C,val_perphase_th_accuracy,0.35,0.325,0.2,0.05
y2025_h00_o2025-10,C,val_shift_calib_0.2,0.2,0.2,0.2,0.2
y2025_h00_o2025-10,C,val_isotonic_calib_0.2,0.2,0.2,0.2,0.2
y2025_h00_o2025-10,C,val_isotonic_then_perphase_macro_f1,0.4,0.225,0.075,0.05
y2025_h00_o2025-10,D,canonical_0.2,0.2,0.2,0.2,0.2
y2025_h00_o2025-10,D,val_global_th_f2,0.125,0.125,0.125,0.125
y2025_h00_o2025-10,D,val_global_th_macro_f1,0.25,0.25,0.25,0.25
y2025_h00_o2025-10,D,val_perphase_th_macro_f1,0.25,0.275,0.175,0.125
y2025_h00_o2025-10,D,val_perphase_th_accuracy,0.25,0.325,0.3,0.125
y2025_h00_o2025-10,D,val_shift_calib_0.2,0.2,0.2,0.2,0.2
y2025_h00_o2025-10,D,val_isotonic_calib_0.2,0.2,0.2,0.2,0.2
y2025_h00_o2025-10,D,val_isotonic_then_perphase_macro_f1,0.25,0.225,0.075,0.05
y2025_h03_o2025-01,A,canonical_0.2,0.2,0.2,0.2,0.2
y2025_h03_o2025-01,A,val_global_th_f2,0.05,0.05,0.05,0.05
y2025_h03_o2025-01,A,val_global_th_macro_f1,0.325,0.325,0.325,0.325
y2025_h03_o2025-01,A,val_perphase_th_macro_f1,0.45,0.3,0.2,0.05
y2025_h03_o2025-01,A,val_perphase_th_accuracy,0.05,0.325,0.3,0.05
y2025_h03_o2025-01,A,val_shift_calib_0.2,0.2,0.2,0.2,0.2
y2025_h03_o2025-01,A,val_isotonic_calib_0.2,0.2,0.2,0.2,0.2
y2025_h03_o2025-01,A,val_isotonic_then_perphase_macro_f1,0.45,0.225,0.075,0.05
y2025_h03_o2025-01,B,canonical_0.2,0.2,0.2,0.2,0.2
y2025_h03_o2025-01,B,val_global_th_f2,0.05,0.05,0.05,0.05
y2025_h03_o2025-01,B,val_global_th_macro_f1,0.3,0.3,0.3,0.3
y2025_h03_o2025-01,B,val_perphase_th_macro_f1,0.5,0.3,0.175,0.05
y2025_h03_o2025-01,B,val_perphase_th_accuracy,0.4,0.35,0.25,0.05
y2025_h03_o2025-01,B,val_shift_calib_0.2,0.2,0.2,0.2,0.2
y2025_h03_o2025-01,B,val_isotonic_calib_0.2,0.2,0.2,0.2,0.2
y2025_h03_o2025-01,B,val_isotonic_then_perphase_macro_f1,0.45,0.225,0.075,0.05
y2025_h03_o2025-01,C,canonical_0.2,0.2,0.2,0.2,0.2
y2025_h03_o2025-01,C,val_global_th_f2,0.05,0.05,0.05,0.05
y2025_h03_o2025-01,C,val_global_th_macro_f1,0.375,0.375,0.375,0.375
y2025_h03_o2025-01,C,val_perphase_th_macro_f1,0.45,0.325,0.2,0.075
y2025_h03_o2025-01,C,val_perphase_th_accuracy,0.05,0.375,0.25,0.075
y2025_h03_o2025-01,C,val_shift_calib_0.2,0.2,0.2,0.2,0.2
y2025_h03_o2025-01,C,val_isotonic_calib_0.2,0.2,0.2,0.2,0.2
y2025_h03_o2025-01,C,val_isotonic_then_perphase_macro_f1,0.425,0.225,0.1,0.05
y2025_h03_o2025-01,D,canonical_0.2,0.2,0.2,0.2,0.2
y2025_h03_o2025-01,D,val_global_th_f2,0.1,0.1,0.1,0.1
y2025_h03_o2025-01,D,val_global_th_macro_f1,0.25,0.25,0.25,0.25
y2025_h03_o2025-01,D,val_perphase_th_macro_f1,0.25,0.275,0.175,0.15
y2025_h03_o2025-01,D,val_perphase_th_accuracy,0.25,0.3,0.25,0.15
y2025_h03_o2025-01,D,val_shift_calib_0.2,0.2,0.2,0.2,0.2
y2025_h03_o2025-01,D,val_isotonic_calib_0.2,0.2,0.2,0.2,0.2
y2025_h03_o2025-01,D,val_isotonic_then_perphase_macro_f1,0.3,0.225,0.125,0.05
y2025_h03_o2025-04,A,canonical_0.2,0.2,0.2,0.2,0.2
y2025_h03_o2025-04,A,val_global_th_f2,0.05,0.05,0.05,0.05
y2025_h03_o2025-04,A,val_global_th_macro_f1,0.325,0.325,0.325,0.325
y2025_h03_o2025-04,A,val_perphase_th_macro_f1,0.45,0.3,0.2,0.05
y2025_h03_o2025-04,A,val_perphase_th_accuracy,0.05,0.325,0.3,0.05
y2025_h03_o2025-04,A,val_shift_calib_0.2,0.2,0.2,0.2,0.2
y2025_h03_o2025-04,A,val_isotonic_calib_0.2,0.2,0.2,0.2,0.2
y2025_h03_o2025-04,A,val_isotonic_then_perphase_macro_f1,0.45,0.225,0.075,0.05
y2025_h03_o2025-04,B,canonical_0.2,0.2,0.2,0.2,0.2
y2025_h03_o2025-04,B,val_global_th_f2,0.05,0.05,0.05,0.05
y2025_h03_o2025-04,B,val_global_th_macro_f1,0.3,0.3,0.3,0.3
y2025_h03_o2025-04,B,val_perphase_th_macro_f1,0.5,0.3,0.175,0.05
y2025_h03_o2025-04,B,val_perphase_th_accuracy,0.4,0.35,0.25,0.05
y2025_h03_o2025-04,B,val_shift_calib_0.2,0.2,0.2,0.2,0.2
y2025_h03_o2025-04,B,val_isotonic_calib_0.2,0.2,0.2,0.2,0.2
y2025_h03_o2025-04,B,val_isotonic_then_perphase_macro_f1,0.45,0.225,0.075,0.05
y2025_h03_o2025-04,C,canonical_0.2,0.2,0.2,0.2,0.2
y2025_h03_o2025-04,C,val_global_th_f2,0.05,0.05,0.05,0.05
y2025_h03_o2025-04,C,val_global_th_macro_f1,0.375,0.375,0.375,0.375
y2025_h03_o2025-04,C,val_perphase_th_macro_f1,0.45,0.325,0.2,0.075
y2025_h03_o2025-04,C,val_perphase_th_accuracy,0.05,0.375,0.25,0.075
y2025_h03_o2025-04,C,val_shift_calib_0.2,0.2,0.2,0.2,0.2
y2025_h03_o2025-04,C,val_isotonic_calib_0.2,0.2,0.2,0.2,0.2
y2025_h03_o2025-04,C,val_isotonic_then_perphase_macro_f1,0.425,0.225,0.1,0.05
y2025_h03_o2025-04,D,canonical_0.2,0.2,0.2,0.2,0.2
y2025_h03_o2025-04,D,val_global_th_f2,0.1,0.1,0.1,0.1
y2025_h03_o2025-04,D,val_global_th_macro_f1,0.25,0.25,0.25,0.25
y2025_h03_o2025-04,D,val_perphase_th_macro_f1,0.25,0.275,0.175,0.15
y2025_h03_o2025-04,D,val_perphase_th_accuracy,0.25,0.3,0.25,0.15
y2025_h03_o2025-04,D,val_shift_calib_0.2,0.2,0.2,0.2,0.2
y2025_h03_o2025-04,D,val_isotonic_calib_0.2,0.2,0.2,0.2,0.2
y2025_h03_o2025-04,D,val_isotonic_then_perphase_macro_f1,0.3,0.225,0.125,0.05
y2025_h03_o2025-06,A,canonical_0.2,0.2,0.2,0.2,0.2
y2025_h03_o2025-06,A,val_global_th_f2,0.05,0.05,0.05,0.05
y2025_h03_o2025-06,A,val_global_th_macro_f1,0.325,0.325,0.325,0.325
y2025_h03_o2025-06,A,val_perphase_th_macro_f1,0.45,0.3,0.2,0.05
y2025_h03_o2025-06,A,val_perphase_th_accuracy,0.05,0.325,0.3,0.05
y2025_h03_o2025-06,A,val_shift_calib_0.2,0.2,0.2,0.2,0.2
y2025_h03_o2025-06,A,val_isotonic_calib_0.2,0.2,0.2,0.2,0.2
y2025_h03_o2025-06,A,val_isotonic_then_perphase_macro_f1,0.45,0.225,0.075,0.05
y2025_h03_o2025-06,B,canonical_0.2,0.2,0.2,0.2,0.2
y2025_h03_o2025-06,B,val_global_th_f2,0.05,0.05,0.05,0.05
y2025_h03_o2025-06,B,val_global_th_macro_f1,0.3,0.3,0.3,0.3
y2025_h03_o2025-06,B,val_perphase_th_macro_f1,0.5,0.3,0.175,0.05
y2025_h03_o2025-06,B,val_perphase_th_accuracy,0.4,0.35,0.25,0.05
y2025_h03_o2025-06,B,val_shift_calib_0.2,0.2,0.2,0.2,0.2
y2025_h03_o2025-06,B,val_isotonic_calib_0.2,0.2,0.2,0.2,0.2
y2025_h03_o2025-06,B,val_isotonic_then_perphase_macro_f1,0.45,0.225,0.075,0.05
y2025_h03_o2025-06,C,canonical_0.2,0.2,0.2,0.2,0.2
y2025_h03_o2025-06,C,val_global_th_f2,0.05,0.05,0.05,0.05
y2025_h03_o2025-06,C,val_global_th_macro_f1,0.375,0.375,0.375,0.375
y2025_h03_o2025-06,C,val_perphase_th_macro_f1,0.45,0.325,0.2,0.075
y2025_h03_o2025-06,C,val_perphase_th_accuracy,0.05,0.375,0.25,0.075
y2025_h03_o2025-06,C,val_shift_calib_0.2,0.2,0.2,0.2,0.2
y2025_h03_o2025-06,C,val_isotonic_calib_0.2,0.2,0.2,0.2,0.2
y2025_h03_o2025-06,C,val_isotonic_then_perphase_macro_f1,0.425,0.225,0.1,0.05
y2025_h03_o2025-06,D,canonical_0.2,0.2,0.2,0.2,0.2
y2025_h03_o2025-06,D,val_global_th_f2,0.1,0.1,0.1,0.1
y2025_h03_o2025-06,D,val_global_th_macro_f1,0.25,0.25,0.25,0.25
y2025_h03_o2025-06,D,val_perphase_th_macro_f1,0.25,0.275,0.175,0.15
y2025_h03_o2025-06,D,val_perphase_th_accuracy,0.25,0.3,0.25,0.15
y2025_h03_o2025-06,D,val_shift_calib_0.2,0.2,0.2,0.2,0.2
y2025_h03_o2025-06,D,val_isotonic_calib_0.2,0.2,0.2,0.2,0.2
y2025_h03_o2025-06,D,val_isotonic_then_perphase_macro_f1,0.3,0.225,0.125,0.05
y2025_h03_o2025-07,A,canonical_0.2,0.2,0.2,0.2,0.2
y2025_h03_o2025-07,A,val_global_th_f2,0.05,0.05,0.05,0.05
y2025_h03_o2025-07,A,val_global_th_macro_f1,0.325,0.325,0.325,0.325
y2025_h03_o2025-07,A,val_perphase_th_macro_f1,0.45,0.3,0.2,0.05
y2025_h03_o2025-07,A,val_perphase_th_accuracy,0.05,0.325,0.3,0.05
y2025_h03_o2025-07,A,val_shift_calib_0.2,0.2,0.2,0.2,0.2
y2025_h03_o2025-07,A,val_isotonic_calib_0.2,0.2,0.2,0.2,0.2
y2025_h03_o2025-07,A,val_isotonic_then_perphase_macro_f1,0.45,0.225,0.075,0.05
y2025_h03_o2025-07,B,canonical_0.2,0.2,0.2,0.2,0.2
y2025_h03_o2025-07,B,val_global_th_f2,0.05,0.05,0.05,0.05
y2025_h03_o2025-07,B,val_global_th_macro_f1,0.3,0.3,0.3,0.3
y2025_h03_o2025-07,B,val_perphase_th_macro_f1,0.5,0.3,0.175,0.05
y2025_h03_o2025-07,B,val_perphase_th_accuracy,0.4,0.35,0.25,0.05
y2025_h03_o2025-07,B,val_shift_calib_0.2,0.2,0.2,0.2,0.2
y2025_h03_o2025-07,B,val_isotonic_calib_0.2,0.2,0.2,0.2,0.2
y2025_h03_o2025-07,B,val_isotonic_then_perphase_macro_f1,0.45,0.225,0.075,0.05
y2025_h03_o2025-07,C,canonical_0.2,0.2,0.2,0.2,0.2
y2025_h03_o2025-07,C,val_global_th_f2,0.05,0.05,0.05,0.05
y2025_h03_o2025-07,C,val_global_th_macro_f1,0.375,0.375,0.375,0.375
y2025_h03_o2025-07,C,val_perphase_th_macro_f1,0.45,0.325,0.2,0.075
y2025_h03_o2025-07,C,val_perphase_th_accuracy,0.05,0.375,0.25,0.075
y2025_h03_o2025-07,C,val_shift_calib_0.2,0.2,0.2,0.2,0.2
y2025_h03_o2025-07,C,val_isotonic_calib_0.2,0.2,0.2,0.2,0.2
y2025_h03_o2025-07,C,val_isotonic_then_perphase_macro_f1,0.425,0.225,0.1,0.05
y2025_h03_o2025-07,D,canonical_0.2,0.2,0.2,0.2,0.2
y2025_h03_o2025-07,D,val_global_th_f2,0.1,0.1,0.1,0.1
y2025_h03_o2025-07,D,val_global_th_macro_f1,0.25,0.25,0.25,0.25
y2025_h03_o2025-07,D,val_perphase_th_macro_f1,0.25,0.275,0.175,0.15
y2025_h03_o2025-07,D,val_perphase_th_accuracy,0.25,0.3,0.25,0.15
y2025_h03_o2025-07,D,val_shift_calib_0.2,0.2,0.2,0.2,0.2
y2025_h03_o2025-07,D,val_isotonic_calib_0.2,0.2,0.2,0.2,0.2
y2025_h03_o2025-07,D,val_isotonic_then_perphase_macro_f1,0.3,0.225,0.125,0.05
y2025_h06_o2024-10,A,canonical_0.2,0.2,0.2,0.2,0.2
y2025_h06_o2024-10,A,val_global_th_f2,0.125,0.125,0.125,0.125
y2025_h06_o2024-10,A,val_global_th_macro_f1,0.35,0.35,0.35,0.35
y2025_h06_o2024-10,A,val_perphase_th_macro_f1,0.375,0.325,0.175,0.1
y2025_h06_o2024-10,A,val_perphase_th_accuracy,0.05,0.425,0.25,0.1
y2025_h06_o2024-10,A,val_shift_calib_0.2,0.2,0.2,0.2,0.2
y2025_h06_o2024-10,A,val_isotonic_calib_0.2,0.2,0.2,0.2,0.2
y2025_h06_o2024-10,A,val_isotonic_then_perphase_macro_f1,0.4,0.225,0.075,0.05
y2025_h06_o2024-10,B,canonical_0.2,0.2,0.2,0.2,0.2
y2025_h06_o2024-10,B,val_global_th_f2,0.05,0.05,0.05,0.05
y2025_h06_o2024-10,B,val_global_th_macro_f1,0.3,0.3,0.3,0.3
y2025_h06_o2024-10,B,val_perphase_th_macro_f1,0.4,0.325,0.175,0.075
y2025_h06_o2024-10,B,val_perphase_th_accuracy,0.05,0.25,0.25,0.075
y2025_h06_o2024-10,B,val_shift_calib_0.2,0.2,0.2,0.2,0.2
y2025_h06_o2024-10,B,val_isotonic_calib_0.2,0.2,0.2,0.2,0.2
y2025_h06_o2024-10,B,val_isotonic_then_perphase_macro_f1,0.425,0.225,0.075,0.05
y2025_h06_o2024-10,C,canonical_0.2,0.2,0.2,0.2,0.2
y2025_h06_o2024-10,C,val_global_th_f2,0.15,0.15,0.15,0.15
y2025_h06_o2024-10,C,val_global_th_macro_f1,0.275,0.275,0.275,0.275
y2025_h06_o2024-10,C,val_perphase_th_macro_f1,0.45,0.35,0.175,0.1
y2025_h06_o2024-10,C,val_perphase_th_accuracy,0.05,0.2,0.225,0.1
y2025_h06_o2024-10,C,val_shift_calib_0.2,0.2,0.2,0.2,0.2
y2025_h06_o2024-10,C,val_isotonic_calib_0.2,0.2,0.2,0.2,0.2
y2025_h06_o2024-10,C,val_isotonic_then_perphase_macro_f1,0.4,0.225,0.075,0.05
y2025_h06_o2024-10,D,canonical_0.2,0.2,0.2,0.2,0.2
y2025_h06_o2024-10,D,val_global_th_f2,0.1,0.1,0.1,0.1
y2025_h06_o2024-10,D,val_global_th_macro_f1,0.3,0.3,0.3,0.3
y2025_h06_o2024-10,D,val_perphase_th_macro_f1,0.375,0.25,0.175,0.075
y2025_h06_o2024-10,D,val_perphase_th_accuracy,0.05,0.25,0.25,0.075
y2025_h06_o2024-10,D,val_shift_calib_0.2,0.2,0.2,0.2,0.2
y2025_h06_o2024-10,D,val_isotonic_calib_0.2,0.2,0.2,0.2,0.2
y2025_h06_o2024-10,D,val_isotonic_then_perphase_macro_f1,0.45,0.225,0.075,0.05
y2025_h06_o2025-01,A,canonical_0.2,0.2,0.2,0.2,0.2
y2025_h06_o2025-01,A,val_global_th_f2,0.125,0.125,0.125,0.125
y2025_h06_o2025-01,A,val_global_th_macro_f1,0.35,0.35,0.35,0.35
y2025_h06_o2025-01,A,val_perphase_th_macro_f1,0.375,0.325,0.175,0.1
y2025_h06_o2025-01,A,val_perphase_th_accuracy,0.05,0.425,0.25,0.1
y2025_h06_o2025-01,A,val_shift_calib_0.2,0.2,0.2,0.2,0.2
y2025_h06_o2025-01,A,val_isotonic_calib_0.2,0.2,0.2,0.2,0.2
y2025_h06_o2025-01,A,val_isotonic_then_perphase_macro_f1,0.4,0.225,0.075,0.05
y2025_h06_o2025-01,B,canonical_0.2,0.2,0.2,0.2,0.2
y2025_h06_o2025-01,B,val_global_th_f2,0.05,0.05,0.05,0.05
y2025_h06_o2025-01,B,val_global_th_macro_f1,0.3,0.3,0.3,0.3
y2025_h06_o2025-01,B,val_perphase_th_macro_f1,0.4,0.325,0.175,0.075
y2025_h06_o2025-01,B,val_perphase_th_accuracy,0.05,0.25,0.25,0.075
y2025_h06_o2025-01,B,val_shift_calib_0.2,0.2,0.2,0.2,0.2
y2025_h06_o2025-01,B,val_isotonic_calib_0.2,0.2,0.2,0.2,0.2
y2025_h06_o2025-01,B,val_isotonic_then_perphase_macro_f1,0.425,0.225,0.075,0.05
y2025_h06_o2025-01,C,canonical_0.2,0.2,0.2,0.2,0.2
y2025_h06_o2025-01,C,val_global_th_f2,0.15,0.15,0.15,0.15
y2025_h06_o2025-01,C,val_global_th_macro_f1,0.275,0.275,0.275,0.275
y2025_h06_o2025-01,C,val_perphase_th_macro_f1,0.45,0.35,0.175,0.1
y2025_h06_o2025-01,C,val_perphase_th_accuracy,0.05,0.2,0.225,0.1
y2025_h06_o2025-01,C,val_shift_calib_0.2,0.2,0.2,0.2,0.2
y2025_h06_o2025-01,C,val_isotonic_calib_0.2,0.2,0.2,0.2,0.2
y2025_h06_o2025-01,C,val_isotonic_then_perphase_macro_f1,0.4,0.225,0.075,0.05
y2025_h06_o2025-01,D,canonical_0.2,0.2,0.2,0.2,0.2
y2025_h06_o2025-01,D,val_global_th_f2,0.1,0.1,0.1,0.1
y2025_h06_o2025-01,D,val_global_th_macro_f1,0.3,0.3,0.3,0.3
y2025_h06_o2025-01,D,val_perphase_th_macro_f1,0.375,0.25,0.175,0.075
y2025_h06_o2025-01,D,val_perphase_th_accuracy,0.05,0.25,0.25,0.075
y2025_h06_o2025-01,D,val_shift_calib_0.2,0.2,0.2,0.2,0.2
y2025_h06_o2025-01,D,val_isotonic_calib_0.2,0.2,0.2,0.2,0.2
y2025_h06_o2025-01,D,val_isotonic_then_perphase_macro_f1,0.45,0.225,0.075,0.05
y2025_h06_o2025-03,A,canonical_0.2,0.2,0.2,0.2,0.2
y2025_h06_o2025-03,A,val_global_th_f2,0.125,0.125,0.125,0.125
y2025_h06_o2025-03,A,val_global_th_macro_f1,0.35,0.35,0.35,0.35
y2025_h06_o2025-03,A,val_perphase_th_macro_f1,0.375,0.325,0.175,0.1
y2025_h06_o2025-03,A,val_perphase_th_accuracy,0.05,0.425,0.25,0.1
y2025_h06_o2025-03,A,val_shift_calib_0.2,0.2,0.2,0.2,0.2
y2025_h06_o2025-03,A,val_isotonic_calib_0.2,0.2,0.2,0.2,0.2
y2025_h06_o2025-03,A,val_isotonic_then_perphase_macro_f1,0.4,0.225,0.075,0.05
y2025_h06_o2025-03,B,canonical_0.2,0.2,0.2,0.2,0.2
y2025_h06_o2025-03,B,val_global_th_f2,0.05,0.05,0.05,0.05
y2025_h06_o2025-03,B,val_global_th_macro_f1,0.3,0.3,0.3,0.3
y2025_h06_o2025-03,B,val_perphase_th_macro_f1,0.4,0.325,0.175,0.075
y2025_h06_o2025-03,B,val_perphase_th_accuracy,0.05,0.25,0.25,0.075
y2025_h06_o2025-03,B,val_shift_calib_0.2,0.2,0.2,0.2,0.2
y2025_h06_o2025-03,B,val_isotonic_calib_0.2,0.2,0.2,0.2,0.2
y2025_h06_o2025-03,B,val_isotonic_then_perphase_macro_f1,0.425,0.225,0.075,0.05
y2025_h06_o2025-03,C,canonical_0.2,0.2,0.2,0.2,0.2
y2025_h06_o2025-03,C,val_global_th_f2,0.15,0.15,0.15,0.15
y2025_h06_o2025-03,C,val_global_th_macro_f1,0.275,0.275,0.275,0.275
y2025_h06_o2025-03,C,val_perphase_th_macro_f1,0.45,0.35,0.175,0.1
y2025_h06_o2025-03,C,val_perphase_th_accuracy,0.05,0.2,0.225,0.1
y2025_h06_o2025-03,C,val_shift_calib_0.2,0.2,0.2,0.2,0.2
y2025_h06_o2025-03,C,val_isotonic_calib_0.2,0.2,0.2,0.2,0.2
y2025_h06_o2025-03,C,val_isotonic_then_perphase_macro_f1,0.4,0.225,0.075,0.05
y2025_h06_o2025-03,D,canonical_0.2,0.2,0.2,0.2,0.2
y2025_h06_o2025-03,D,val_global_th_f2,0.1,0.1,0.1,0.1
y2025_h06_o2025-03,D,val_global_th_macro_f1,0.3,0.3,0.3,0.3
y2025_h06_o2025-03,D,val_perphase_th_macro_f1,0.375,0.25,0.175,0.075
y2025_h06_o2025-03,D,val_perphase_th_accuracy,0.05,0.25,0.25,0.075
y2025_h06_o2025-03,D,val_shift_calib_0.2,0.2,0.2,0.2,0.2
y2025_h06_o2025-03,D,val_isotonic_calib_0.2,0.2,0.2,0.2,0.2
y2025_h06_o2025-03,D,val_isotonic_then_perphase_macro_f1,0.45,0.225,0.075,0.05
y2025_h06_o2025-04,A,canonical_0.2,0.2,0.2,0.2,0.2
y2025_h06_o2025-04,A,val_global_th_f2,0.125,0.125,0.125,0.125
y2025_h06_o2025-04,A,val_global_th_macro_f1,0.35,0.35,0.35,0.35
y2025_h06_o2025-04,A,val_perphase_th_macro_f1,0.375,0.325,0.175,0.1
y2025_h06_o2025-04,A,val_perphase_th_accuracy,0.05,0.425,0.25,0.1
y2025_h06_o2025-04,A,val_shift_calib_0.2,0.2,0.2,0.2,0.2
y2025_h06_o2025-04,A,val_isotonic_calib_0.2,0.2,0.2,0.2,0.2
y2025_h06_o2025-04,A,val_isotonic_then_perphase_macro_f1,0.4,0.225,0.075,0.05
y2025_h06_o2025-04,B,canonical_0.2,0.2,0.2,0.2,0.2
y2025_h06_o2025-04,B,val_global_th_f2,0.05,0.05,0.05,0.05
y2025_h06_o2025-04,B,val_global_th_macro_f1,0.3,0.3,0.3,0.3
y2025_h06_o2025-04,B,val_perphase_th_macro_f1,0.4,0.325,0.175,0.075
y2025_h06_o2025-04,B,val_perphase_th_accuracy,0.05,0.25,0.25,0.075
y2025_h06_o2025-04,B,val_shift_calib_0.2,0.2,0.2,0.2,0.2
y2025_h06_o2025-04,B,val_isotonic_calib_0.2,0.2,0.2,0.2,0.2
y2025_h06_o2025-04,B,val_isotonic_then_perphase_macro_f1,0.425,0.225,0.075,0.05
y2025_h06_o2025-04,C,canonical_0.2,0.2,0.2,0.2,0.2
y2025_h06_o2025-04,C,val_global_th_f2,0.15,0.15,0.15,0.15
y2025_h06_o2025-04,C,val_global_th_macro_f1,0.275,0.275,0.275,0.275
y2025_h06_o2025-04,C,val_perphase_th_macro_f1,0.45,0.35,0.175,0.1
y2025_h06_o2025-04,C,val_perphase_th_accuracy,0.05,0.2,0.225,0.1
y2025_h06_o2025-04,C,val_shift_calib_0.2,0.2,0.2,0.2,0.2
y2025_h06_o2025-04,C,val_isotonic_calib_0.2,0.2,0.2,0.2,0.2
y2025_h06_o2025-04,C,val_isotonic_then_perphase_macro_f1,0.4,0.225,0.075,0.05
y2025_h06_o2025-04,D,canonical_0.2,0.2,0.2,0.2,0.2
y2025_h06_o2025-04,D,val_global_th_f2,0.1,0.1,0.1,0.1
y2025_h06_o2025-04,D,val_global_th_macro_f1,0.3,0.3,0.3,0.3
y2025_h06_o2025-04,D,val_perphase_th_macro_f1,0.375,0.25,0.175,0.075
y2025_h06_o2025-04,D,val_perphase_th_accuracy,0.05,0.25,0.25,0.075
y2025_h06_o2025-04,D,val_shift_calib_0.2,0.2,0.2,0.2,0.2
y2025_h06_o2025-04,D,val_isotonic_calib_0.2,0.2,0.2,0.2,0.2
y2025_h06_o2025-04,D,val_isotonic_then_perphase_macro_f1,0.45,0.225,0.075,0.05
y2025_h12_o2024-04,A,canonical_0.2,0.2,0.2,0.2,0.2
y2025_h12_o2024-04,A,val_global_th_f2,0.125,0.125,0.125,0.125
y2025_h12_o2024-04,A,val_global_th_macro_f1,0.375,0.375,0.375,0.375
y2025_h12_o2024-04,A,val_perphase_th_macro_f1,0.375,0.325,0.2,0.075
y2025_h12_o2024-04,A,val_perphase_th_accuracy,0.05,0.05,0.25,0.075
y2025_h12_o2024-04,A,val_shift_calib_0.2,0.2,0.2,0.2,0.2
y2025_h12_o2024-04,A,val_isotonic_calib_0.2,0.2,0.2,0.2,0.2
y2025_h12_o2024-04,A,val_isotonic_then_perphase_macro_f1,0.475,0.275,0.075,0.05
y2025_h12_o2024-04,B,canonical_0.2,0.2,0.2,0.2,0.2
y2025_h12_o2024-04,B,val_global_th_f2,0.1,0.1,0.1,0.1
y2025_h12_o2024-04,B,val_global_th_macro_f1,0.375,0.375,0.375,0.375
y2025_h12_o2024-04,B,val_perphase_th_macro_f1,0.375,0.35,0.225,0.05
y2025_h12_o2024-04,B,val_perphase_th_accuracy,0.475,0.175,0.3,0.05
y2025_h12_o2024-04,B,val_shift_calib_0.2,0.2,0.2,0.2,0.2
y2025_h12_o2024-04,B,val_isotonic_calib_0.2,0.2,0.2,0.2,0.2
y2025_h12_o2024-04,B,val_isotonic_then_perphase_macro_f1,0.5,0.15,0.075,0.05
y2025_h12_o2024-04,C,canonical_0.2,0.2,0.2,0.2,0.2
y2025_h12_o2024-04,C,val_global_th_f2,0.175,0.175,0.175,0.175
y2025_h12_o2024-04,C,val_global_th_macro_f1,0.35,0.35,0.35,0.35
y2025_h12_o2024-04,C,val_perphase_th_macro_f1,0.375,0.35,0.175,0.05
y2025_h12_o2024-04,C,val_perphase_th_accuracy,0.35,0.175,0.3,0.05
y2025_h12_o2024-04,C,val_shift_calib_0.2,0.2,0.2,0.2,0.2
y2025_h12_o2024-04,C,val_isotonic_calib_0.2,0.2,0.2,0.2,0.2
y2025_h12_o2024-04,C,val_isotonic_then_perphase_macro_f1,0.5,0.075,0.075,0.05
y2025_h12_o2024-04,D,canonical_0.2,0.2,0.2,0.2,0.2
y2025_h12_o2024-04,D,val_global_th_f2,0.125,0.125,0.125,0.125
y2025_h12_o2024-04,D,val_global_th_macro_f1,0.375,0.375,0.375,0.375
y2025_h12_o2024-04,D,val_perphase_th_macro_f1,0.4,0.35,0.2,0.05
y2025_h12_o2024-04,D,val_perphase_th_accuracy,0.05,0.05,0.275,0.05
y2025_h12_o2024-04,D,val_shift_calib_0.2,0.2,0.2,0.2,0.2
y2025_h12_o2024-04,D,val_isotonic_calib_0.2,0.2,0.2,0.2,0.2
y2025_h12_o2024-04,D,val_isotonic_then_perphase_macro_f1,0.5,0.15,0.075,0.05
y2025_h12_o2024-07,A,canonical_0.2,0.2,0.2,0.2,0.2
y2025_h12_o2024-07,A,val_global_th_f2,0.125,0.125,0.125,0.125
y2025_h12_o2024-07,A,val_global_th_macro_f1,0.35,0.35,0.35,0.35
y2025_h12_o2024-07,A,val_perphase_th_macro_f1,0.35,0.35,0.2,0.125
y2025_h12_o2024-07,A,val_perphase_th_accuracy,0.05,0.375,0.275,0.125
y2025_h12_o2024-07,A,val_shift_calib_0.2,0.2,0.2,0.2,0.2
y2025_h12_o2024-07,A,val_isotonic_calib_0.2,0.2,0.2,0.2,0.2
y2025_h12_o2024-07,A,val_isotonic_then_perphase_macro_f1,0.4,0.225,0.1,0.05
y2025_h12_o2024-07,B,canonical_0.2,0.2,0.2,0.2,0.2
y2025_h12_o2024-07,B,val_global_th_f2,0.1,0.1,0.1,0.1
y2025_h12_o2024-07,B,val_global_th_macro_f1,0.375,0.375,0.375,0.375
y2025_h12_o2024-07,B,val_perphase_th_macro_f1,0.375,0.35,0.225,0.1
y2025_h12_o2024-07,B,val_perphase_th_accuracy,0.3,0.35,0.3,0.1
y2025_h12_o2024-07,B,val_shift_calib_0.2,0.2,0.2,0.2,0.2
y2025_h12_o2024-07,B,val_isotonic_calib_0.2,0.2,0.2,0.2,0.2
y2025_h12_o2024-07,B,val_isotonic_then_perphase_macro_f1,0.45,0.225,0.075,0.05
y2025_h12_o2024-07,C,canonical_0.2,0.2,0.2,0.2,0.2
y2025_h12_o2024-07,C,val_global_th_f2,0.175,0.175,0.175,0.175
y2025_h12_o2024-07,C,val_global_th_macro_f1,0.35,0.35,0.35,0.35
y2025_h12_o2024-07,C,val_perphase_th_macro_f1,0.35,0.35,0.175,0.1
y2025_h12_o2024-07,C,val_perphase_th_accuracy,0.275,0.375,0.25,0.1
y2025_h12_o2024-07,C,val_shift_calib_0.2,0.2,0.2,0.2,0.2
y2025_h12_o2024-07,C,val_isotonic_calib_0.2,0.2,0.2,0.2,0.2
y2025_h12_o2024-07,C,val_isotonic_then_perphase_macro_f1,0.5,0.225,0.075,0.05
y2025_h12_o2024-07,D,canonical_0.2,0.2,0.2,0.2,0.2
y2025_h12_o2024-07,D,val_global_th_f2,0.125,0.125,0.125,0.125
y2025_h12_o2024-07,D,val_global_th_macro_f1,0.375,0.375,0.375,0.375
y2025_h12_o2024-07,D,val_perphase_th_macro_f1,0.4,0.35,0.225,0.1
y2025_h12_o2024-07,D,val_perphase_th_accuracy,0.325,0.35,0.3,0.1
y2025_h12_o2024-07,D,val_shift_calib_0.2,0.2,0.2,0.2,0.2
y2025_h12_o2024-07,D,val_isotonic_calib_0.2,0.2,0.2,0.2,0.2
y2025_h12_o2024-07,D,val_isotonic_then_perphase_macro_f1,0.475,0.225,0.075,0.05
y2025_h12_o2024-09,A,canonical_0.2,0.2,0.2,0.2,0.2
y2025_h12_o2024-09,A,val_global_th_f2,0.125,0.125,0.125,0.125
y2025_h12_o2024-09,A,val_global_th_macro_f1,0.35,0.35,0.35,0.35
y2025_h12_o2024-09,A,val_perphase_th_macro_f1,0.35,0.35,0.2,0.125
y2025_h12_o2024-09,A,val_perphase_th_accuracy,0.05,0.375,0.275,0.125
y2025_h12_o2024-09,A,val_shift_calib_0.2,0.2,0.2,0.2,0.2
y2025_h12_o2024-09,A,val_isotonic_calib_0.2,0.2,0.2,0.2,0.2
y2025_h12_o2024-09,A,val_isotonic_then_perphase_macro_f1,0.4,0.225,0.1,0.05
y2025_h12_o2024-09,B,canonical_0.2,0.2,0.2,0.2,0.2
y2025_h12_o2024-09,B,val_global_th_f2,0.1,0.1,0.1,0.1
y2025_h12_o2024-09,B,val_global_th_macro_f1,0.375,0.375,0.375,0.375
y2025_h12_o2024-09,B,val_perphase_th_macro_f1,0.375,0.35,0.225,0.1
y2025_h12_o2024-09,B,val_perphase_th_accuracy,0.3,0.35,0.3,0.1
y2025_h12_o2024-09,B,val_shift_calib_0.2,0.2,0.2,0.2,0.2
y2025_h12_o2024-09,B,val_isotonic_calib_0.2,0.2,0.2,0.2,0.2
y2025_h12_o2024-09,B,val_isotonic_then_perphase_macro_f1,0.45,0.225,0.075,0.05
y2025_h12_o2024-09,C,canonical_0.2,0.2,0.2,0.2,0.2
y2025_h12_o2024-09,C,val_global_th_f2,0.175,0.175,0.175,0.175
y2025_h12_o2024-09,C,val_global_th_macro_f1,0.35,0.35,0.35,0.35
y2025_h12_o2024-09,C,val_perphase_th_macro_f1,0.35,0.35,0.175,0.1
y2025_h12_o2024-09,C,val_perphase_th_accuracy,0.275,0.375,0.25,0.1
y2025_h12_o2024-09,C,val_shift_calib_0.2,0.2,0.2,0.2,0.2
y2025_h12_o2024-09,C,val_isotonic_calib_0.2,0.2,0.2,0.2,0.2
y2025_h12_o2024-09,C,val_isotonic_then_perphase_macro_f1,0.5,0.225,0.075,0.05
y2025_h12_o2024-09,D,canonical_0.2,0.2,0.2,0.2,0.2
y2025_h12_o2024-09,D,val_global_th_f2,0.125,0.125,0.125,0.125
y2025_h12_o2024-09,D,val_global_th_macro_f1,0.375,0.375,0.375,0.375
y2025_h12_o2024-09,D,val_perphase_th_macro_f1,0.4,0.35,0.225,0.1
y2025_h12_o2024-09,D,val_perphase_th_accuracy,0.325,0.35,0.3,0.1
y2025_h12_o2024-09,D,val_shift_calib_0.2,0.2,0.2,0.2,0.2
y2025_h12_o2024-09,D,val_isotonic_calib_0.2,0.2,0.2,0.2,0.2
y2025_h12_o2024-09,D,val_isotonic_then_perphase_macro_f1,0.475,0.225,0.075,0.05
y2025_h12_o2024-10,A,canonical_0.2,0.2,0.2,0.2,0.2
y2025_h12_o2024-10,A,val_global_th_f2,0.125,0.125,0.125,0.125
y2025_h12_o2024-10,A,val_global_th_macro_f1,0.35,0.35,0.35,0.35
y2025_h12_o2024-10,A,val_perphase_th_macro_f1,0.35,0.35,0.2,0.125
y2025_h12_o2024-10,A,val_perphase_th_accuracy,0.05,0.375,0.275,0.125
y2025_h12_o2024-10,A,val_shift_calib_0.2,0.2,0.2,0.2,0.2
y2025_h12_o2024-10,A,val_isotonic_calib_0.2,0.2,0.2,0.2,0.2
y2025_h12_o2024-10,A,val_isotonic_then_perphase_macro_f1,0.4,0.225,0.1,0.05
y2025_h12_o2024-10,B,canonical_0.2,0.2,0.2,0.2,0.2
y2025_h12_o2024-10,B,val_global_th_f2,0.1,0.1,0.1,0.1
y2025_h12_o2024-10,B,val_global_th_macro_f1,0.375,0.375,0.375,0.375
y2025_h12_o2024-10,B,val_perphase_th_macro_f1,0.375,0.35,0.225,0.1
y2025_h12_o2024-10,B,val_perphase_th_accuracy,0.3,0.35,0.3,0.1
y2025_h12_o2024-10,B,val_shift_calib_0.2,0.2,0.2,0.2,0.2
y2025_h12_o2024-10,B,val_isotonic_calib_0.2,0.2,0.2,0.2,0.2
y2025_h12_o2024-10,B,val_isotonic_then_perphase_macro_f1,0.45,0.225,0.075,0.05
y2025_h12_o2024-10,C,canonical_0.2,0.2,0.2,0.2,0.2
y2025_h12_o2024-10,C,val_global_th_f2,0.175,0.175,0.175,0.175
y2025_h12_o2024-10,C,val_global_th_macro_f1,0.35,0.35,0.35,0.35
y2025_h12_o2024-10,C,val_perphase_th_macro_f1,0.35,0.35,0.175,0.1
y2025_h12_o2024-10,C,val_perphase_th_accuracy,0.275,0.375,0.25,0.1
y2025_h12_o2024-10,C,val_shift_calib_0.2,0.2,0.2,0.2,0.2
y2025_h12_o2024-10,C,val_isotonic_calib_0.2,0.2,0.2,0.2,0.2
y2025_h12_o2024-10,C,val_isotonic_then_perphase_macro_f1,0.5,0.225,0.075,0.05
y2025_h12_o2024-10,D,canonical_0.2,0.2,0.2,0.2,0.2
y2025_h12_o2024-10,D,val_global_th_f2,0.125,0.125,0.125,0.125
y2025_h12_o2024-10,D,val_global_th_macro_f1,0.375,0.375,0.375,0.375
y2025_h12_o2024-10,D,val_perphase_th_macro_f1,0.4,0.35,0.225,0.1
y2025_h12_o2024-10,D,val_perphase_th_accuracy,0.325,0.35,0.3,0.1
y2025_h12_o2024-10,D,val_shift_calib_0.2,0.2,0.2,0.2,0.2
y2025_h12_o2024-10,D,val_isotonic_calib_0.2,0.2,0.2,0.2,0.2
y2025_h12_o2024-10,D,val_isotonic_then_perphase_macro_f1,0.475,0.225,0.075,0.05
y2026_h00_o2026-04,A,canonical_0.2,0.2,0.2,0.2,0.2
y2026_h00_o2026-04,A,val_global_th_f2,0.05,0.05,0.05,0.05
y2026_h00_o2026-04,A,val_global_th_macro_f1,0.35,0.35,0.35,0.35
y2026_h00_o2026-04,A,val_perphase_th_macro_f1,0.05,0.35,0.175,0.05
y2026_h00_o2026-04,A,val_perphase_th_accuracy,0.05,0.3,0.2,0.05
y2026_h00_o2026-04,A,val_shift_calib_0.2,0.2,0.2,0.2,0.2
y2026_h00_o2026-04,A,val_isotonic_calib_0.2,0.2,0.2,0.2,0.2
y2026_h00_o2026-04,A,val_isotonic_then_perphase_macro_f1,0.05,0.05,0.075,0.05
y2026_h00_o2026-04,B,canonical_0.2,0.2,0.2,0.2,0.2
y2026_h00_o2026-04,B,val_global_th_f2,0.05,0.05,0.05,0.05
y2026_h00_o2026-04,B,val_global_th_macro_f1,0.325,0.325,0.325,0.325
y2026_h00_o2026-04,B,val_perphase_th_macro_f1,0.05,0.325,0.275,0.05
y2026_h00_o2026-04,B,val_perphase_th_accuracy,0.05,0.275,0.275,0.05
y2026_h00_o2026-04,B,val_shift_calib_0.2,0.2,0.2,0.2,0.2
y2026_h00_o2026-04,B,val_isotonic_calib_0.2,0.2,0.2,0.2,0.2
y2026_h00_o2026-04,B,val_isotonic_then_perphase_macro_f1,0.05,0.05,0.125,0.05
y2026_h00_o2026-04,C,canonical_0.2,0.2,0.2,0.2,0.2
y2026_h00_o2026-04,C,val_global_th_f2,0.05,0.05,0.05,0.05
y2026_h00_o2026-04,C,val_global_th_macro_f1,0.325,0.325,0.325,0.325
y2026_h00_o2026-04,C,val_perphase_th_macro_f1,0.05,0.325,0.275,0.05
y2026_h00_o2026-04,C,val_perphase_th_accuracy,0.05,0.275,0.275,0.05
y2026_h00_o2026-04,C,val_shift_calib_0.2,0.2,0.2,0.2,0.2
y2026_h00_o2026-04,C,val_isotonic_calib_0.2,0.2,0.2,0.2,0.2
y2026_h00_o2026-04,C,val_isotonic_then_perphase_macro_f1,0.05,0.05,0.125,0.05
y2026_h00_o2026-04,D,canonical_0.2,0.2,0.2,0.2,0.2
y2026_h00_o2026-04,D,val_global_th_f2,0.05,0.05,0.05,0.05
y2026_h00_o2026-04,D,val_global_th_macro_f1,0.275,0.275,0.275,0.275
y2026_h00_o2026-04,D,val_perphase_th_macro_f1,0.05,0.275,0.175,0.05
y2026_h00_o2026-04,D,val_perphase_th_accuracy,0.05,0.275,0.225,0.05
y2026_h00_o2026-04,D,val_shift_calib_0.2,0.2,0.2,0.2,0.2
y2026_h00_o2026-04,D,val_isotonic_calib_0.2,0.2,0.2,0.2,0.2
y2026_h00_o2026-04,D,val_isotonic_then_perphase_macro_f1,0.05,0.225,0.125,0.05
y2026_h03_o2026-01,A,canonical_0.2,0.2,0.2,0.2,0.2
y2026_h03_o2026-01,A,val_global_th_f2,0.05,0.05,0.05,0.05
y2026_h03_o2026-01,A,val_global_th_macro_f1,0.3,0.3,0.3,0.3
y2026_h03_o2026-01,A,val_perphase_th_macro_f1,0.05,0.3,0.15,0.05
y2026_h03_o2026-01,A,val_perphase_th_accuracy,0.05,0.225,0.225,0.05
y2026_h03_o2026-01,A,val_shift_calib_0.2,0.2,0.2,0.2,0.2
y2026_h03_o2026-01,A,val_isotonic_calib_0.2,0.2,0.2,0.2,0.2
y2026_h03_o2026-01,A,val_isotonic_then_perphase_macro_f1,0.05,0.05,0.075,0.05
y2026_h03_o2026-01,B,canonical_0.2,0.2,0.2,0.2,0.2
y2026_h03_o2026-01,B,val_global_th_f2,0.05,0.05,0.05,0.05
y2026_h03_o2026-01,B,val_global_th_macro_f1,0.3,0.3,0.3,0.3
y2026_h03_o2026-01,B,val_perphase_th_macro_f1,0.05,0.325,0.075,0.05
y2026_h03_o2026-01,B,val_perphase_th_accuracy,0.05,0.05,0.125,0.05
y2026_h03_o2026-01,B,val_shift_calib_0.2,0.2,0.2,0.2,0.2
y2026_h03_o2026-01,B,val_isotonic_calib_0.2,0.2,0.2,0.2,0.2
y2026_h03_o2026-01,B,val_isotonic_then_perphase_macro_f1,0.05,0.25,0.05,0.05
y2026_h03_o2026-01,C,canonical_0.2,0.2,0.2,0.2,0.2
y2026_h03_o2026-01,C,val_global_th_f2,0.05,0.05,0.05,0.05
y2026_h03_o2026-01,C,val_global_th_macro_f1,0.275,0.275,0.275,0.275
y2026_h03_o2026-01,C,val_perphase_th_macro_f1,0.05,0.275,0.1,0.05
y2026_h03_o2026-01,C,val_perphase_th_accuracy,0.05,0.05,0.125,0.05
y2026_h03_o2026-01,C,val_shift_calib_0.2,0.2,0.2,0.2,0.2
y2026_h03_o2026-01,C,val_isotonic_calib_0.2,0.2,0.2,0.2,0.2
y2026_h03_o2026-01,C,val_isotonic_then_perphase_macro_f1,0.05,0.225,0.075,0.05
y2026_h03_o2026-01,D,canonical_0.2,0.2,0.2,0.2,0.2
y2026_h03_o2026-01,D,val_global_th_f2,0.175,0.175,0.175,0.175
y2026_h03_o2026-01,D,val_global_th_macro_f1,0.2,0.2,0.2,0.2
y2026_h03_o2026-01,D,val_perphase_th_macro_f1,0.05,0.225,0.175,0.05
y2026_h03_o2026-01,D,val_perphase_th_accuracy,0.05,0.225,0.2,0.05
y2026_h03_o2026-01,D,val_shift_calib_0.2,0.2,0.2,0.2,0.2
y2026_h03_o2026-01,D,val_isotonic_calib_0.2,0.2,0.2,0.2,0.2
y2026_h03_o2026-01,D,val_isotonic_then_perphase_macro_f1,0.05,0.225,0.075,0.05
y2026_h06_o2025-10,A,canonical_0.2,0.2,0.2,0.2,0.2
y2026_h06_o2025-10,A,val_global_th_f2,0.175,0.175,0.175,0.175
y2026_h06_o2025-10,A,val_global_th_macro_f1,0.2,0.2,0.2,0.2
y2026_h06_o2025-10,A,val_perphase_th_macro_f1,0.05,0.225,0.1,0.05
y2026_h06_o2025-10,A,val_perphase_th_accuracy,0.05,0.225,0.15,0.05
y2026_h06_o2025-10,A,val_shift_calib_0.2,0.2,0.2,0.2,0.2
y2026_h06_o2025-10,A,val_isotonic_calib_0.2,0.2,0.2,0.2,0.2
y2026_h06_o2025-10,A,val_isotonic_then_perphase_macro_f1,0.05,0.2,0.1,0.05
y2026_h06_o2025-10,B,canonical_0.2,0.2,0.2,0.2,0.2
y2026_h06_o2025-10,B,val_global_th_f2,0.15,0.15,0.15,0.15
y2026_h06_o2025-10,B,val_global_th_macro_f1,0.225,0.225,0.225,0.225
y2026_h06_o2025-10,B,val_perphase_th_macro_f1,0.05,0.225,0.1,0.05
y2026_h06_o2025-10,B,val_perphase_th_accuracy,0.05,0.225,0.15,0.05
y2026_h06_o2025-10,B,val_shift_calib_0.2,0.2,0.2,0.2,0.2
y2026_h06_o2025-10,B,val_isotonic_calib_0.2,0.2,0.2,0.2,0.2
y2026_h06_o2025-10,B,val_isotonic_then_perphase_macro_f1,0.05,0.225,0.1,0.05
y2026_h06_o2025-10,C,canonical_0.2,0.2,0.2,0.2,0.2
y2026_h06_o2025-10,C,val_global_th_f2,0.15,0.15,0.15,0.15
y2026_h06_o2025-10,C,val_global_th_macro_f1,0.2,0.2,0.2,0.2
y2026_h06_o2025-10,C,val_perphase_th_macro_f1,0.05,0.25,0.1,0.05
y2026_h06_o2025-10,C,val_perphase_th_accuracy,0.05,0.25,0.15,0.05
y2026_h06_o2025-10,C,val_shift_calib_0.2,0.2,0.2,0.2,0.2
y2026_h06_o2025-10,C,val_isotonic_calib_0.2,0.2,0.2,0.2,0.2
y2026_h06_o2025-10,C,val_isotonic_then_perphase_macro_f1,0.05,0.225,0.1,0.05
y2026_h06_o2025-10,D,canonical_0.2,0.2,0.2,0.2,0.2
y2026_h06_o2025-10,D,val_global_th_f2,0.175,0.175,0.175,0.175
y2026_h06_o2025-10,D,val_global_th_macro_f1,0.25,0.25,0.25,0.25
y2026_h06_o2025-10,D,val_perphase_th_macro_f1,0.05,0.25,0.15,0.05
y2026_h06_o2025-10,D,val_perphase_th_accuracy,0.05,0.225,0.175,0.05
y2026_h06_o2025-10,D,val_shift_calib_0.2,0.2,0.2,0.2,0.2
y2026_h06_o2025-10,D,val_isotonic_calib_0.2,0.2,0.2,0.2,0.2
y2026_h06_o2025-10,D,val_isotonic_then_perphase_macro_f1,0.05,0.225,0.1,0.05
y2026_h12_o2025-04,A,canonical_0.2,0.2,0.2,0.2,0.2
y2026_h12_o2025-04,A,val_global_th_f2,0.15,0.15,0.15,0.15
y2026_h12_o2025-04,A,val_global_th_macro_f1,0.35,0.35,0.35,0.35
y2026_h12_o2025-04,A,val_perphase_th_macro_f1,0.375,0.3,0.225,0.1
y2026_h12_o2025-04,A,val_perphase_th_accuracy,0.25,0.5,0.375,0.075
y2026_h12_o2025-04,A,val_shift_calib_0.2,0.2,0.2,0.2,0.2
y2026_h12_o2025-04,A,val_isotonic_calib_0.2,0.2,0.2,0.2,0.2
y2026_h12_o2025-04,A,val_isotonic_then_perphase_macro_f1,0.375,0.225,0.075,0.05
y2026_h12_o2025-04,B,canonical_0.2,0.2,0.2,0.2,0.2
y2026_h12_o2025-04,B,val_global_th_f2,0.125,0.125,0.125,0.125
y2026_h12_o2025-04,B,val_global_th_macro_f1,0.325,0.325,0.325,0.325
y2026_h12_o2025-04,B,val_perphase_th_macro_f1,0.325,0.3,0.15,0.075
y2026_h12_o2025-04,B,val_perphase_th_accuracy,0.05,0.425,0.225,0.075
y2026_h12_o2025-04,B,val_shift_calib_0.2,0.2,0.2,0.2,0.2
y2026_h12_o2025-04,B,val_isotonic_calib_0.2,0.2,0.2,0.2,0.2
y2026_h12_o2025-04,B,val_isotonic_then_perphase_macro_f1,0.4,0.225,0.125,0.05
y2026_h12_o2025-04,C,canonical_0.2,0.2,0.2,0.2,0.2
y2026_h12_o2025-04,C,val_global_th_f2,0.175,0.175,0.175,0.175
y2026_h12_o2025-04,C,val_global_th_macro_f1,0.325,0.325,0.325,0.325
y2026_h12_o2025-04,C,val_perphase_th_macro_f1,0.4,0.3,0.175,0.075
y2026_h12_o2025-04,C,val_perphase_th_accuracy,0.05,0.5,0.275,0.075
y2026_h12_o2025-04,C,val_shift_calib_0.2,0.2,0.2,0.2,0.2
y2026_h12_o2025-04,C,val_isotonic_calib_0.2,0.2,0.2,0.2,0.2
y2026_h12_o2025-04,C,val_isotonic_then_perphase_macro_f1,0.5,0.2,0.05,0.05
y2026_h12_o2025-04,D,canonical_0.2,0.2,0.2,0.2,0.2
y2026_h12_o2025-04,D,val_global_th_f2,0.05,0.05,0.05,0.05
y2026_h12_o2025-04,D,val_global_th_macro_f1,0.35,0.35,0.35,0.35
y2026_h12_o2025-04,D,val_perphase_th_macro_f1,0.35,0.325,0.2,0.075
y2026_h12_o2025-04,D,val_perphase_th_accuracy,0.05,0.5,0.275,0.075
y2026_h12_o2025-04,D,val_shift_calib_0.2,0.2,0.2,0.2,0.2
y2026_h12_o2025-04,D,val_isotonic_calib_0.2,0.2,0.2,0.2,0.2
y2026_h12_o2025-04,D,val_isotonic_then_perphase_macro_f1,0.425,0.2,0.05,0.05
y2025_h00_pooled,A,LEAKY_test_perphase_macro_f1,0.375,0.275,0.125,0.1
y2025_h00_pooled,B,LEAKY_test_perphase_macro_f1,0.375,0.3,0.15,0.1
y2025_h00_pooled,C,LEAKY_test_perphase_macro_f1,0.375,0.3,0.15,0.1
y2025_h00_pooled,D,LEAKY_test_perphase_macro_f1,0.4,0.25,0.15,0.075
y2025_h03_pooled,A,LEAKY_test_perphase_macro_f1,0.45,0.325,0.15,0.1
y2025_h03_pooled,B,LEAKY_test_perphase_macro_f1,0.5,0.275,0.25,0.075
y2025_h03_pooled,C,LEAKY_test_perphase_macro_f1,0.425,0.3,0.2,0.075
y2025_h03_pooled,D,LEAKY_test_perphase_macro_f1,0.4,0.275,0.2,0.1
y2025_h06_pooled,A,LEAKY_test_perphase_macro_f1,0.05,0.25,0.125,0.075
y2025_h06_pooled,B,LEAKY_test_perphase_macro_f1,0.375,0.3,0.175,0.075
y2025_h06_pooled,C,LEAKY_test_perphase_macro_f1,0.375,0.275,0.125,0.075
y2025_h06_pooled,D,LEAKY_test_perphase_macro_f1,0.05,0.275,0.225,0.1
y2025_h12_pooled,A,LEAKY_test_perphase_macro_f1,0.4,0.275,0.125,0.125
y2025_h12_pooled,B,LEAKY_test_perphase_macro_f1,0.375,0.25,0.15,0.1
y2025_h12_pooled,C,LEAKY_test_perphase_macro_f1,0.375,0.3,0.225,0.1
y2025_h12_pooled,D,LEAKY_test_perphase_macro_f1,0.375,0.275,0.15,0.125
y2026_h00_pooled,A,LEAKY_test_perphase_macro_f1,0.05,0.3,0.125,0.05
y2026_h00_pooled,B,LEAKY_test_perphase_macro_f1,0.05,0.325,0.15,0.05
y2026_h00_pooled,C,LEAKY_test_perphase_macro_f1,0.05,0.325,0.15,0.05
y2026_h00_pooled,D,LEAKY_test_perphase_macro_f1,0.05,0.35,0.125,0.05
y2026_h12_pooled,A,LEAKY_test_perphase_macro_f1,0.05,0.225,0.1,0.05
y2026_h12_pooled,B,LEAKY_test_perphase_macro_f1,0.05,0.25,0.125,0.05
y2026_h12_pooled,C,LEAKY_test_perphase_macro_f1,0.05,0.25,0.075,0.05
y2026_h12_pooled,D,LEAKY_test_perphase_macro_f1,0.05,0.225,0.075,0.05
