job_id,arm,candidate,order,tp,fp,fn,f2
y2025_h00_o2025-04,A,X1,0,497,478,25,0.8112961149200131
y2025_h00_o2025-04,A,X2,1,501,498,21,0.8114674441205053
y2025_h00_o2025-04,A,X3,2,495,485,27,0.8067144719687093
y2025_h00_o2025-04,A,X4,3,502,512,20,0.8091553836234687
y2025_h00_o2025-04,A,X5,4,498,502,24,0.8063471502590673
y2025_h00_o2025-04,A,X6,5,488,476,34,0.799475753604194
y2025_h00_o2025-04,B,X1,0,501,501,21,0.8106796116504854
y2025_h00_o2025-04,B,X2,1,504,515,18,0.8110717734148697
y2025_h00_o2025-04,B,X3,2,500,503,22,0.8087997411840828
y2025_h00_o2025-04,B,X4,3,503,502,19,0.8131264144843194
y2025_h00_o2025-04,B,X5,4,502,491,20,0.8146705615060046
y2025_h00_o2025-04,B,X6,5,495,487,27,0.8061889250814332
y2025_h00_o2025-04,C,X1,0,501,501,21,0.8106796116504854
y2025_h00_o2025-04,C,X2,1,504,515,18,0.8110717734148697
y2025_h00_o2025-04,C,X3,2,500,503,22,0.8087997411840828
y2025_h00_o2025-04,C,X4,3,503,502,19,0.8131264144843194
y2025_h00_o2025-04,C,X5,4,502,491,20,0.8146705615060046
y2025_h00_o2025-04,C,X6,5,495,487,27,0.8061889250814332
y2025_h00_o2025-04,D,X1,0,421,285,101,0.7534001431639227
y2025_h00_o2025-04,D,X2,1,414,294,108,0.740343347639485
y2025_h00_o2025-04,D,X3,2,414,291,108,0.7411385606874329
y2025_h00_o2025-04,D,X4,3,424,285,98,0.7579549517340007
y2025_h00_o2025-04,D,X5,4,420,283,102,0.7524184879971336
y2025_h00_o2025-04,D,X6,5,401,285,121,0.7227829848594088
y2025_h00_o2025-07,A,X1,0,497,478,25,0.8112961149200131
y2025_h00_o2025-07,A,X2,1,501,498,21,0.8114674441205053
y2025_h00_o2025-07,A,X3,2,495,485,27,0.8067144719687093
y2025_h00_o2025-07,A,X4,3,502,512,20,0.8091553836234687
y2025_h00_o2025-07,A,X5,4,498,502,24,0.8063471502590673
y2025_h00_o2025-07,A,X6,5,488,476,34,0.799475753604194
y2025_h00_o2025-07,B,X1,0,501,501,21,0.8106796116504854
y2025_h00_o2025-07,B,X2,1,504,515,18,0.8110717734148697
y2025_h00_o2025-07,B,X3,2,500,503,22,0.8087997411840828
y2025_h00_o2025-07,B,X4,3,503,502,19,0.8131264144843194
y2025_h00_o2025-07,B,X5,4,502,491,20,0.8146705615060046
y2025_h00_o2025-07,B,X6,5,495,487,27,0.8061889250814332
y2025_h00_o2025-07,C,X1,0,501,501,21,0.8106796116504854
y2025_h00_o2025-07,C,X2,1,504,515,18,0.8110717734148697
y2025_h00_o2025-07,C,X3,2,500,503,22,0.8087997411840828
y2025_h00_o2025-07,C,X4,3,503,502,19,0.8131264144843194
y2025_h00_o2025-07,C,X5,4,502,491,20,0.8146705615060046
y2025_h00_o2025-07,C,X6,5,495,487,27,0.8061889250814332
y2025_h00_o2025-07,D,X1,0,421,285,101,0.7534001431639227
y2025_h00_o2025-07,D,X2,1,414,294,108,0.740343347639485
y2025_h00_o2025-07,D,X3,2,414,291,108,0.7411385606874329
y2025_h00_o2025-07,D,X4,3,424,285,98,0.7579549517340007
y2025_h00_o2025-07,D,X5,4,420,283,102,0.7524184879971336
y2025_h00_o2025-07,D,X6,5,401,285,121,0.7227829848594088
y2025_h00_o2025-09,A,X1,0,497,478,25,0.8112961149200131
y2025_h00_o2025-09,A,X2,1,501,498,21,0.8114674441205053
y2025_h00_o2025-09,A,X3,2,495,485,27,0.8067144719687093
y2025_h00_o2025-09,A,X4,3,502,512,20,0.8091553836234687
y2025_h00_o2025-09,A,X5,4,498,502,24,0.8063471502590673
y2025_h00_o2025-09,A,X6,5,488,476,34,0.799475753604194
y2025_h00_o2025-09,B,X1,0,501,501,21,0.8106796116504854
y2025_h00_o2025-09,B,X2,1,504,515,18,0.8110717734148697
y2025_h00_o2025-09,B,X3,2,500,503,22,0.8087997411840828
y2025_h00_o2025-09,B,X4,3,503,502,19,0.8131264144843194
y2025_h00_o2025-09,B,X5,4,502,491,20,0.8146705615060046
y2025_h00_o2025-09,B,X6,5,495,487,27,0.8061889250814332
y2025_h00_o2025-09,C,X1,0,501,501,21,0.8106796116504854
y2025_h00_o2025-09,C,X2,1,504,515,18,0.8110717734148697
y2025_h00_o2025-09,C,X3,2,500,503,22,0.8087997411840828
y2025_h00_o2025-09,C,X4,3,503,502,19,0.8131264144843194
y2025_h00_o2025-09,C,X5,4,502,491,20,0.8146705615060046
y2025_h00_o2025-09,C,X6,5,495,487,27,0.8061889250814332
y2025_h00_o2025-09,D,X1,0,421,285,101,0.7534001431639227
y2025_h00_o2025-09,D,X2,1,414,294,108,0.740343347639485
y2025_h00_o2025-09,D,X3,2,414,291,108,0.7411385606874329
y2025_h00_o2025-09,D,X4,3,424,285,98,0.7579549517340007
y2025_h00_o2025-09,D,X5,4,420,283,102,0.7524184879971336
y2025_h00_o2025-09,D,X6,5,401,285,121,0.7227829848594088
y2025_h00_o2025-10,A,X1,0,497,478,25,0.8112961149200131
y2025_h00_o2025-10,A,X2,1,501,498,21,0.8114674441205053
y2025_h00_o2025-10,A,X3,2,495,485,27,0.8067144719687093
y2025_h00_o2025-10,A,X4,3,502,512,20,0.8091553836234687
y2025_h00_o2025-10,A,X5,4,498,502,24,0.8063471502590673
y2025_h00_o2025-10,A,X6,5,488,476,34,0.799475753604194
y2025_h00_o2025-10,B,X1,0,501,501,21,0.8106796116504854
y2025_h00_o2025-10,B,X2,1,504,515,18,0.8110717734148697
y2025_h00_o2025-10,B,X3,2,500,503,22,0.8087997411840828
y2025_h00_o2025-10,B,X4,3,503,502,19,0.8131264144843194
y2025_h00_o2025-10,B,X5,4,502,491,20,0.8146705615060046
y2025_h00_o2025-10,B,X6,5,495,487,27,0.8061889250814332
y2025_h00_o2025-10,C,X1,0,501,501,21,0.8106796116504854
y2025_h00_o2025-10,C,X2,1,504,515,18,0.8110717734148697
y2025_h00_o2025-10,C,X3,2,500,503,22,0.8087997411840828
y2025_h00_o2025-10,C,X4,3,503,502,19,0.8131264144843194
y2025_h00_o2025-10,C,X5,4,502,491,20,0.8146705615060046
y2025_h00_o2025-10,C,X6,5,495,487,27,0.8061889250814332
y2025_h00_o2025-10,D,X1,0,421,285,101,0.7534001431639227
y2025_h00_o2025-10,D,X2,1,414,294,108,0.740343347639485
y2025_h00_o2025-10,D,X3,2,414,291,108,0.7411385606874329
y2025_h00_o2025-10,D,X4,3,424,285,98,0.7579549517340007
y2025_h00_o2025-10,D,X5,4,420,283,102,0.7524184879971336
y2025_h00_o2025-10,D,X6,5,401,285,121,0.7227829848594088
y2025_h03_o2025-01,A,X1,0,474,488,48,0.7770491803278688
y2025_h03_o2025-01,A,X2,1,477,491,45,0.7804319371727748
y2025_h03_o2025-01,A,X3,2,471,471,51,0.7772277227722773
y2025_h03_o2025-01,A,X4,3,490,502,32,0.7954545454545454
y2025_h03_o2025-01,A,X5,4,482,489,40,0.7878391631252043
y2025_h03_o2025-01,A,X6,5,486,491,36,0.7928221859706363
y2025_h03_o2025-01,B,X1,0,477,487,45,0.7814547837483617
y2025_h03_o2025-01,B,X2,1,473,484,49,0.7766830870279147
y2025_h03_o2025-01,B,X3,2,469,455,53,0.7785524568393094
y2025_h03_o2025-01,B,X4,3,485,486,37,0.7927427263811703
y2025_h03_o2025-01,B,X5,4,487,486,35,0.7954916693890886
y2025_h03_o2025-01,B,X6,5,488,519,34,0.7883683360258481
y2025_h03_o2025-01,C,X1,0,486,494,36,0.7920469361147328
y2025_h03_o2025-01,C,X2,1,482,486,40,0.7886125654450262
y2025_h03_o2025-01,C,X3,2,475,477,47,0.78125
y2025_h03_o2025-01,C,X4,3,484,499,38,0.7880169325952459
y2025_h03_o2025-01,C,X5,4,482,489,40,0.7878391631252043
y2025_h03_o2025-01,C,X6,5,426,454,96,0.717654986522911
y2025_h03_o2025-01,D,X1,0,408,276,114,0.7359307359307359
y2025_h03_o2025-01,D,X2,1,391,261,131,0.7135036496350365
y2025_h03_o2025-01,D,X3,2,388,259,134,0.7093235831809872
y2025_h03_o2025-01,D,X4,3,392,261,130,0.7150674936154688
y2025_h03_o2025-01,D,X5,4,395,267,127,0.7181818181818181
y2025_h03_o2025-01,D,X6,5,417,289,105,0.7462419470293487
y2025_h03_o2025-04,A,X1,0,474,488,48,0.7770491803278688
y2025_h03_o2025-04,A,X2,1,477,491,45,0.7804319371727748
y2025_h03_o2025-04,A,X3,2,471,471,51,0.7772277227722773
y2025_h03_o2025-04,A,X4,3,490,502,32,0.7954545454545454
y2025_h03_o2025-04,A,X5,4,482,489,40,0.7878391631252043
y2025_h03_o2025-04,A,X6,5,486,491,36,0.7928221859706363
y2025_h03_o2025-04,B,X1,0,477,487,45,0.7814547837483617
y2025_h03_o2025-04,B,X2,1,473,484,49,0.7766830870279147
y2025_h03_o2025-04,B,X3,2,469,455,53,0.7785524568393094
y2025_h03_o2025-04,B,X4,3,485,486,37,0.7927427263811703
y2025_h03_o2025-04,B,X5,4,487,486,35,0.7954916693890886
y2025_h03_o2025-04,B,X6,5,488,519,34,0.7883683360258481
y2025_h03_o2025-04,C,X1,0,486,494,36,0.7920469361147328
y2025_h03_o2025-04,C,X2,1,482,486,40,0.7886125654450262
y2025_h03_o2025-04,C,X3,2,475,477,47,0.78125
y2025_h03_o2025-04,C,X4,3,484,499,38,0.7880169325952459
y2025_h03_o2025-04,C,X5,4,482,489,40,0.7878391631252043
y2025_h03_o2025-04,C,X6,5,426,454,96,0.717654986522911
y2025_h03_o2025-04,D,X1,0,408,276,114,0.7359307359307359
y2025_h03_o2025-04,D,X2,1,391,261,131,0.7135036496350365
y2025_h03_o2025-04,D,X3,2,388,259,134,0.7093235831809872
y2025_h03_o2025-04,D,X4,3,392,261,130,0.7150674936154688
y2025_h03_o2025-04,D,X5,4,395,267,127,0.7181818181818181
y2025_h03_o2025-04,D,X6,5,417,289,105,0.7462419470293487
y2025_h03_o2025-06,A,X1,0,474,488,48,0.7770491803278688
y2025_h03_o2025-06,A,X2,1,477,491,45,0.7804319371727748
y2025_h03_o2025-06,A,X3,2,471,471,51,0.7772277227722773
y2025_h03_o2025-06,A,X4,3,490,502,32,0.7954545454545454
y2025_h03_o2025-06,A,X5,4,482,489,40,0.7878391631252043
y2025_h03_o2025-06,A,X6,5,486,491,36,0.7928221859706363
y2025_h03_o2025-06,B,X1,0,477,487,45,0.7814547837483617
y2025_h03_o2025-06,B,X2,1,473,484,49,0.7766830870279147
y2025_h03_o2025-06,B,X3,2,469,455,53,0.7785524568393094
y2025_h03_o2025-06,B,X4,3,485,486,37,0.7927427263811703
y2025_h03_o2025-06,B,X5,4,487,486,35,0.7954916693890886
y2025_h03_o2025-06,B,X6,5,488,519,34,0.7883683360258481
y2025_h03_o2025-06,C,X1,0,486,494,36,0.7920469361147328
y2025_h03_o2025-06,C,X2,1,482,486,40,0.7886125654450262
y2025_h03_o2025-06,C,X3,2,475,477,47,0.78125
y2025_h03_o2025-06,C,X4,3,484,499,38,0.7880169325952459
y2025_h03_o2025-06,C,X5,4,482,489,40,0.7878391631252043
y2025_h03_o2025-06,C,X6,5,426,454,96,0.717654986522911
y2025_h03_o2025-06,D,X1,0,408,276,114,0.7359307359307359
y2025_h03_o2025-06,D,X2,1,391,261,131,0.7135036496350365
y2025_h03_o2025-06,D,X3,2,388,259,134,0.7093235831809872
y2025_h03_o2025-06,D,X4,3,392,261,130,0.7150674936154688
y2025_h03_o2025-06,D,X5,4,395,267,127,0.7181818181818181
y2025_h03_o2025-06,D,X6,5,417,289,105,0.7462419470293487
y2025_h03_o2025-07,A,X1,0,474,488,48,0.7770491803278688
y2025_h03_o2025-07,A,X2,1,477,491,45,0.7804319371727748
y2025_h03_o2025-07,A,X3,2,471,471,51,0.7772277227722773
y2025_h03_o2025-07,A,X4,3,490,502,32,0.7954545454545454
y2025_h03_o2025-07,A,X5,4,482,489,40,0.7878391631252043
y2025_h03_o2025-07,A,X6,5,486,491,36,0.7928221859706363
y2025_h03_o2025-07,B,X1,0,477,487,45,0.7814547837483617
y2025_h03_o2025-07,B,X2,1,473,484,49,0.7766830870279147
y2025_h03_o2025-07,B,X3,2,469,455,53,0.7785524568393094
y2025_h03_o2025-07,B,X4,3,485,486,37,0.7927427263811703
y2025_h03_o2025-07,B,X5,4,487,486,35,0.7954916693890886
y2025_h03_o2025-07,B,X6,5,488,519,34,0.7883683360258481
y2025_h03_o2025-07,C,X1,0,486,494,36,0.7920469361147328
y2025_h03_o2025-07,C,X2,1,482,486,40,0.7886125654450262
y2025_h03_o2025-07,C,X3,2,475,477,47,0.78125
y2025_h03_o2025-07,C,X4,3,484,499,38,0.7880169325952459
y2025_h03_o2025-07,C,X5,4,482,489,40,0.7878391631252043
y2025_h03_o2025-07,C,X6,5,426,454,96,0.717654986522911
y2025_h03_o2025-07,D,X1,0,408,276,114,0.7359307359307359
y2025_h03_o2025-07,D,X2,1,391,261,131,0.7135036496350365
y2025_h03_o2025-07,D,X3,2,388,259,134,0.7093235831809872
y2025_h03_o2025-07,D,X4,3,392,261,130,0.7150674936154688
y2025_h03_o2025-07,D,X5,4,395,267,127,0.7181818181818181
y2025_h03_o2025-07,D,X6,5,417,289,105,0.7462419470293487
y2025_h06_o2024-10,A,X1,0,465,421,57,0.7817753866845999
y2025_h06_o2024-10,A,X2,1,473,444,49,0.7870216306156406
y2025_h06_o2024-10,A,X3,2,465,436,57,0.7778521244563399
y2025_h06_o2024-10,A,X4,3,476,437,46,0.7930689770076641
y2025_h06_o2024-10,A,X5,4,468,426,54,0.7847082494969819
y2025_h06_o2024-10,A,X6,5,461,423,61,0.7755720053835801
y2025_h06_o2024-10,B,X1,0,470,417,52,0.7899159663865546
y2025_h06_o2024-10,B,X2,1,465,412,57,0.7841483979763912
y2025_h06_o2024-10,B,X3,2,465,408,57,0.7852077001013171
y2025_h06_o2024-10,B,X4,3,495,456,27,0.8144126357354393
y2025_h06_o2024-10,B,X5,4,494,452,28,0.8141067897165458
y2025_h06_o2024-10,B,X6,5,485,438,37,0.8053802723347725
y2025_h06_o2024-10,C,X1,0,465,432,57,0.7788944723618091
y2025_h06_o2024-10,C,X2,1,489,452,33,0.8071970947507429
y2025_h06_o2024-10,C,X3,2,480,447,42,0.7960199004975125
y2025_h06_o2024-10,C,X4,3,484,428,38,0.8066666666666666
y2025_h06_o2024-10,C,X5,4,477,416,45,0.8000670915800067
y2025_h06_o2024-10,C,X6,5,457,420,65,0.7706576728499157
y2025_h06_o2024-10,D,X1,0,439,347,83,0.7637439109255393
y2025_h06_o2024-10,D,X2,1,444,354,78,0.7692307692307693
y2025_h06_o2024-10,D,X3,2,442,349,80,0.7676276484890587
y2025_h06_o2024-10,D,X4,3,458,387,64,0.7807705421070577
y2025_h06_o2024-10,D,X5,4,453,379,69,0.7756849315068494
y2025_h06_o2024-10,D,X6,5,457,386,65,0.779597407028318
y2025_h06_o2025-01,A,X1,0,465,421,57,0.7817753866845999
y2025_h06_o2025-01,A,X2,1,473,444,49,0.7870216306156406
y2025_h06_o2025-01,A,X3,2,465,436,57,0.7778521244563399
y2025_h06_o2025-01,A,X4,3,476,437,46,0.7930689770076641
y2025_h06_o2025-01,A,X5,4,468,426,54,0.7847082494969819
y2025_h06_o2025-01,A,X6,5,461,423,61,0.7755720053835801
y2025_h06_o2025-01,B,X1,0,470,417,52,0.7899159663865546
y2025_h06_o2025-01,B,X2,1,465,412,57,0.7841483979763912
y2025_h06_o2025-01,B,X3,2,465,408,57,0.7852077001013171
y2025_h06_o2025-01,B,X4,3,495,456,27,0.8144126357354393
y2025_h06_o2025-01,B,X5,4,494,452,28,0.8141067897165458
y2025_h06_o2025-01,B,X6,5,485,438,37,0.8053802723347725
y2025_h06_o2025-01,C,X1,0,465,432,57,0.7788944723618091
y2025_h06_o2025-01,C,X2,1,489,452,33,0.8071970947507429
y2025_h06_o2025-01,C,X3,2,480,447,42,0.7960199004975125
y2025_h06_o2025-01,C,X4,3,484,428,38,0.8066666666666666
y2025_h06_o2025-01,C,X5,4,477,416,45,0.8000670915800067
y2025_h06_o2025-01,C,X6,5,457,420,65,0.7706576728499157
y2025_h06_o2025-01,D,X1,0,439,347,83,0.7637439109255393
y2025_h06_o2025-01,D,X2,1,444,354,78,0.7692307692307693
y2025_h06_o2025-01,D,X3,2,442,349,80,0.7676276484890587
y2025_h06_o2025-01,D,X4,3,458,387,64,0.7807705421070577
y2025_h06_o2025-01,D,X5,4,453,379,69,0.7756849315068494
y2025_h06_o2025-01,D,X6,5,457,386,65,0.779597407028318
y2025_h06_o2025-03,A,X1,0,465,421,57,0.7817753866845999
y2025_h06_o2025-03,A,X2,1,473,444,49,0.7870216306156406
y2025_h06_o2025-03,A,X3,2,465,436,57,0.7778521244563399
y2025_h06_o2025-03,A,X4,3,476,437,46,0.7930689770076641
y2025_h06_o2025-03,A,X5,4,468,426,54,0.7847082494969819
y2025_h06_o2025-03,A,X6,5,461,423,61,0.7755720053835801
y2025_h06_o2025-03,B,X1,0,470,417,52,0.7899159663865546
y2025_h06_o2025-03,B,X2,1,465,412,57,0.7841483979763912
y2025_h06_o2025-03,B,X3,2,465,408,57,0.7852077001013171
y2025_h06_o2025-03,B,X4,3,495,456,27,0.8144126357354393
y2025_h06_o2025-03,B,X5,4,494,452,28,0.8141067897165458
y2025_h06_o2025-03,B,X6,5,485,438,37,0.8053802723347725
y2025_h06_o2025-03,C,X1,0,465,432,57,0.7788944723618091
y2025_h06_o2025-03,C,X2,1,489,452,33,0.8071970947507429
y2025_h06_o2025-03,C,X3,2,480,447,42,0.7960199004975125
y2025_h06_o2025-03,C,X4,3,484,428,38,0.8066666666666666
y2025_h06_o2025-03,C,X5,4,477,416,45,0.8000670915800067
y2025_h06_o2025-03,C,X6,5,457,420,65,0.7706576728499157
y2025_h06_o2025-03,D,X1,0,439,347,83,0.7637439109255393
y2025_h06_o2025-03,D,X2,1,444,354,78,0.7692307692307693
y2025_h06_o2025-03,D,X3,2,442,349,80,0.7676276484890587
y2025_h06_o2025-03,D,X4,3,458,387,64,0.7807705421070577
y2025_h06_o2025-03,D,X5,4,453,379,69,0.7756849315068494
y2025_h06_o2025-03,D,X6,5,457,386,65,0.779597407028318
y2025_h06_o2025-04,A,X1,0,465,421,57,0.7817753866845999
y2025_h06_o2025-04,A,X2,1,473,444,49,0.7870216306156406
y2025_h06_o2025-04,A,X3,2,465,436,57,0.7778521244563399
y2025_h06_o2025-04,A,X4,3,476,437,46,0.7930689770076641
y2025_h06_o2025-04,A,X5,4,468,426,54,0.7847082494969819
y2025_h06_o2025-04,A,X6,5,461,423,61,0.7755720053835801
y2025_h06_o2025-04,B,X1,0,470,417,52,0.7899159663865546
y2025_h06_o2025-04,B,X2,1,465,412,57,0.7841483979763912
y2025_h06_o2025-04,B,X3,2,465,408,57,0.7852077001013171
y2025_h06_o2025-04,B,X4,3,495,456,27,0.8144126357354393
y2025_h06_o2025-04,B,X5,4,494,452,28,0.8141067897165458
y2025_h06_o2025-04,B,X6,5,485,438,37,0.8053802723347725
y2025_h06_o2025-04,C,X1,0,465,432,57,0.7788944723618091
y2025_h06_o2025-04,C,X2,1,489,452,33,0.8071970947507429
y2025_h06_o2025-04,C,X3,2,480,447,42,0.7960199004975125
y2025_h06_o2025-04,C,X4,3,484,428,38,0.8066666666666666
y2025_h06_o2025-04,C,X5,4,477,416,45,0.8000670915800067
y2025_h06_o2025-04,C,X6,5,457,420,65,0.7706576728499157
y2025_h06_o2025-04,D,X1,0,439,347,83,0.7637439109255393
y2025_h06_o2025-04,D,X2,1,444,354,78,0.7692307692307693
y2025_h06_o2025-04,D,X3,2,442,349,80,0.7676276484890587
y2025_h06_o2025-04,D,X4,3,458,387,64,0.7807705421070577
y2025_h06_o2025-04,D,X5,4,453,379,69,0.7756849315068494
y2025_h06_o2025-04,D,X6,5,457,386,65,0.779597407028318
y2025_h12_o2024-04,A,X1,0,334,348,229,0.569188820722563
y2025_h12_o2024-04,A,X2,1,332,342,231,0.5673274094326726
y2025_h12_o2024-04,A,X3,2,332,341,231,0.5675213675213675
y2025_h12_o2024-04,A,X4,3,333,345,230,0.568259385665529
y2025_h12_o2024-04,A,X5,4,333,345,230,0.568259385665529
y2025_h12_o2024-04,A,X6,5,334,338,229,0.5711354309165527
y2025_h12_o2024-04,B,X1,0,330,328,233,0.5670103092783505
y2025_h12_o2024-04,B,X2,1,330,332,233,0.5662319835277968
y2025_h12_o2024-04,B,X3,2,329,334,234,0.5643224699828473
y2025_h12_o2024-04,B,X4,3,330,334,233,0.565843621399177
y2025_h12_o2024-04,B,X5,4,331,332,232,0.5677530017152659
y2025_h12_o2024-04,B,X6,5,327,328,236,0.5624355005159959
y2025_h12_o2024-04,C,X1,0,323,319,240,0.5580511402902557
y2025_h12_o2024-04,C,X2,1,335,341,228,0.5720628415300546
y2025_h12_o2024-04,C,X3,2,334,335,229,0.5717220130092434
y2025_h12_o2024-04,C,X4,3,334,345,229,0.5697714090754009
y2025_h12_o2024-04,C,X5,4,332,339,231,0.5679096818337325
y2025_h12_o2024-04,C,X6,5,320,321,243,0.5530591081921881
y2025_h12_o2024-04,D,X1,0,329,326,234,0.565875472996216
y2025_h12_o2024-04,D,X2,1,332,337,231,0.5682985279014037
y2025_h12_o2024-04,D,X3,2,329,333,234,0.5645161290322581
y2025_h12_o2024-04,D,X4,3,333,344,230,0.5684533970638443
y2025_h12_o2024-04,D,X5,4,333,341,230,0.5690362269309638
y2025_h12_o2024-04,D,X6,5,328,330,235,0.563573883161512
y2025_h12_o2024-07,A,X1,0,510,511,12,0.8201994210357028
y2025_h12_o2024-07,A,X2,1,507,510,15,0.8164251207729468
y2025_h12_o2024-07,A,X3,2,507,508,15,0.8169513374154045
y2025_h12_o2024-07,A,X4,3,513,517,9,0.8226427196921103
y2025_h12_o2024-07,A,X5,4,513,515,9,0.823170731707317
y2025_h12_o2024-07,A,X6,5,508,494,14,0.8220064724919094
y2025_h12_o2024-07,B,X1,0,510,503,12,0.8223153821347953
y2025_h12_o2024-07,B,X2,1,510,505,12,0.8217853689977441
y2025_h12_o2024-07,B,X3,2,509,507,13,0.819909793814433
y2025_h12_o2024-07,B,X4,3,510,509,12,0.8207273897650467
y2025_h12_o2024-07,B,X5,4,511,506,11,0.822866344605475
y2025_h12_o2024-07,B,X6,5,506,503,16,0.8169195996125282
y2025_h12_o2024-07,C,X1,0,497,486,25,0.8091826766525562
y2025_h12_o2024-07,C,X2,1,514,513,8,0.8250401284109149
y2025_h12_o2024-07,C,X3,2,512,507,10,0.823945928548439
y2025_h12_o2024-07,C,X4,3,514,516,8,0.8242463117382938
y2025_h12_o2024-07,C,X5,4,509,501,13,0.8214977404777276
y2025_h12_o2024-07,C,X6,5,496,484,26,0.8083441981747066
y2025_h12_o2024-07,D,X1,0,504,498,18,0.8155339805825242
y2025_h12_o2024-07,D,X2,1,512,510,10,0.8231511254019293
y2025_h12_o2024-07,D,X3,2,509,505,13,0.8204384268214056
y2025_h12_o2024-07,D,X4,3,513,517,9,0.8226427196921103
y2025_h12_o2024-07,D,X5,4,513,513,9,0.8236994219653179
y2025_h12_o2024-07,D,X6,5,507,504,15,0.8180058083252663
y2025_h12_o2024-09,A,X1,0,510,511,12,0.8201994210357028
y2025_h12_o2024-09,A,X2,1,507,510,15,0.8164251207729468
y2025_h12_o2024-09,A,X3,2,507,508,15,0.8169513374154045
y2025_h12_o2024-09,A,X4,3,513,517,9,0.8226427196921103
y2025_h12_o2024-09,A,X5,4,513,515,9,0.823170731707317
y2025_h12_o2024-09,A,X6,5,508,494,14,0.8220064724919094
y2025_h12_o2024-09,B,X1,0,510,503,12,0.8223153821347953
y2025_h12_o2024-09,B,X2,1,510,505,12,0.8217853689977441
y2025_h12_o2024-09,B,X3,2,509,507,13,0.819909793814433
y2025_h12_o2024-09,B,X4,3,510,509,12,0.8207273897650467
y2025_h12_o2024-09,B,X5,4,511,506,11,0.822866344605475
y2025_h12_o2024-09,B,X6,5,506,503,16,0.8169195996125282
y2025_h12_o2024-09,C,X1,0,497,486,25,0.8091826766525562
y2025_h12_o2024-09,C,X2,1,514,513,8,0.8250401284109149
y2025_h12_o2024-09,C,X3,2,512,507,10,0.823945928548439
y2025_h12_o2024-09,C,X4,3,514,516,8,0.8242463117382938
y2025_h12_o2024-09,C,X5,4,509,501,13,0.8214977404777276
y2025_h12_o2024-09,C,X6,5,496,484,26,0.8083441981747066
y2025_h12_o2024-09,D,X1,0,504,498,18,0.8155339805825242
y2025_h12_o2024-09,D,X2,1,512,510,10,0.8231511254019293
y2025_h12_o2024-09,D,X3,2,509,505,13,0.8204384268214056
y2025_h12_o2024-09,D,X4,3,513,517,9,0.8226427196921103
y2025_h12_o2024-09,D,X5,4,513,513,9,0.8236994219653179
y2025_h12_o2024-09,D,X6,5,507,504,15,0.8180058083252663
y2025_h12_o2024-10,A,X1,0,510,511,12,0.8201994210357028
y2025_h12_o2024-10,A,X2,1,507,510,15,0.8164251207729468
y2025_h12_o2024-10,A,X3,2,507,508,15,0.8169513374154045
y2025_h12_o2024-10,A,X4,3,513,517,9,0.8226427196921103
y2025_h12_o2024-10,A,X5,4,513,515,9,0.823170731707317
y2025_h12_o2024-10,A,X6,5,508,494,14,0.8220064724919094
y2025_h12_o2024-10,B,X1,0,510,503,12,0.8223153821347953
y2025_h12_o2024-10,B,X2,1,510,505,12,0.8217853689977441
y2025_h12_o2024-10,B,X3,2,509,507,13,0.819909793814433
y2025_h12_o2024-10,B,X4,3,510,509,12,0.8207273897650467
y2025_h12_o2024-10,B,X5,4,511,506,11,0.822866344605475
y2025_h12_o2024-10,B,X6,5,506,503,16,0.8169195996125282
y2025_h12_o2024-10,C,X1,0,497,486,25,0.8091826766525562
y2025_h12_o2024-10,C,X2,1,514,513,8,0.8250401284109149
y2025_h12_o2024-10,C,X3,2,512,507,10,0.823945928548439
y2025_h12_o2024-10,C,X4,3,514,516,8,0.8242463117382938
y2025_h12_o2024-10,C,X5,4,509,501,13,0.8214977404777276
y2025_h12_o2024-10,C,X6,5,496,484,26,0.8083441981747066
y2025_h12_o2024-10,D,X1,0,504,498,18,0.8155339805825242
y2025_h12_o2024-10,D,X2,1,512,510,10,0.8231511254019293
y2025_h12_o2024-10,D,X3,2,509,505,13,0.8204384268214056
y2025_h12_o2024-10,D,X4,3,513,517,9,0.8226427196921103
y2025_h12_o2024-10,D,X5,4,513,513,9,0.8236994219653179
y2025_h12_o2024-10,D,X6,5,507,504,15,0.8180058083252663
y2026_h00_o2026-04,A,X1,0,604,368,0,0.8913813459268005
y2026_h00_o2026-04,A,X2,1,604,368,0,0.8913813459268005
y2026_h00_o2026-04,A,X3,2,604,368,0,0.8913813459268005
y2026_h00_o2026-04,A,X4,3,603,368,1,0.8901682905225864
y2026_h00_o2026-04,A,X5,4,601,368,3,0.8877400295420975
y2026_h00_o2026-04,A,X6,5,604,368,0,0.8913813459268005
y2026_h00_o2026-04,B,X1,0,583,367,21,0.8660130718954249
y2026_h00_o2026-04,B,X2,1,593,368,11,0.8779982232750962
y2026_h00_o2026-04,B,X3,2,595,367,9,0.8806986382474837
y2026_h00_o2026-04,B,X4,3,602,368,2,0.8889545186060248
y2026_h00_o2026-04,B,X5,4,594,368,10,0.8792184724689165
y2026_h00_o2026-04,B,X6,5,591,364,13,0.8765944823494513
y2026_h00_o2026-04,C,X1,0,583,367,21,0.8660130718954249
y2026_h00_o2026-04,C,X2,1,593,368,11,0.8779982232750962
y2026_h00_o2026-04,C,X3,2,595,367,9,0.8806986382474837
y2026_h00_o2026-04,C,X4,3,602,368,2,0.8889545186060248
y2026_h00_o2026-04,C,X5,4,594,368,10,0.8792184724689165
y2026_h00_o2026-04,C,X6,5,591,364,13,0.8765944823494513
y2026_h00_o2026-04,D,X1,0,574,340,30,0.8618618618618619
y2026_h00_o2026-04,D,X2,1,566,366,38,0.8452807646356033
y2026_h00_o2026-04,D,X3,2,567,366,37,0.846521349656614
y2026_h00_o2026-04,D,X4,3,565,366,39,0.8440394383029579
y2026_h00_o2026-04,D,X5,4,565,365,39,0.8442916915720263
y2026_h00_o2026-04,D,X6,5,563,364,41,0.8420580317080467
y2026_h03_o2026-01,A,X1,0,574,366,30,0.8551847437425506
y2026_h03_o2026-01,A,X2,1,577,367,27,0.8586309523809523
y2026_h03_o2026-01,A,X3,2,578,366,26,0.8601190476190477
y2026_h03_o2026-01,A,X4,3,582,368,22,0.8645276292335116
y2026_h03_o2026-01,A,X5,4,575,368,29,0.8559094968740697
y2026_h03_o2026-01,A,X6,5,577,366,27,0.858886573384936
y2026_h03_o2026-01,B,X1,0,574,366,30,0.8551847437425506
y2026_h03_o2026-01,B,X2,1,572,364,32,0.8532219570405728
y2026_h03_o2026-01,B,X3,2,563,361,41,0.842814371257485
y2026_h03_o2026-01,B,X4,3,581,362,23,0.8648407264066686
y2026_h03_o2026-01,B,X5,4,577,358,27,0.8609370337212773
y2026_h03_o2026-01,B,X6,5,595,368,9,0.880437999408109
y2026_h03_o2026-01,C,X1,0,558,365,46,0.8355795148247979
y2026_h03_o2026-01,C,X2,1,577,366,27,0.858886573384936
y2026_h03_o2026-01,C,X3,2,576,366,28,0.8576533650982728
y2026_h03_o2026-01,C,X4,3,582,366,22,0.8650416171224733
y2026_h03_o2026-01,C,X5,4,582,365,22,0.8652988403211418
y2026_h03_o2026-01,C,X6,5,572,365,32,0.8529674917983895
y2026_h03_o2026-01,D,X1,0,584,265,20,0.8943338437978561
y2026_h03_o2026-01,D,X2,1,562,266,42,0.8662145499383477
y2026_h03_o2026-01,D,X3,2,559,260,45,0.8639876352395672
y2026_h03_o2026-01,D,X4,3,566,236,38,0.8794282162834058
y2026_h03_o2026-01,D,X5,4,570,249,34,0.8809891808346213
y2026_h03_o2026-01,D,X6,5,558,311,46,0.8493150684931506
y2026_h06_o2025-10,A,X1,0,534,182,70,0.8524904214559387
y2026_h06_o2025-10,A,X2,1,500,68,104,0.8378016085790885
y2026_h06_o2025-10,A,X3,2,517,83,87,0.8570954907161804
y2026_h06_o2025-10,A,X4,3,521,111,83,0.8546587926509186
y2026_h06_o2025-10,A,X5,4,518,122,86,0.8475130890052356
y2026_h06_o2025-10,A,X6,5,557,216,47,0.8733145186578865
y2026_h06_o2025-10,B,X1,0,501,105,103,0.828921244209133
y2026_h06_o2025-10,B,X2,1,497,107,107,0.8228476821192053
y2026_h06_o2025-10,B,X3,2,517,137,87,0.8420195439739414
y2026_h06_o2025-10,B,X4,3,512,105,92,0.8440487965710518
y2026_h06_o2025-10,B,X5,4,504,98,100,0.8349900596421471
y2026_h06_o2025-10,B,X6,5,537,151,67,0.8650128865979382
y2026_h06_o2025-10,C,X1,0,571,219,33,0.8905177791640674
y2026_h06_o2025-10,C,X2,1,537,91,67,0.8820630749014454
y2026_h06_o2025-10,C,X3,2,532,99,72,0.8729898260584181
y2026_h06_o2025-10,C,X4,3,507,139,97,0.8278902677988244
y2026_h06_o2025-10,C,X5,4,506,155,98,0.8222294442638934
y2026_h06_o2025-10,C,X6,5,487,139,117,0.8004602235371466
y2026_h06_o2025-10,D,X1,0,577,218,27,0.8984739956399875
y2026_h06_o2025-10,D,X2,1,575,240,29,0.889817393995667
y2026_h06_o2025-10,D,X3,2,579,241,25,0.8946229913473424
y2026_h06_o2025-10,D,X4,3,576,271,28,0.8826233527428746
y2026_h06_o2025-10,D,X5,4,567,260,37,0.8741905642923219
y2026_h06_o2025-10,D,X6,5,560,245,44,0.8692952499223844
y2026_h12_o2025-04,A,X1,0,675,844,45,0.7672198226869743
y2026_h12_o2025-04,A,X2,1,662,804,58,0.7616198803497469
y2026_h12_o2025-04,A,X3,2,650,790,70,0.7523148148148148
y2026_h12_o2025-04,A,X4,3,648,805,72,0.7477498269097623
y2026_h12_o2025-04,A,X5,4,644,810,76,0.7429626211352099
y2026_h12_o2025-04,A,X6,5,705,825,15,0.7993197278911565
y2026_h12_o2025-04,B,X1,0,702,843,18,0.7932203389830509
y2026_h12_o2025-04,B,X2,1,698,862,22,0.786036036036036
y2026_h12_o2025-04,B,X3,2,667,842,53,0.7598541809068124
y2026_h12_o2025-04,B,X4,3,676,811,44,0.7739867185711015
y2026_h12_o2025-04,B,X5,4,671,808,49,0.769671943106217
y2026_h12_o2025-04,B,X6,5,696,837,24,0.7885791978246091
y2026_h12_o2025-04,C,X1,0,676,845,44,0.7680072710747557
y2026_h12_o2025-04,C,X2,1,709,871,11,0.7948430493273543
y2026_h12_o2025-04,C,X3,2,703,870,17,0.7893554906804402
y2026_h12_o2025-04,C,X4,3,713,883,7,0.7964700625558534
y2026_h12_o2025-04,C,X5,4,709,884,11,0.7925329756315672
y2026_h12_o2025-04,C,X6,5,652,803,68,0.7520184544405998
y2026_h12_o2025-04,D,X1,0,707,849,13,0.7968890892696122
y2026_h12_o2025-04,D,X2,1,701,832,19,0.7942442782687514
y2026_h12_o2025-04,D,X3,2,696,838,24,0.788400543724513
y2026_h12_o2025-04,D,X4,3,693,833,27,0.7864275987290059
y2026_h12_o2025-04,D,X5,4,690,844,30,0.7816039873130947
y2026_h12_o2025-04,D,X6,5,682,793,38,0.78300803673938
