job_id,arm,validation_ord,inner_origin_ord,fit_label_cutoff_ord,n_fit,n_validation,fit_max_target_ord,supported,reason
y2025_h00_o2025-04,A,24283,24283,24282,1998,348,24278,True,
y2025_h00_o2025-04,A,24288,24288,24287,2346,356,24283,True,
y2025_h00_o2025-04,A,24294,24294,24293,2702,355,24288,True,
y2025_h00_o2025-04,B,24283,24283,24282,1998,348,24278,True,
y2025_h00_o2025-04,B,24288,24288,24287,2346,356,24283,True,
y2025_h00_o2025-04,B,24294,24294,24293,2702,355,24288,True,
y2025_h00_o2025-04,C,24283,24283,24282,1998,348,24278,True,
y2025_h00_o2025-04,C,24288,24288,24287,2346,356,24283,True,
y2025_h00_o2025-04,C,24294,24294,24293,2702,355,24288,True,
y2025_h00_o2025-04,D,24283,24283,24282,1998,348,24278,True,
y2025_h00_o2025-04,D,24288,24288,24287,2346,356,24283,True,
y2025_h00_o2025-04,D,24294,24294,24293,2702,355,24288,True,
y2025_h00_o2025-07,A,24283,24283,24282,1998,348,24278,True,
y2025_h00_o2025-07,A,24288,24288,24287,2346,356,24283,True,
y2025_h00_o2025-07,A,24294,24294,24293,2702,355,24288,True,
y2025_h00_o2025-07,B,24283,24283,24282,1998,348,24278,True,
y2025_h00_o2025-07,B,24288,24288,24287,2346,356,24283,True,
y2025_h00_o2025-07,B,24294,24294,24293,2702,355,24288,True,
y2025_h00_o2025-07,C,24283,24283,24282,1998,348,24278,True,
y2025_h00_o2025-07,C,24288,24288,24287,2346,356,24283,True,
y2025_h00_o2025-07,C,24294,24294,24293,2702,355,24288,True,
y2025_h00_o2025-07,D,24283,24283,24282,1998,348,24278,True,
y2025_h00_o2025-07,D,24288,24288,24287,2346,356,24283,True,
y2025_h00_o2025-07,D,24294,24294,24293,2702,355,24288,True,
y2025_h00_o2025-09,A,24283,24283,24282,1998,348,24278,True,
y2025_h00_o2025-09,A,24288,24288,24287,2346,356,24283,True,
y2025_h00_o2025-09,A,24294,24294,24293,2702,355,24288,True,
y2025_h00_o2025-09,B,24283,24283,24282,1998,348,24278,True,
y2025_h00_o2025-09,B,24288,24288,24287,2346,356,24283,True,
y2025_h00_o2025-09,B,24294,24294,24293,2702,355,24288,True,
y2025_h00_o2025-09,C,24283,24283,24282,1998,348,24278,True,
y2025_h00_o2025-09,C,24288,24288,24287,2346,356,24283,True,
y2025_h00_o2025-09,C,24294,24294,24293,2702,355,24288,True,
y2025_h00_o2025-09,D,24283,24283,24282,1998,348,24278,True,
y2025_h00_o2025-09,D,24288,24288,24287,2346,356,24283,True,
y2025_h00_o2025-09,D,24294,24294,24293,2702,355,24288,True,
y2025_h00_o2025-10,A,24283,24283,24282,1998,348,24278,True,
y2025_h00_o2025-10,A,24288,24288,24287,2346,356,24283,True,
y2025_h00_o2025-10,A,24294,24294,24293,2702,355,24288,True,
y2025_h00_o2025-10,B,24283,24283,24282,1998,348,24278,True,
y2025_h00_o2025-10,B,24288,24288,24287,2346,356,24283,True,
y2025_h00_o2025-10,B,24294,24294,24293,2702,355,24288,True,
y2025_h00_o2025-10,C,24283,24283,24282,1998,348,24278,True,
y2025_h00_o2025-10,C,24288,24288,24287,2346,356,24283,True,
y2025_h00_o2025-10,C,24294,24294,24293,2702,355,24288,True,
y2025_h00_o2025-10,D,24283,24283,24282,1998,348,24278,True,
y2025_h00_o2025-10,D,24288,24288,24287,2346,356,24283,True,
y2025_h00_o2025-10,D,24294,24294,24293,2702,355,24288,True,
y2025_h03_o2025-01,A,24283,24280,24280,1998,348,24278,True,
y2025_h03_o2025-01,A,24288,24285,24285,2346,356,24283,True,
y2025_h03_o2025-01,A,24294,24291,24291,2702,355,24288,True,
y2025_h03_o2025-01,B,24283,24280,24280,1998,348,24278,True,
y2025_h03_o2025-01,B,24288,24285,24285,2346,356,24283,True,
y2025_h03_o2025-01,B,24294,24291,24291,2702,355,24288,True,
y2025_h03_o2025-01,C,24283,24280,24280,1998,348,24278,True,
y2025_h03_o2025-01,C,24288,24285,24285,2346,356,24283,True,
y2025_h03_o2025-01,C,24294,24291,24291,2702,355,24288,True,
y2025_h03_o2025-01,D,24283,24280,24280,1998,348,24278,True,
y2025_h03_o2025-01,D,24288,24285,24285,2346,356,24283,True,
y2025_h03_o2025-01,D,24294,24291,24291,2702,355,24288,True,
y2025_h03_o2025-04,A,24283,24280,24280,1998,348,24278,True,
y2025_h03_o2025-04,A,24288,24285,24285,2346,356,24283,True,
y2025_h03_o2025-04,A,24294,24291,24291,2702,355,24288,True,
y2025_h03_o2025-04,B,24283,24280,24280,1998,348,24278,True,
y2025_h03_o2025-04,B,24288,24285,24285,2346,356,24283,True,
y2025_h03_o2025-04,B,24294,24291,24291,2702,355,24288,True,
y2025_h03_o2025-04,C,24283,24280,24280,1998,348,24278,True,
y2025_h03_o2025-04,C,24288,24285,24285,2346,356,24283,True,
y2025_h03_o2025-04,C,24294,24291,24291,2702,355,24288,True,
y2025_h03_o2025-04,D,24283,24280,24280,1998,348,24278,True,
y2025_h03_o2025-04,D,24288,24285,24285,2346,356,24283,True,
y2025_h03_o2025-04,D,24294,24291,24291,2702,355,24288,True,
y2025_h03_o2025-06,A,24283,24280,24280,1998,348,24278,True,
y2025_h03_o2025-06,A,24288,24285,24285,2346,356,24283,True,
y2025_h03_o2025-06,A,24294,24291,24291,2702,355,24288,True,
y2025_h03_o2025-06,B,24283,24280,24280,1998,348,24278,True,
y2025_h03_o2025-06,B,24288,24285,24285,2346,356,24283,True,
y2025_h03_o2025-06,B,24294,24291,24291,2702,355,24288,True,
y2025_h03_o2025-06,C,24283,24280,24280,1998,348,24278,True,
y2025_h03_o2025-06,C,24288,24285,24285,2346,356,24283,True,
y2025_h03_o2025-06,C,24294,24291,24291,2702,355,24288,True,
y2025_h03_o2025-06,D,24283,24280,24280,1998,348,24278,True,
y2025_h03_o2025-06,D,24288,24285,24285,2346,356,24283,True,
y2025_h03_o2025-06,D,24294,24291,24291,2702,355,24288,True,
y2025_h03_o2025-07,A,24283,24280,24280,1998,348,24278,True,
y2025_h03_o2025-07,A,24288,24285,24285,2346,356,24283,True,
y2025_h03_o2025-07,A,24294,24291,24291,2702,355,24288,True,
y2025_h03_o2025-07,B,24283,24280,24280,1998,348,24278,True,
y2025_h03_o2025-07,B,24288,24285,24285,2346,356,24283,True,
y2025_h03_o2025-07,B,24294,24291,24291,2702,355,24288,True,
y2025_h03_o2025-07,C,24283,24280,24280,1998,348,24278,True,
y2025_h03_o2025-07,C,24288,24285,24285,2346,356,24283,True,
y2025_h03_o2025-07,C,24294,24291,24291,2702,355,24288,True,
y2025_h03_o2025-07,D,24283,24280,24280,1998,348,24278,True,
y2025_h03_o2025-07,D,24288,24285,24285,2346,356,24283,True,
y2025_h03_o2025-07,D,24294,24291,24291,2702,355,24288,True,
y2025_h06_o2024-10,A,24283,24277,24277,1653,348,24276,True,
y2025_h06_o2024-10,A,24288,24282,24282,1998,356,24278,True,
y2025_h06_o2024-10,A,24294,24288,24288,2702,355,24288,True,
y2025_h06_o2024-10,B,24283,24277,24277,1653,348,24276,True,
y2025_h06_o2024-10,B,24288,24282,24282,1998,356,24278,True,
y2025_h06_o2024-10,B,24294,24288,24288,2702,355,24288,True,
y2025_h06_o2024-10,C,24283,24277,24277,1653,348,24276,True,
y2025_h06_o2024-10,C,24288,24282,24282,1998,356,24278,True,
y2025_h06_o2024-10,C,24294,24288,24288,2702,355,24288,True,
y2025_h06_o2024-10,D,24283,24277,24277,1653,348,24276,True,
y2025_h06_o2024-10,D,24288,24282,24282,1998,356,24278,True,
y2025_h06_o2024-10,D,24294,24288,24288,2702,355,24288,True,
y2025_h06_o2025-01,A,24283,24277,24277,1653,348,24276,True,
y2025_h06_o2025-01,A,24288,24282,24282,1998,356,24278,True,
y2025_h06_o2025-01,A,24294,24288,24288,2702,355,24288,True,
y2025_h06_o2025-01,B,24283,24277,24277,1653,348,24276,True,
y2025_h06_o2025-01,B,24288,24282,24282,1998,356,24278,True,
y2025_h06_o2025-01,B,24294,24288,24288,2702,355,24288,True,
y2025_h06_o2025-01,C,24283,24277,24277,1653,348,24276,True,
y2025_h06_o2025-01,C,24288,24282,24282,1998,356,24278,True,
y2025_h06_o2025-01,C,24294,24288,24288,2702,355,24288,True,
y2025_h06_o2025-01,D,24283,24277,24277,1653,348,24276,True,
y2025_h06_o2025-01,D,24288,24282,24282,1998,356,24278,True,
y2025_h06_o2025-01,D,24294,24288,24288,2702,355,24288,True,
y2025_h06_o2025-03,A,24283,24277,24277,1653,348,24276,True,
y2025_h06_o2025-03,A,24288,24282,24282,1998,356,24278,True,
y2025_h06_o2025-03,A,24294,24288,24288,2702,355,24288,True,
y2025_h06_o2025-03,B,24283,24277,24277,1653,348,24276,True,
y2025_h06_o2025-03,B,24288,24282,24282,1998,356,24278,True,
y2025_h06_o2025-03,B,24294,24288,24288,2702,355,24288,True,
y2025_h06_o2025-03,C,24283,24277,24277,1653,348,24276,True,
y2025_h06_o2025-03,C,24288,24282,24282,1998,356,24278,True,
y2025_h06_o2025-03,C,24294,24288,24288,2702,355,24288,True,
y2025_h06_o2025-03,D,24283,24277,24277,1653,348,24276,True,
y2025_h06_o2025-03,D,24288,24282,24282,1998,356,24278,True,
y2025_h06_o2025-03,D,24294,24288,24288,2702,355,24288,True,
y2025_h06_o2025-04,A,24283,24277,24277,1653,348,24276,True,
y2025_h06_o2025-04,A,24288,24282,24282,1998,356,24278,True,
y2025_h06_o2025-04,A,24294,24288,24288,2702,355,24288,True,
y2025_h06_o2025-04,B,24283,24277,24277,1653,348,24276,True,
y2025_h06_o2025-04,B,24288,24282,24282,1998,356,24278,True,
y2025_h06_o2025-04,B,24294,24288,24288,2702,355,24288,True,
y2025_h06_o2025-04,C,24283,24277,24277,1653,348,24276,True,
y2025_h06_o2025-04,C,24288,24282,24282,1998,356,24278,True,
y2025_h06_o2025-04,C,24294,24288,24288,2702,355,24288,True,
y2025_h06_o2025-04,D,24283,24277,24277,1653,348,24276,True,
y2025_h06_o2025-04,D,24288,24282,24282,1998,356,24278,True,
y2025_h06_o2025-04,D,24294,24288,24288,2702,355,24288,True,
y2025_h12_o2024-04,A,24278,24266,24266,43,345,24264,True,
y2025_h12_o2024-04,A,24283,24271,24271,603,348,24270,True,
y2025_h12_o2024-04,A,24288,24276,24276,1653,356,24276,True,
y2025_h12_o2024-04,B,24278,24266,24266,43,345,24264,True,
y2025_h12_o2024-04,B,24283,24271,24271,603,348,24270,True,
y2025_h12_o2024-04,B,24288,24276,24276,1653,356,24276,True,
y2025_h12_o2024-04,C,24278,24266,24266,43,345,24264,True,
y2025_h12_o2024-04,C,24283,24271,24271,603,348,24270,True,
y2025_h12_o2024-04,C,24288,24276,24276,1653,356,24276,True,
y2025_h12_o2024-04,D,24278,24266,24266,43,345,24264,True,
y2025_h12_o2024-04,D,24283,24271,24271,603,348,24270,True,
y2025_h12_o2024-04,D,24288,24276,24276,1653,356,24276,True,
y2025_h12_o2024-07,A,24283,24271,24271,603,348,24270,True,
y2025_h12_o2024-07,A,24288,24276,24276,1653,356,24276,True,
y2025_h12_o2024-07,A,24294,24282,24282,1998,355,24278,True,
y2025_h12_o2024-07,B,24283,24271,24271,603,348,24270,True,
y2025_h12_o2024-07,B,24288,24276,24276,1653,356,24276,True,
y2025_h12_o2024-07,B,24294,24282,24282,1998,355,24278,True,
y2025_h12_o2024-07,C,24283,24271,24271,603,348,24270,True,
y2025_h12_o2024-07,C,24288,24276,24276,1653,356,24276,True,
y2025_h12_o2024-07,C,24294,24282,24282,1998,355,24278,True,
y2025_h12_o2024-07,D,24283,24271,24271,603,348,24270,True,
y2025_h12_o2024-07,D,24288,24276,24276,1653,356,24276,True,
y2025_h12_o2024-07,D,24294,24282,24282,1998,355,24278,True,
y2025_h12_o2024-09,A,24283,24271,24271,603,348,24270,True,
y2025_h12_o2024-09,A,24288,24276,24276,1653,356,24276,True,
y2025_h12_o2024-09,A,24294,24282,24282,1998,355,24278,True,
y2025_h12_o2024-09,B,24283,24271,24271,603,348,24270,True,
y2025_h12_o2024-09,B,24288,24276,24276,1653,356,24276,True,
y2025_h12_o2024-09,B,24294,24282,24282,1998,355,24278,True,
y2025_h12_o2024-09,C,24283,24271,24271,603,348,24270,True,
y2025_h12_o2024-09,C,24288,24276,24276,1653,356,24276,True,
y2025_h12_o2024-09,C,24294,24282,24282,1998,355,24278,True,
y2025_h12_o2024-09,D,24283,24271,24271,603,348,24270,True,
y2025_h12_o2024-09,D,24288,24276,24276,1653,356,24276,True,
y2025_h12_o2024-09,D,24294,24282,24282,1998,355,24278,True,
y2025_h12_o2024-10,A,24283,24271,24271,603,348,24270,True,
y2025_h12_o2024-10,A,24288,24276,24276,1653,356,24276,True,
y2025_h12_o2024-10,A,24294,24282,24282,1998,355,24278,True,
y2025_h12_o2024-10,B,24283,24271,24271,603,348,24270,True,
y2025_h12_o2024-10,B,24288,24276,24276,1653,356,24276,True,
y2025_h12_o2024-10,B,24294,24282,24282,1998,355,24278,True,
y2025_h12_o2024-10,C,24283,24271,24271,603,348,24270,True,
y2025_h12_o2024-10,C,24288,24276,24276,1653,356,24276,True,
y2025_h12_o2024-10,C,24294,24282,24282,1998,355,24278,True,
y2025_h12_o2024-10,D,24283,24271,24271,603,348,24270,True,
y2025_h12_o2024-10,D,24288,24276,24276,1653,356,24276,True,
y2025_h12_o2024-10,D,24294,24282,24282,1998,355,24278,True,
y2026_h00_o2026-04,A,24306,24306,24305,2832,64,24303,True,
y2026_h00_o2026-04,A,24308,24308,24307,2896,4,24306,True,
y2026_h00_o2026-04,A,24309,24309,24308,2900,904,24308,True,
y2026_h00_o2026-04,B,24306,24306,24305,2832,64,24303,True,
y2026_h00_o2026-04,B,24308,24308,24307,2896,4,24306,True,
y2026_h00_o2026-04,B,24309,24309,24308,2900,904,24308,True,
y2026_h00_o2026-04,C,24306,24306,24305,2832,64,24303,True,
y2026_h00_o2026-04,C,24308,24308,24307,2896,4,24306,True,
y2026_h00_o2026-04,C,24309,24309,24308,2900,904,24308,True,
y2026_h00_o2026-04,D,24306,24306,24305,2832,64,24303,True,
y2026_h00_o2026-04,D,24308,24308,24307,2896,4,24306,True,
y2026_h00_o2026-04,D,24309,24309,24308,2900,904,24308,True,
y2026_h03_o2026-01,A,24306,24303,24303,2832,64,24303,True,
y2026_h03_o2026-01,A,24308,24305,24305,2832,4,24303,True,
y2026_h03_o2026-01,A,24309,24306,24306,2896,904,24306,True,
y2026_h03_o2026-01,B,24306,24303,24303,2832,64,24303,True,
y2026_h03_o2026-01,B,24308,24305,24305,2832,4,24303,True,
y2026_h03_o2026-01,B,24309,24306,24306,2896,904,24306,True,
y2026_h03_o2026-01,C,24306,24303,24303,2832,64,24303,True,
y2026_h03_o2026-01,C,24308,24305,24305,2832,4,24303,True,
y2026_h03_o2026-01,C,24309,24306,24306,2896,904,24306,True,
y2026_h03_o2026-01,D,24306,24303,24303,2832,64,24303,True,
y2026_h03_o2026-01,D,24308,24305,24305,2832,4,24303,True,
y2026_h03_o2026-01,D,24309,24306,24306,2896,904,24306,True,
y2026_h06_o2025-10,A,24306,24300,24300,1928,64,24294,True,
y2026_h06_o2025-10,A,24308,24302,24302,1928,4,24294,True,
y2026_h06_o2025-10,A,24309,24303,24303,2832,904,24303,True,
y2026_h06_o2025-10,B,24306,24300,24300,1928,64,24294,True,
y2026_h06_o2025-10,B,24308,24302,24302,1928,4,24294,True,
y2026_h06_o2025-10,B,24309,24303,24303,2832,904,24303,True,
y2026_h06_o2025-10,C,24306,24300,24300,1928,64,24294,True,
y2026_h06_o2025-10,C,24308,24302,24302,1928,4,24294,True,
y2026_h06_o2025-10,C,24309,24303,24303,2832,904,24303,True,
y2026_h06_o2025-10,D,24306,24300,24300,1928,64,24294,True,
y2026_h06_o2025-10,D,24308,24302,24302,1928,4,24294,True,
y2026_h06_o2025-10,D,24309,24303,24303,2832,904,24303,True,
y2026_h12_o2025-04,A,24288,24276,24276,524,356,24276,True,
y2026_h12_o2025-04,A,24294,24282,24282,869,355,24278,True,
y2026_h12_o2025-04,A,24303,24291,24291,1573,904,24288,True,
y2026_h12_o2025-04,B,24288,24276,24276,524,356,24276,True,
y2026_h12_o2025-04,B,24294,24282,24282,869,355,24278,True,
y2026_h12_o2025-04,B,24303,24291,24291,1573,904,24288,True,
y2026_h12_o2025-04,C,24288,24276,24276,524,356,24276,True,
y2026_h12_o2025-04,C,24294,24282,24282,869,355,24278,True,
y2026_h12_o2025-04,C,24303,24291,24291,1573,904,24288,True,
y2026_h12_o2025-04,D,24288,24276,24276,524,356,24276,True,
y2026_h12_o2025-04,D,24294,24282,24282,869,355,24278,True,
y2026_h12_o2025-04,D,24303,24291,24291,1573,904,24288,True,
