job_id,context_id,selection_signature,status,reason,data_setting,outer_year,horizon,origin,test_families,rounds,scoring_rounds,n_scoring_keys,final_calibration_rounds,fit_spec_id,n_fit,max_selection_label_ord
augmented_y2022_h00_o2022-01,augmented_y2022_h00_o2022-01,7e0c1deb7d312c3a,ok,,augmented,2022,0,2022-01,anl:24755659,2017-01;2017-07;2018-01;2018-07;2019-01;2019-07;2020-01;2020-07;2021-01;2021-07,2020-07;2021-01;2021-07,489,2020-07;2021-01;2021-07,fa96ce5efa7dfe02,1295,24260
augmented_y2022_h00_o2022-05,augmented_y2022_h00_o2022-05,7e0c1deb7d312c3a,ok,,augmented,2022,0,2022-05,anl:25817951,2017-01;2017-07;2018-01;2018-07;2019-01;2019-07;2020-01;2020-07;2021-01;2021-07,2020-07;2021-01;2021-07,489,2020-07;2021-01;2021-07,19b21ae197f046e1,1295,24260
augmented_y2022_h00_o2022-07,augmented_y2022_h00_o2022-07,7e0c1deb7d312c3a,ok,,augmented,2022,0,2022-07,anl:26601265,2017-01;2017-07;2018-01;2018-07;2019-01;2019-07;2020-01;2020-07;2021-01;2021-07,2020-07;2021-01;2021-07,489,2020-07;2021-01;2021-07,2e4a8c594dcfc4ac,1295,24260
augmented_y2022_h00_o2022-08,augmented_y2022_h00_o2022-08,7e0c1deb7d312c3a,ok,,augmented,2022,0,2022-08,anl:26601265,2017-01;2017-07;2018-01;2018-07;2019-01;2019-07;2020-01;2020-07;2021-01;2021-07,2020-07;2021-01;2021-07,489,2020-07;2021-01;2021-07,248e25f2fbe354ac,1295,24260
augmented_y2022_h00_o2022-09,augmented_y2022_h00_o2022-09,7e0c1deb7d312c3a,ok,,augmented,2022,0,2022-09,anl:26601265,2017-01;2017-07;2018-01;2018-07;2019-01;2019-07;2020-01;2020-07;2021-01;2021-07,2020-07;2021-01;2021-07,489,2020-07;2021-01;2021-07,a4b399e1fc984b04,1295,24260
augmented_y2022_h00_o2022-10,augmented_y2022_h00_o2022-10,7e0c1deb7d312c3a,ok,,augmented,2022,0,2022-10,anl:26777665,2017-01;2017-07;2018-01;2018-07;2019-01;2019-07;2020-01;2020-07;2021-01;2021-07,2020-07;2021-01;2021-07,489,2020-07;2021-01;2021-07,f35c2d41b0ff6be6,1295,24260
augmented_y2022_h00_o2022-11,augmented_y2022_h00_o2022-11,7e0c1deb7d312c3a,ok,,augmented,2022,0,2022-11,anl:26777665,2017-01;2017-07;2018-01;2018-07;2019-01;2019-07;2020-01;2020-07;2021-01;2021-07,2020-07;2021-01;2021-07,489,2020-07;2021-01;2021-07,65ed8bfe32a4768b,1295,24260
augmented_y2022_h00_o2022-12,augmented_y2022_h00_o2022-12,7e0c1deb7d312c3a,ok,,augmented,2022,0,2022-12,anl:26777665,2017-01;2017-07;2018-01;2018-07;2019-01;2019-07;2020-01;2020-07;2021-01;2021-07,2020-07;2021-01;2021-07,489,2020-07;2021-01;2021-07,94a11fd290366c57,1295,24260
augmented_y2022_h03_o2021-10,augmented_y2022_h03_o2021-10,4b6d74dc34df263b,ok,,augmented,2022,3,2021-10,anl:24755659,2017-01;2017-07;2018-01;2018-07;2019-01;2019-07;2020-01;2020-07;2021-01;2021-07,2020-07;2021-01;2021-07,489,2020-07;2021-01;2021-07,d532f6c35a7860a3,1295,24260
augmented_y2022_h03_o2022-02,augmented_y2022_h03_o2022-02,4b6d74dc34df263b,ok,,augmented,2022,3,2022-02,anl:25817951,2017-01;2017-07;2018-01;2018-07;2019-01;2019-07;2020-01;2020-07;2021-01;2021-07,2020-07;2021-01;2021-07,489,2020-07;2021-01;2021-07,b99a54522886c6de,1295,24260
augmented_y2022_h03_o2022-04,augmented_y2022_h03_o2022-04,4b6d74dc34df263b,ok,,augmented,2022,3,2022-04,anl:26601265,2017-01;2017-07;2018-01;2018-07;2019-01;2019-07;2020-01;2020-07;2021-01;2021-07,2020-07;2021-01;2021-07,489,2020-07;2021-01;2021-07,b261c7bb37fa1fa6,1295,24260
augmented_y2022_h03_o2022-05,augmented_y2022_h03_o2022-05,4b6d74dc34df263b,ok,,augmented,2022,3,2022-05,anl:26601265,2017-01;2017-07;2018-01;2018-07;2019-01;2019-07;2020-01;2020-07;2021-01;2021-07,2020-07;2021-01;2021-07,489,2020-07;2021-01;2021-07,14c86638da230f46,1295,24260
augmented_y2022_h03_o2022-06,augmented_y2022_h03_o2022-06,4b6d74dc34df263b,ok,,augmented,2022,3,2022-06,anl:26601265,2017-01;2017-07;2018-01;2018-07;2019-01;2019-07;2020-01;2020-07;2021-01;2021-07,2020-07;2021-01;2021-07,489,2020-07;2021-01;2021-07,761b931f8ae70b9b,1295,24260
augmented_y2022_h03_o2022-07,augmented_y2022_h03_o2022-07,4b6d74dc34df263b,ok,,augmented,2022,3,2022-07,anl:26777665,2017-01;2017-07;2018-01;2018-07;2019-01;2019-07;2020-01;2020-07;2021-01;2021-07,2020-07;2021-01;2021-07,489,2020-07;2021-01;2021-07,b9aa1189c5cea68a,1295,24260
augmented_y2022_h03_o2022-08,augmented_y2022_h03_o2022-08,4b6d74dc34df263b,ok,,augmented,2022,3,2022-08,anl:26777665,2017-01;2017-07;2018-01;2018-07;2019-01;2019-07;2020-01;2020-07;2021-01;2021-07,2020-07;2021-01;2021-07,489,2020-07;2021-01;2021-07,000bbeb0a50807b2,1295,24260
augmented_y2022_h03_o2022-09,augmented_y2022_h03_o2022-09,4b6d74dc34df263b,ok,,augmented,2022,3,2022-09,anl:26777665,2017-01;2017-07;2018-01;2018-07;2019-01;2019-07;2020-01;2020-07;2021-01;2021-07,2020-07;2021-01;2021-07,489,2020-07;2021-01;2021-07,b4f2c008c9b701ae,1295,24260
augmented_y2022_h06_o2021-07,augmented_y2022_h06_o2021-07,8a217c55e3cc71be,ok,,augmented,2022,6,2021-07,anl:24755659,2017-01;2017-07;2018-01;2018-07;2019-01;2019-07;2020-01;2020-07;2021-01;2021-07,2020-07;2021-01;2021-07,459,2020-07;2021-01;2021-07,639973c4e349ecbd,1265,24258
augmented_y2022_h06_o2021-11,augmented_y2022_h06_o2021-11,322cfbe6cfba9dc9,ok,,augmented,2022,6,2021-11,anl:25817951,2017-01;2017-07;2018-01;2018-07;2019-01;2019-07;2020-01;2020-07;2021-01;2021-07,2020-07;2021-01;2021-07,489,2020-07;2021-01;2021-07,75fb924985db8c08,1295,24260
augmented_y2022_h06_o2022-01,augmented_y2022_h06_o2022-01,322cfbe6cfba9dc9,ok,,augmented,2022,6,2022-01,anl:26601265,2017-01;2017-07;2018-01;2018-07;2019-01;2019-07;2020-01;2020-07;2021-01;2021-07,2020-07;2021-01;2021-07,489,2020-07;2021-01;2021-07,88b37189ed07b95d,1295,24260
augmented_y2022_h06_o2022-02,augmented_y2022_h06_o2022-02,322cfbe6cfba9dc9,ok,,augmented,2022,6,2022-02,anl:26601265,2017-01;2017-07;2018-01;2018-07;2019-01;2019-07;2020-01;2020-07;2021-01;2021-07,2020-07;2021-01;2021-07,489,2020-07;2021-01;2021-07,89c895bb85f3f2ca,1295,24260
augmented_y2022_h06_o2022-03,augmented_y2022_h06_o2022-03,322cfbe6cfba9dc9,ok,,augmented,2022,6,2022-03,anl:26601265,2017-01;2017-07;2018-01;2018-07;2019-01;2019-07;2020-01;2020-07;2021-01;2021-07,2020-07;2021-01;2021-07,489,2020-07;2021-01;2021-07,ab6dcca1f62e5664,1295,24260
augmented_y2022_h06_o2022-04,augmented_y2022_h06_o2022-04,322cfbe6cfba9dc9,ok,,augmented,2022,6,2022-04,anl:26777665,2017-01;2017-07;2018-01;2018-07;2019-01;2019-07;2020-01;2020-07;2021-01;2021-07,2020-07;2021-01;2021-07,489,2020-07;2021-01;2021-07,72d58a794228c562,1295,24260
augmented_y2022_h06_o2022-05,augmented_y2022_h06_o2022-05,322cfbe6cfba9dc9,ok,,augmented,2022,6,2022-05,anl:26777665,2017-01;2017-07;2018-01;2018-07;2019-01;2019-07;2020-01;2020-07;2021-01;2021-07,2020-07;2021-01;2021-07,489,2020-07;2021-01;2021-07,8ab7e51d70e89bfd,1295,24260
augmented_y2022_h06_o2022-06,augmented_y2022_h06_o2022-06,322cfbe6cfba9dc9,ok,,augmented,2022,6,2022-06,anl:26777665,2017-01;2017-07;2018-01;2018-07;2019-01;2019-07;2020-01;2020-07;2021-01;2021-07,2020-07;2021-01;2021-07,489,2020-07;2021-01;2021-07,ca76ebe913cc7afc,1295,24260
augmented_y2022_h12_o2021-01,augmented_y2022_h12_o2021-01,5b6ebecc597cb121,ok,,augmented,2022,12,2021-01,anl:24755659,2017-01;2017-07;2018-01;2018-07;2019-01;2019-07;2020-01;2020-07;2021-01,2020-01;2020-07;2021-01,518,2020-01;2020-07;2021-01,5ad8c8a9e339daa1,1102,24252
augmented_y2022_h12_o2021-05,augmented_y2022_h12_o2021-05,bc0bbf648ffaf7ea,ok,,augmented,2022,12,2021-05,anl:25817951,2017-01;2017-07;2018-01;2018-07;2019-01;2019-07;2020-01;2020-07;2021-01,2020-01;2020-07;2021-01,666,2020-01;2020-07;2021-01,8ede06c0f2bdc467,1250,24254
augmented_y2022_h12_o2021-07,augmented_y2022_h12_o2021-07,2743ff51db450927,ok,,augmented,2022,12,2021-07,anl:26601265,2017-01;2017-07;2018-01;2018-07;2019-01;2019-07;2020-01;2020-07;2021-01;2021-07,2020-07;2021-01;2021-07,459,2020-07;2021-01;2021-07,24177d6d764f725f,1265,24258
augmented_y2022_h12_o2021-08,augmented_y2022_h12_o2021-08,f06c76b6127e056d,ok,,augmented,2022,12,2021-08,anl:26601265,2017-01;2017-07;2018-01;2018-07;2019-01;2019-07;2020-01;2020-07;2021-01;2021-07,2020-07;2021-01;2021-07,474,2020-07;2021-01;2021-07,eeb4bab62458893a,1280,24259
augmented_y2022_h12_o2021-09,augmented_y2022_h12_o2021-09,427606f22ce689b8,ok,,augmented,2022,12,2021-09,anl:26601265,2017-01;2017-07;2018-01;2018-07;2019-01;2019-07;2020-01;2020-07;2021-01;2021-07,2020-07;2021-01;2021-07,489,2020-07;2021-01;2021-07,39737f4f27046811,1295,24260
augmented_y2022_h12_o2021-10,augmented_y2022_h12_o2021-10,427606f22ce689b8,ok,,augmented,2022,12,2021-10,anl:26777665,2017-01;2017-07;2018-01;2018-07;2019-01;2019-07;2020-01;2020-07;2021-01;2021-07,2020-07;2021-01;2021-07,489,2020-07;2021-01;2021-07,9a28fea988782b58,1295,24260
augmented_y2022_h12_o2021-11,augmented_y2022_h12_o2021-11,427606f22ce689b8,ok,,augmented,2022,12,2021-11,anl:26777665,2017-01;2017-07;2018-01;2018-07;2019-01;2019-07;2020-01;2020-07;2021-01;2021-07,2020-07;2021-01;2021-07,489,2020-07;2021-01;2021-07,efa447d42e6426ff,1295,24260
augmented_y2022_h12_o2021-12,augmented_y2022_h12_o2021-12,427606f22ce689b8,ok,,augmented,2022,12,2021-12,anl:26777665,2017-01;2017-07;2018-01;2018-07;2019-01;2019-07;2020-01;2020-07;2021-01;2021-07,2020-07;2021-01;2021-07,489,2020-07;2021-01;2021-07,05ef639efa366192,1295,24260
augmented_y2023_h00_o2023-01,augmented_y2023_h00_o2023-01,b9681f47ce25cce0,ok,,augmented,2023,0,2023-01,anl:33607389,2017-01;2017-07;2018-01;2018-07;2019-01;2019-07;2020-01;2020-07;2021-01;2021-07;2022-01;2022-05;2022-07;2022-10,2022-05;2022-07;2022-10,2079,2022-05;2022-07;2022-10,28a42bbac340526f,3389,24275
augmented_y2023_h00_o2023-02,augmented_y2023_h00_o2023-02,b9681f47ce25cce0,ok,,augmented,2023,0,2023-02,anl:33607389,2017-01;2017-07;2018-01;2018-07;2019-01;2019-07;2020-01;2020-07;2021-01;2021-07;2022-01;2022-05;2022-07;2022-10,2022-05;2022-07;2022-10,2079,2022-05;2022-07;2022-10,658922352418f364,3389,24275
augmented_y2023_h00_o2023-03,augmented_y2023_h00_o2023-03,b9681f47ce25cce0,ok,,augmented,2023,0,2023-03,anl:33607389;anl:54775925,2017-01;2017-07;2018-01;2018-07;2019-01;2019-07;2020-01;2020-07;2021-01;2021-07;2022-01;2022-05;2022-07;2022-10,2022-05;2022-07;2022-10,2079,2022-05;2022-07;2022-10,8ea83cc3da810c41,3389,24275
augmented_y2023_h00_o2023-08,augmented_y2023_h00_o2023-08,b9681f47ce25cce0,ok,,augmented,2023,0,2023-08,anl:59090932,2017-01;2017-07;2018-01;2018-07;2019-01;2019-07;2020-01;2020-07;2021-01;2021-07;2022-01;2022-05;2022-07;2022-10,2022-05;2022-07;2022-10,2079,2022-05;2022-07;2022-10,0004f9b896dd9566,3389,24275
augmented_y2023_h00_o2023-09,augmented_y2023_h00_o2023-09,b9681f47ce25cce0,ok,,augmented,2023,0,2023-09,anl:59090932,2017-01;2017-07;2018-01;2018-07;2019-01;2019-07;2020-01;2020-07;2021-01;2021-07;2022-01;2022-05;2022-07;2022-10,2022-05;2022-07;2022-10,2079,2022-05;2022-07;2022-10,aa124b3783036d8b,3389,24275
augmented_y2023_h03_o2022-10,augmented_y2023_h03_o2022-10,47e165153a8fed41,ok,,augmented,2023,3,2022-10,anl:33607389,2017-01;2017-07;2018-01;2018-07;2019-01;2019-07;2020-01;2020-07;2021-01;2021-07;2022-01;2022-05;2022-07;2022-10,2022-05;2022-07;2022-10,1383,2022-05;2022-07;2022-10,ac40ee7a37160225,2693,24273
augmented_y2023_h03_o2022-11,augmented_y2023_h03_o2022-11,5daaae1feabc3158,ok,,augmented,2023,3,2022-11,anl:33607389,2017-01;2017-07;2018-01;2018-07;2019-01;2019-07;2020-01;2020-07;2021-01;2021-07;2022-01;2022-05;2022-07;2022-10,2022-05;2022-07;2022-10,1731,2022-05;2022-07;2022-10,9a2f2b52bda7b138,3041,24274
augmented_y2023_h03_o2022-12,augmented_y2023_h03_o2022-12,c43c70f219b5c1e9,ok,,augmented,2023,3,2022-12,anl:33607389;anl:54775925,2017-01;2017-07;2018-01;2018-07;2019-01;2019-07;2020-01;2020-07;2021-01;2021-07;2022-01;2022-05;2022-07;2022-10,2022-05;2022-07;2022-10,2079,2022-05;2022-07;2022-10,e62a66a15b1186ee,3389,24275
augmented_y2023_h03_o2023-05,augmented_y2023_h03_o2023-05,c43c70f219b5c1e9,ok,,augmented,2023,3,2023-05,anl:59090932,2017-01;2017-07;2018-01;2018-07;2019-01;2019-07;2020-01;2020-07;2021-01;2021-07;2022-01;2022-05;2022-07;2022-10,2022-05;2022-07;2022-10,2079,2022-05;2022-07;2022-10,939ee6e3bb3a696e,3389,24275
augmented_y2023_h03_o2023-06,augmented_y2023_h03_o2023-06,c43c70f219b5c1e9,ok,,augmented,2023,3,2023-06,anl:59090932,2017-01;2017-07;2018-01;2018-07;2019-01;2019-07;2020-01;2020-07;2021-01;2021-07;2022-01;2022-05;2022-07;2022-10,2022-05;2022-07;2022-10,2079,2022-05;2022-07;2022-10,ecb1ff2437931134,3389,24275
augmented_y2023_h06_o2022-07,augmented_y2023_h06_o2022-07,40654e5826b142f3,ok,,augmented,2023,6,2022-07,anl:33607389,2017-01;2017-07;2018-01;2018-07;2019-01;2019-07;2020-01;2020-07;2021-01;2021-07;2022-01;2022-05;2022-07,2022-01;2022-05;2022-07,372,2022-01;2022-05;2022-07,2b7fb6f46ba969dd,1667,24270
augmented_y2023_h06_o2022-08,augmented_y2023_h06_o2022-08,da212bda8e12b89e,ok,,augmented,2023,6,2022-08,anl:33607389,2017-01;2017-07;2018-01;2018-07;2019-01;2019-07;2020-01;2020-07;2021-01;2021-07;2022-01;2022-05;2022-07,2022-01;2022-05;2022-07,711,2022-01;2022-05;2022-07,0df6470ba666c6f2,2006,24271
augmented_y2023_h06_o2022-09,augmented_y2023_h06_o2022-09,f24dd811907e9ae5,ok,,augmented,2023,6,2022-09,anl:33607389;anl:54775925,2017-01;2017-07;2018-01;2018-07;2019-01;2019-07;2020-01;2020-07;2021-01;2021-07;2022-01;2022-05;2022-07,2022-01;2022-05;2022-07,1050,2022-01;2022-05;2022-07,1c098b29b3fb4d8f,2345,24272
augmented_y2023_h06_o2023-02,augmented_y2023_h06_o2023-02,c76bc149c4071164,ok,,augmented,2023,6,2023-02,anl:59090932,2017-01;2017-07;2018-01;2018-07;2019-01;2019-07;2020-01;2020-07;2021-01;2021-07;2022-01;2022-05;2022-07;2022-10,2022-05;2022-07;2022-10,2079,2022-05;2022-07;2022-10,b82f7106e258aac7,3389,24275
augmented_y2023_h06_o2023-03,augmented_y2023_h06_o2023-03,c76bc149c4071164,ok,,augmented,2023,6,2023-03,anl:59090932,2017-01;2017-07;2018-01;2018-07;2019-01;2019-07;2020-01;2020-07;2021-01;2021-07;2022-01;2022-05;2022-07;2022-10,2022-05;2022-07;2022-10,2079,2022-05;2022-07;2022-10,2feb55e0a08f2058,3389,24275
augmented_y2023_h12_o2022-01,augmented_y2023_h12_o2022-01,674865689f04b919,ok,,augmented,2023,12,2022-01,anl:33607389,2017-01;2017-07;2018-01;2018-07;2019-01;2019-07;2020-01;2020-07;2021-01;2021-07;2022-01,2021-01;2021-07;2022-01,282,2021-01;2021-07;2022-01,2b7746fed81f026f,1310,24264
augmented_y2023_h12_o2022-02,augmented_y2023_h12_o2022-02,674865689f04b919,ok,,augmented,2023,12,2022-02,anl:33607389,2017-01;2017-07;2018-01;2018-07;2019-01;2019-07;2020-01;2020-07;2021-01;2021-07;2022-01,2021-01;2021-07;2022-01,282,2021-01;2021-07;2022-01,8a4e02cb30d45737,1310,24264
augmented_y2023_h12_o2022-03,augmented_y2023_h12_o2022-03,674865689f04b919,ok,,augmented,2023,12,2022-03,anl:33607389;anl:54775925,2017-01;2017-07;2018-01;2018-07;2019-01;2019-07;2020-01;2020-07;2021-01;2021-07;2022-01,2021-01;2021-07;2022-01,282,2021-01;2021-07;2022-01,16fc5900f3b2d408,1310,24264
augmented_y2023_h12_o2022-08,augmented_y2023_h12_o2022-08,5104c993f17b5797,ok,,augmented,2023,12,2022-08,anl:59090932,2017-01;2017-07;2018-01;2018-07;2019-01;2019-07;2020-01;2020-07;2021-01;2021-07;2022-01;2022-05;2022-07,2022-01;2022-05;2022-07,711,2022-01;2022-05;2022-07,17c49a47b30f5f28,2006,24271
augmented_y2023_h12_o2022-09,augmented_y2023_h12_o2022-09,aedc6a370b7150fd,ok,,augmented,2023,12,2022-09,anl:59090932,2017-01;2017-07;2018-01;2018-07;2019-01;2019-07;2020-01;2020-07;2021-01;2021-07;2022-01;2022-05;2022-07,2022-01;2022-05;2022-07,1050,2022-01;2022-05;2022-07,dc59708a3f66609b,2345,24272
augmented_y2024_h00_o2024-01,augmented_y2024_h00_o2024-01,4190f429011e4262,ok,,augmented,2024,0,2024-01,anl:65024769,2017-01;2017-07;2018-01;2018-07;2019-01;2019-07;2020-01;2020-07;2021-01;2021-07;2022-01;2022-05;2022-07;2022-10;2023-01;2023-03;2023-08,2023-01;2023-03;2023-08,2013,2023-01;2023-03;2023-08,ef57ca36313b0f0b,5402,24284
augmented_y2024_h00_o2024-02,augmented_y2024_h00_o2024-02,4190f429011e4262,ok,,augmented,2024,0,2024-02,anl:65024769,2017-01;2017-07;2018-01;2018-07;2019-01;2019-07;2020-01;2020-07;2021-01;2021-07;2022-01;2022-05;2022-07;2022-10;2023-01;2023-03;2023-08,2023-01;2023-03;2023-08,2013,2023-01;2023-03;2023-08,a04b8dfe877cef5b,5402,24284
augmented_y2024_h00_o2024-03,augmented_y2024_h00_o2024-03,4190f429011e4262,ok,,augmented,2024,0,2024-03,anl:65024769,2017-01;2017-07;2018-01;2018-07;2019-01;2019-07;2020-01;2020-07;2021-01;2021-07;2022-01;2022-05;2022-07;2022-10;2023-01;2023-03;2023-08,2023-01;2023-03;2023-08,2013,2023-01;2023-03;2023-08,be12751377157ab9,5402,24284
augmented_y2024_h00_o2024-07,augmented_y2024_h00_o2024-07,4190f429011e4262,ok,,augmented,2024,0,2024-07,anl:69455744,2017-01;2017-07;2018-01;2018-07;2019-01;2019-07;2020-01;2020-07;2021-01;2021-07;2022-01;2022-05;2022-07;2022-10;2023-01;2023-03;2023-08,2023-01;2023-03;2023-08,2013,2023-01;2023-03;2023-08,e4f090003623b7f4,5402,24284
augmented_y2024_h00_o2024-08,augmented_y2024_h00_o2024-08,4190f429011e4262,ok,,augmented,2024,0,2024-08,anl:69455744,2017-01;2017-07;2018-01;2018-07;2019-01;2019-07;2020-01;2020-07;2021-01;2021-07;2022-01;2022-05;2022-07;2022-10;2023-01;2023-03;2023-08,2023-01;2023-03;2023-08,2013,2023-01;2023-03;2023-08,c10ec97bb0080ce4,5402,24284
augmented_y2024_h00_o2024-09,augmented_y2024_h00_o2024-09,4190f429011e4262,ok,,augmented,2024,0,2024-09,anl:69455744,2017-01;2017-07;2018-01;2018-07;2019-01;2019-07;2020-01;2020-07;2021-01;2021-07;2022-01;2022-05;2022-07;2022-10;2023-01;2023-03;2023-08,2023-01;2023-03;2023-08,2013,2023-01;2023-03;2023-08,1bbaa5b5552d9530,5402,24284
augmented_y2024_h03_o2023-10,augmented_y2024_h03_o2023-10,097fa784b0975739,ok,,augmented,2024,3,2023-10,anl:65024769,2017-01;2017-07;2018-01;2018-07;2019-01;2019-07;2020-01;2020-07;2021-01;2021-07;2022-01;2022-05;2022-07;2022-10;2023-01;2023-03;2023-08,2023-01;2023-03;2023-08,2013,2023-01;2023-03;2023-08,6ee38b41ee0d0781,5402,24284
augmented_y2024_h03_o2023-11,augmented_y2024_h03_o2023-11,097fa784b0975739,ok,,augmented,2024,3,2023-11,anl:65024769,2017-01;2017-07;2018-01;2018-07;2019-01;2019-07;2020-01;2020-07;2021-01;2021-07;2022-01;2022-05;2022-07;2022-10;2023-01;2023-03;2023-08,2023-01;2023-03;2023-08,2013,2023-01;2023-03;2023-08,26a41fea919f9bb2,5402,24284
augmented_y2024_h03_o2023-12,augmented_y2024_h03_o2023-12,097fa784b0975739,ok,,augmented,2024,3,2023-12,anl:65024769,2017-01;2017-07;2018-01;2018-07;2019-01;2019-07;2020-01;2020-07;2021-01;2021-07;2022-01;2022-05;2022-07;2022-10;2023-01;2023-03;2023-08,2023-01;2023-03;2023-08,2013,2023-01;2023-03;2023-08,19d146678237a9fc,5402,24284
augmented_y2024_h03_o2024-04,augmented_y2024_h03_o2024-04,097fa784b0975739,ok,,augmented,2024,3,2024-04,anl:69455744,2017-01;2017-07;2018-01;2018-07;2019-01;2019-07;2020-01;2020-07;2021-01;2021-07;2022-01;2022-05;2022-07;2022-10;2023-01;2023-03;2023-08,2023-01;2023-03;2023-08,2013,2023-01;2023-03;2023-08,3ef7d82bb231f25e,5402,24284
augmented_y2024_h03_o2024-05,augmented_y2024_h03_o2024-05,097fa784b0975739,ok,,augmented,2024,3,2024-05,anl:69455744,2017-01;2017-07;2018-01;2018-07;2019-01;2019-07;2020-01;2020-07;2021-01;2021-07;2022-01;2022-05;2022-07;2022-10;2023-01;2023-03;2023-08,2023-01;2023-03;2023-08,2013,2023-01;2023-03;2023-08,9e3311ba5f3e5ff7,5402,24284
augmented_y2024_h03_o2024-06,augmented_y2024_h03_o2024-06,097fa784b0975739,ok,,augmented,2024,3,2024-06,anl:69455744,2017-01;2017-07;2018-01;2018-07;2019-01;2019-07;2020-01;2020-07;2021-01;2021-07;2022-01;2022-05;2022-07;2022-10;2023-01;2023-03;2023-08,2023-01;2023-03;2023-08,2013,2023-01;2023-03;2023-08,c0d4ff40e588acd0,5402,24284
augmented_y2024_h06_o2023-07,augmented_y2024_h06_o2023-07,f145f0091b47df0c,ok,,augmented,2024,6,2023-07,anl:65024769,2017-01;2017-07;2018-01;2018-07;2019-01;2019-07;2020-01;2020-07;2021-01;2021-07;2022-01;2022-05;2022-07;2022-10;2023-01;2023-03,2022-10;2023-01;2023-03,2361,2022-10;2023-01;2023-03,2f2f7a0de309b79e,4706,24278
augmented_y2024_h06_o2023-08,augmented_y2024_h06_o2023-08,dad406769607fb4b,ok,,augmented,2024,6,2023-08,anl:65024769,2017-01;2017-07;2018-01;2018-07;2019-01;2019-07;2020-01;2020-07;2021-01;2021-07;2022-01;2022-05;2022-07;2022-10;2023-01;2023-03;2023-08,2023-01;2023-03;2023-08,1665,2023-01;2023-03;2023-08,2cb9ff5db78154f6,5054,24283
augmented_y2024_h06_o2023-09,augmented_y2024_h06_o2023-09,8481107f03f1cdb3,ok,,augmented,2024,6,2023-09,anl:65024769,2017-01;2017-07;2018-01;2018-07;2019-01;2019-07;2020-01;2020-07;2021-01;2021-07;2022-01;2022-05;2022-07;2022-10;2023-01;2023-03;2023-08,2023-01;2023-03;2023-08,2013,2023-01;2023-03;2023-08,ee86d00d9be61fac,5402,24284
augmented_y2024_h06_o2024-01,augmented_y2024_h06_o2024-01,8481107f03f1cdb3,ok,,augmented,2024,6,2024-01,anl:69455744,2017-01;2017-07;2018-01;2018-07;2019-01;2019-07;2020-01;2020-07;2021-01;2021-07;2022-01;2022-05;2022-07;2022-10;2023-01;2023-03;2023-08,2023-01;2023-03;2023-08,2013,2023-01;2023-03;2023-08,d8a317b4eb569355,5402,24284
augmented_y2024_h06_o2024-02,augmented_y2024_h06_o2024-02,8481107f03f1cdb3,ok,,augmented,2024,6,2024-02,anl:69455744,2017-01;2017-07;2018-01;2018-07;2019-01;2019-07;2020-01;2020-07;2021-01;2021-07;2022-01;2022-05;2022-07;2022-10;2023-01;2023-03;2023-08,2023-01;2023-03;2023-08,2013,2023-01;2023-03;2023-08,c0aa76f85f7b69ea,5402,24284
augmented_y2024_h06_o2024-03,augmented_y2024_h06_o2024-03,8481107f03f1cdb3,ok,,augmented,2024,6,2024-03,anl:69455744,2017-01;2017-07;2018-01;2018-07;2019-01;2019-07;2020-01;2020-07;2021-01;2021-07;2022-01;2022-05;2022-07;2022-10;2023-01;2023-03;2023-08,2023-01;2023-03;2023-08,2013,2023-01;2023-03;2023-08,88db3840e55c1703,5402,24284
augmented_y2024_h12_o2023-01,augmented_y2024_h12_o2023-01,0d8b308e75306093,ok,,augmented,2024,12,2023-01,anl:65024769,2017-01;2017-07;2018-01;2018-07;2019-01;2019-07;2020-01;2020-07;2021-01;2021-07;2022-01;2022-05;2022-07;2022-10;2023-01,2022-07;2022-10;2023-01,2409,2022-07;2022-10;2023-01,5884ec2773c6bbba,3737,24276
augmented_y2024_h12_o2023-02,augmented_y2024_h12_o2023-02,286e53567b658cb5,ok,,augmented,2024,12,2023-02,anl:65024769,2017-01;2017-07;2018-01;2018-07;2019-01;2019-07;2020-01;2020-07;2021-01;2021-07;2022-01;2022-05;2022-07;2022-10;2023-01,2022-07;2022-10;2023-01,2757,2022-07;2022-10;2023-01,d37f206339bb88a3,4085,24277
augmented_y2024_h12_o2023-03,augmented_y2024_h12_o2023-03,764f464de690be79,ok,,augmented,2024,12,2023-03,anl:65024769,2017-01;2017-07;2018-01;2018-07;2019-01;2019-07;2020-01;2020-07;2021-01;2021-07;2022-01;2022-05;2022-07;2022-10;2023-01;2023-03,2022-10;2023-01;2023-03,2361,2022-10;2023-01;2023-03,5d7a42eb2ff32669,4706,24278
augmented_y2024_h12_o2023-07,augmented_y2024_h12_o2023-07,764f464de690be79,ok,,augmented,2024,12,2023-07,anl:69455744,2017-01;2017-07;2018-01;2018-07;2019-01;2019-07;2020-01;2020-07;2021-01;2021-07;2022-01;2022-05;2022-07;2022-10;2023-01;2023-03,2022-10;2023-01;2023-03,2361,2022-10;2023-01;2023-03,50d8a768f6ea226d,4706,24278
augmented_y2024_h12_o2023-08,augmented_y2024_h12_o2023-08,100ccfb7bfea75c1,ok,,augmented,2024,12,2023-08,anl:69455744,2017-01;2017-07;2018-01;2018-07;2019-01;2019-07;2020-01;2020-07;2021-01;2021-07;2022-01;2022-05;2022-07;2022-10;2023-01;2023-03;2023-08,2023-01;2023-03;2023-08,1665,2023-01;2023-03;2023-08,bcba6f5c99a8abb0,5054,24283
augmented_y2024_h12_o2023-09,augmented_y2024_h12_o2023-09,6482ab1a7c54b39e,ok,,augmented,2024,12,2023-09,anl:69455744,2017-01;2017-07;2018-01;2018-07;2019-01;2019-07;2020-01;2020-07;2021-01;2021-07;2022-01;2022-05;2022-07;2022-10;2023-01;2023-03;2023-08,2023-01;2023-03;2023-08,2013,2023-01;2023-03;2023-08,1af48371dae37acc,5402,24284
augmented_y2025_h00_o2025-04,augmented_y2025_h00_o2025-04,4dc93e5d245d4c52,ok,,augmented,2025,0,2025-04,local:2025-04,2017-01;2017-07;2018-01;2018-07;2019-01;2019-07;2020-01;2020-07;2021-01;2021-07;2022-01;2022-05;2022-07;2022-10;2023-01;2023-03;2023-08;2024-01;2024-07,2023-08;2024-01;2024-07,2826,2023-08;2024-01;2024-07,e0e5cdd62120dae0,7532,24296
augmented_y2025_h00_o2025-07,augmented_y2025_h00_o2025-07,4dc93e5d245d4c52,ok,,augmented,2025,0,2025-07,local:2025-07,2017-01;2017-07;2018-01;2018-07;2019-01;2019-07;2020-01;2020-07;2021-01;2021-07;2022-01;2022-05;2022-07;2022-10;2023-01;2023-03;2023-08;2024-01;2024-07,2023-08;2024-01;2024-07,2826,2023-08;2024-01;2024-07,77f9033ae48d69c6,7532,24296
augmented_y2025_h00_o2025-09,augmented_y2025_h00_o2025-09,4dc93e5d245d4c52,ok,,augmented,2025,0,2025-09,local:2025-09,2017-01;2017-07;2018-01;2018-07;2019-01;2019-07;2020-01;2020-07;2021-01;2021-07;2022-01;2022-05;2022-07;2022-10;2023-01;2023-03;2023-08;2024-01;2024-07,2023-08;2024-01;2024-07,2826,2023-08;2024-01;2024-07,23848fb85a6baa79,7532,24296
augmented_y2025_h00_o2025-10,augmented_y2025_h00_o2025-10,4dc93e5d245d4c52,ok,,augmented,2025,0,2025-10,local:2025-10,2017-01;2017-07;2018-01;2018-07;2019-01;2019-07;2020-01;2020-07;2021-01;2021-07;2022-01;2022-05;2022-07;2022-10;2023-01;2023-03;2023-08;2024-01;2024-07,2023-08;2024-01;2024-07,2826,2023-08;2024-01;2024-07,d992b5012e264aef,7532,24296
augmented_y2025_h03_o2025-01,augmented_y2025_h03_o2025-01,f74883526cc880ed,ok,,augmented,2025,3,2025-01,local:2025-04,2017-01;2017-07;2018-01;2018-07;2019-01;2019-07;2020-01;2020-07;2021-01;2021-07;2022-01;2022-05;2022-07;2022-10;2023-01;2023-03;2023-08;2024-01;2024-07,2023-08;2024-01;2024-07,2826,2023-08;2024-01;2024-07,f1642e323fa04924,7532,24296
augmented_y2025_h03_o2025-04,augmented_y2025_h03_o2025-04,f74883526cc880ed,ok,,augmented,2025,3,2025-04,local:2025-07,2017-01;2017-07;2018-01;2018-07;2019-01;2019-07;2020-01;2020-07;2021-01;2021-07;2022-01;2022-05;2022-07;2022-10;2023-01;2023-03;2023-08;2024-01;2024-07,2023-08;2024-01;2024-07,2826,2023-08;2024-01;2024-07,15f453ba7b6bd5c1,7532,24296
augmented_y2025_h03_o2025-07,augmented_y2025_h03_o2025-07,f74883526cc880ed,ok,,augmented,2025,3,2025-07,local:2025-10,2017-01;2017-07;2018-01;2018-07;2019-01;2019-07;2020-01;2020-07;2021-01;2021-07;2022-01;2022-05;2022-07;2022-10;2023-01;2023-03;2023-08;2024-01;2024-07,2023-08;2024-01;2024-07,2826,2023-08;2024-01;2024-07,f5df00683f61f916,7532,24296
augmented_y2025_h06_o2024-10,augmented_y2025_h06_o2024-10,cc66059808bb363d,ok,,augmented,2025,6,2024-10,local:2025-04,2017-01;2017-07;2018-01;2018-07;2019-01;2019-07;2020-01;2020-07;2021-01;2021-07;2022-01;2022-05;2022-07;2022-10;2023-01;2023-03;2023-08;2024-01;2024-07,2023-08;2024-01;2024-07,2826,2023-08;2024-01;2024-07,fb7f2876c9986c0d,7532,24296
augmented_y2025_h06_o2025-01,augmented_y2025_h06_o2025-01,cc66059808bb363d,ok,,augmented,2025,6,2025-01,local:2025-07,2017-01;2017-07;2018-01;2018-07;2019-01;2019-07;2020-01;2020-07;2021-01;2021-07;2022-01;2022-05;2022-07;2022-10;2023-01;2023-03;2023-08;2024-01;2024-07,2023-08;2024-01;2024-07,2826,2023-08;2024-01;2024-07,7e90a9ff429186c2,7532,24296
augmented_y2025_h06_o2025-04,augmented_y2025_h06_o2025-04,cc66059808bb363d,ok,,augmented,2025,6,2025-04,local:2025-10,2017-01;2017-07;2018-01;2018-07;2019-01;2019-07;2020-01;2020-07;2021-01;2021-07;2022-01;2022-05;2022-07;2022-10;2023-01;2023-03;2023-08;2024-01;2024-07,2023-08;2024-01;2024-07,2826,2023-08;2024-01;2024-07,bc3695cbb19b9ee7,7532,24296
augmented_y2025_h12_o2024-04,augmented_y2025_h12_o2024-04,104718283386f982,ok,,augmented,2025,12,2024-04,local:2025-04,2017-01;2017-07;2018-01;2018-07;2019-01;2019-07;2020-01;2020-07;2021-01;2021-07;2022-01;2022-05;2022-07;2022-10;2023-01;2023-03;2023-08;2024-01,2023-03;2023-08;2024-01,2083,2023-03;2023-08;2024-01,f4908432d4a6670f,6467,24290
augmented_y2025_h12_o2024-07,augmented_y2025_h12_o2024-07,a0730748b399b845,ok,,augmented,2025,12,2024-07,local:2025-07,2017-01;2017-07;2018-01;2018-07;2019-01;2019-07;2020-01;2020-07;2021-01;2021-07;2022-01;2022-05;2022-07;2022-10;2023-01;2023-03;2023-08;2024-01;2024-07,2023-08;2024-01;2024-07,2116,2023-08;2024-01;2024-07,b4b5d77e2988dd42,6822,24294
augmented_y2025_h12_o2024-10,augmented_y2025_h12_o2024-10,46b38aa6e680d3b4,ok,,augmented,2025,12,2024-10,local:2025-10,2017-01;2017-07;2018-01;2018-07;2019-01;2019-07;2020-01;2020-07;2021-01;2021-07;2022-01;2022-05;2022-07;2022-10;2023-01;2023-03;2023-08;2024-01;2024-07,2023-08;2024-01;2024-07,2826,2023-08;2024-01;2024-07,c992deb3d820bd63,7532,24296
augmented_y2026_h00_o2026-04,augmented_y2026_h00_o2026-04,379ea939915361e1,ok,,augmented,2026,0,2026-04,anl:87143416,2017-01;2017-07;2018-01;2018-07;2019-01;2019-07;2020-01;2020-07;2021-01;2021-07;2022-01;2022-05;2022-07;2022-10;2023-01;2023-03;2023-08;2024-01;2024-07;2025-04;2025-07;2025-09;2025-10,2025-07;2025-09;2025-10,972,2025-07;2025-09;2025-10,97f45e42b70086f1,9408,24309
augmented_y2026_h12_o2025-04,augmented_y2026_h12_o2025-04,3671981036a1249d,ok,,augmented,2026,12,2025-04,anl:87143416,2017-01;2017-07;2018-01;2018-07;2019-01;2019-07;2020-01;2020-07;2021-01;2021-07;2022-01;2022-05;2022-07;2022-10;2023-01;2023-03;2023-08;2024-01;2024-07;2025-04,2024-01;2024-07;2025-04,3034,2024-01;2024-07;2025-04,9e67a89ed9d780a7,8436,24303
original_y2022_h00_o2022-01,original_y2022_h00_o2022-01,df8cab2b1e2d8f6e,ok,,original,2022,0,2022-01,anl:24755659,2017-01;2017-07;2018-01;2018-07;2019-01;2019-07;2020-01;2020-07;2021-01;2021-07,2020-07;2021-01;2021-07,163,2020-07;2021-01;2021-07,5181d845f08191e6,675,24258
original_y2022_h00_o2022-05,original_y2022_h00_o2022-05,df8cab2b1e2d8f6e,ok,,original,2022,0,2022-05,anl:25817951,2017-01;2017-07;2018-01;2018-07;2019-01;2019-07;2020-01;2020-07;2021-01;2021-07,2020-07;2021-01;2021-07,163,2020-07;2021-01;2021-07,6183c9fb1ef436e7,675,24258
original_y2022_h00_o2022-07,original_y2022_h00_o2022-07,df8cab2b1e2d8f6e,ok,,original,2022,0,2022-07,anl:26601265,2017-01;2017-07;2018-01;2018-07;2019-01;2019-07;2020-01;2020-07;2021-01;2021-07,2020-07;2021-01;2021-07,163,2020-07;2021-01;2021-07,068def9fe23124f7,675,24258
original_y2022_h00_o2022-10,original_y2022_h00_o2022-10,df8cab2b1e2d8f6e,ok,,original,2022,0,2022-10,anl:26777665,2017-01;2017-07;2018-01;2018-07;2019-01;2019-07;2020-01;2020-07;2021-01;2021-07,2020-07;2021-01;2021-07,163,2020-07;2021-01;2021-07,1f4011ae0d564e28,675,24258
original_y2022_h03_o2021-10,original_y2022_h03_o2021-10,aa5533b0d00604e4,ok,,original,2022,3,2021-10,anl:24755659,2017-01;2017-07;2018-01;2018-07;2019-01;2019-07;2020-01;2020-07;2021-01;2021-07,2020-07;2021-01;2021-07,163,2020-07;2021-01;2021-07,189f8274276b5903,675,24258
original_y2022_h03_o2022-02,original_y2022_h03_o2022-02,aa5533b0d00604e4,ok,,original,2022,3,2022-02,anl:25817951,2017-01;2017-07;2018-01;2018-07;2019-01;2019-07;2020-01;2020-07;2021-01;2021-07,2020-07;2021-01;2021-07,163,2020-07;2021-01;2021-07,423c9d4d3b35bad6,675,24258
original_y2022_h03_o2022-04,original_y2022_h03_o2022-04,aa5533b0d00604e4,ok,,original,2022,3,2022-04,anl:26601265,2017-01;2017-07;2018-01;2018-07;2019-01;2019-07;2020-01;2020-07;2021-01;2021-07,2020-07;2021-01;2021-07,163,2020-07;2021-01;2021-07,8c63058379f92e62,675,24258
original_y2022_h03_o2022-07,original_y2022_h03_o2022-07,aa5533b0d00604e4,ok,,original,2022,3,2022-07,anl:26777665,2017-01;2017-07;2018-01;2018-07;2019-01;2019-07;2020-01;2020-07;2021-01;2021-07,2020-07;2021-01;2021-07,163,2020-07;2021-01;2021-07,0bba52219a6fecd2,675,24258
original_y2022_h06_o2021-07,original_y2022_h06_o2021-07,f763971392964231,ok,,original,2022,6,2021-07,anl:24755659,2017-01;2017-07;2018-01;2018-07;2019-01;2019-07;2020-01;2020-07;2021-01;2021-07,2020-07;2021-01;2021-07,163,2020-07;2021-01;2021-07,0a694306fcec544d,675,24258
original_y2022_h06_o2021-11,original_y2022_h06_o2021-11,f763971392964231,ok,,original,2022,6,2021-11,anl:25817951,2017-01;2017-07;2018-01;2018-07;2019-01;2019-07;2020-01;2020-07;2021-01;2021-07,2020-07;2021-01;2021-07,163,2020-07;2021-01;2021-07,6857fe99877b41de,675,24258
original_y2022_h06_o2022-01,original_y2022_h06_o2022-01,f763971392964231,ok,,original,2022,6,2022-01,anl:26601265,2017-01;2017-07;2018-01;2018-07;2019-01;2019-07;2020-01;2020-07;2021-01;2021-07,2020-07;2021-01;2021-07,163,2020-07;2021-01;2021-07,65579020e09783d0,675,24258
original_y2022_h06_o2022-04,original_y2022_h06_o2022-04,f763971392964231,ok,,original,2022,6,2022-04,anl:26777665,2017-01;2017-07;2018-01;2018-07;2019-01;2019-07;2020-01;2020-07;2021-01;2021-07,2020-07;2021-01;2021-07,163,2020-07;2021-01;2021-07,abb750cfbd761e8c,675,24258
original_y2022_h12_o2021-01,original_y2022_h12_o2021-01,d9476b229cbc898c,ok,,original,2022,12,2021-01,anl:24755659,2017-01;2017-07;2018-01;2018-07;2019-01;2019-07;2020-01;2020-07;2021-01,2020-01;2020-07;2021-01,222,2020-01;2020-07;2021-01,2e9c90122f7d91f8,660,24252
original_y2022_h12_o2021-05,original_y2022_h12_o2021-05,d9476b229cbc898c,ok,,original,2022,12,2021-05,anl:25817951,2017-01;2017-07;2018-01;2018-07;2019-01;2019-07;2020-01;2020-07;2021-01,2020-01;2020-07;2021-01,222,2020-01;2020-07;2021-01,5012428758aed146,660,24252
original_y2022_h12_o2021-07,original_y2022_h12_o2021-07,7ef28e38b5b9ff7d,ok,,original,2022,12,2021-07,anl:26601265,2017-01;2017-07;2018-01;2018-07;2019-01;2019-07;2020-01;2020-07;2021-01;2021-07,2020-07;2021-01;2021-07,163,2020-07;2021-01;2021-07,f381ab196586d4b3,675,24258
original_y2022_h12_o2021-10,original_y2022_h12_o2021-10,7ef28e38b5b9ff7d,ok,,original,2022,12,2021-10,anl:26777665,2017-01;2017-07;2018-01;2018-07;2019-01;2019-07;2020-01;2020-07;2021-01;2021-07,2020-07;2021-01;2021-07,163,2020-07;2021-01;2021-07,202921714f1a6717,675,24258
original_y2023_h00_o2023-01,original_y2023_h00_o2023-01,73f9af8d8cdb886b,ok,,original,2023,0,2023-01,anl:33607389,2017-01;2017-07;2018-01;2018-07;2019-01;2019-07;2020-01;2020-07;2021-01;2021-07;2022-01;2022-05;2022-07;2022-10,2022-05;2022-07;2022-10,705,2022-05;2022-07;2022-10,3fb7d2d9c0d637a4,1395,24273
original_y2023_h00_o2023-03,original_y2023_h00_o2023-03,73f9af8d8cdb886b,ok,,original,2023,0,2023-03,anl:54775925,2017-01;2017-07;2018-01;2018-07;2019-01;2019-07;2020-01;2020-07;2021-01;2021-07;2022-01;2022-05;2022-07;2022-10,2022-05;2022-07;2022-10,705,2022-05;2022-07;2022-10,23fc2fa2701e4030,1395,24273
original_y2023_h00_o2023-08,original_y2023_h00_o2023-08,73f9af8d8cdb886b,ok,,original,2023,0,2023-08,anl:59090932,2017-01;2017-07;2018-01;2018-07;2019-01;2019-07;2020-01;2020-07;2021-01;2021-07;2022-01;2022-05;2022-07;2022-10,2022-05;2022-07;2022-10,705,2022-05;2022-07;2022-10,79f0e3cee2b9e8e6,1395,24273
original_y2023_h03_o2022-10,original_y2023_h03_o2022-10,adf7cd1bbc029996,ok,,original,2023,3,2022-10,anl:33607389,2017-01;2017-07;2018-01;2018-07;2019-01;2019-07;2020-01;2020-07;2021-01;2021-07;2022-01;2022-05;2022-07;2022-10,2022-05;2022-07;2022-10,705,2022-05;2022-07;2022-10,40df54acb2b347a5,1395,24273
original_y2023_h03_o2022-12,original_y2023_h03_o2022-12,adf7cd1bbc029996,ok,,original,2023,3,2022-12,anl:54775925,2017-01;2017-07;2018-01;2018-07;2019-01;2019-07;2020-01;2020-07;2021-01;2021-07;2022-01;2022-05;2022-07;2022-10,2022-05;2022-07;2022-10,705,2022-05;2022-07;2022-10,4782905d80f0822f,1395,24273
original_y2023_h03_o2023-05,original_y2023_h03_o2023-05,adf7cd1bbc029996,ok,,original,2023,3,2023-05,anl:59090932,2017-01;2017-07;2018-01;2018-07;2019-01;2019-07;2020-01;2020-07;2021-01;2021-07;2022-01;2022-05;2022-07;2022-10,2022-05;2022-07;2022-10,705,2022-05;2022-07;2022-10,ca2b72fb124c517a,1395,24273
original_y2023_h06_o2022-07,original_y2023_h06_o2022-07,87dba735e817348f,ok,,original,2023,6,2022-07,anl:33607389,2017-01;2017-07;2018-01;2018-07;2019-01;2019-07;2020-01;2020-07;2021-01;2021-07;2022-01;2022-05;2022-07,2022-01;2022-05;2022-07,372,2022-01;2022-05;2022-07,9e9288d2d7b9cc02,1047,24270
original_y2023_h06_o2022-09,original_y2023_h06_o2022-09,87dba735e817348f,ok,,original,2023,6,2022-09,anl:54775925,2017-01;2017-07;2018-01;2018-07;2019-01;2019-07;2020-01;2020-07;2021-01;2021-07;2022-01;2022-05;2022-07,2022-01;2022-05;2022-07,372,2022-01;2022-05;2022-07,e42d32a8476c351b,1047,24270
original_y2023_h06_o2023-02,original_y2023_h06_o2023-02,7b761f0abbf207fa,ok,,original,2023,6,2023-02,anl:59090932,2017-01;2017-07;2018-01;2018-07;2019-01;2019-07;2020-01;2020-07;2021-01;2021-07;2022-01;2022-05;2022-07;2022-10,2022-05;2022-07;2022-10,705,2022-05;2022-07;2022-10,b80b09d64070a00b,1395,24273
original_y2023_h12_o2022-01,original_y2023_h12_o2022-01,c9048e01ec0040f3,ok,,original,2023,12,2022-01,anl:33607389,2017-01;2017-07;2018-01;2018-07;2019-01;2019-07;2020-01;2020-07;2021-01;2021-07;2022-01,2021-01;2021-07;2022-01,104,2021-01;2021-07;2022-01,c5ac87fc682f80ee,690,24264
original_y2023_h12_o2022-03,original_y2023_h12_o2022-03,c9048e01ec0040f3,ok,,original,2023,12,2022-03,anl:54775925,2017-01;2017-07;2018-01;2018-07;2019-01;2019-07;2020-01;2020-07;2021-01;2021-07;2022-01,2021-01;2021-07;2022-01,104,2021-01;2021-07;2022-01,aa6f34a186a488ae,690,24264
original_y2023_h12_o2022-08,original_y2023_h12_o2022-08,80b8a796ef517d57,ok,,original,2023,12,2022-08,anl:59090932,2017-01;2017-07;2018-01;2018-07;2019-01;2019-07;2020-01;2020-07;2021-01;2021-07;2022-01;2022-05;2022-07,2022-01;2022-05;2022-07,372,2022-01;2022-05;2022-07,8d8f16fe282298ff,1047,24270
original_y2024_h00_o2024-01,original_y2024_h00_o2024-01,1fd3184ab7ba9a7f,ok,,original,2024,0,2024-01,anl:65024769,2017-01;2017-07;2018-01;2018-07;2019-01;2019-07;2020-01;2020-07;2021-01;2021-07;2022-01;2022-05;2022-07;2022-10;2023-01;2023-03;2023-08,2023-01;2023-03;2023-08,1018,2023-01;2023-03;2023-08,7f6474a2ac94b827,2413,24283
original_y2024_h00_o2024-07,original_y2024_h00_o2024-07,1fd3184ab7ba9a7f,ok,,original,2024,0,2024-07,anl:69455744,2017-01;2017-07;2018-01;2018-07;2019-01;2019-07;2020-01;2020-07;2021-01;2021-07;2022-01;2022-05;2022-07;2022-10;2023-01;2023-03;2023-08,2023-01;2023-03;2023-08,1018,2023-01;2023-03;2023-08,b3184801e104db57,2413,24283
original_y2024_h03_o2023-10,original_y2024_h03_o2023-10,8d802a6b50dfd69c,ok,,original,2024,3,2023-10,anl:65024769,2017-01;2017-07;2018-01;2018-07;2019-01;2019-07;2020-01;2020-07;2021-01;2021-07;2022-01;2022-05;2022-07;2022-10;2023-01;2023-03;2023-08,2023-01;2023-03;2023-08,1018,2023-01;2023-03;2023-08,36eef56bed385a38,2413,24283
original_y2024_h03_o2024-04,original_y2024_h03_o2024-04,8d802a6b50dfd69c,ok,,original,2024,3,2024-04,anl:69455744,2017-01;2017-07;2018-01;2018-07;2019-01;2019-07;2020-01;2020-07;2021-01;2021-07;2022-01;2022-05;2022-07;2022-10;2023-01;2023-03;2023-08,2023-01;2023-03;2023-08,1018,2023-01;2023-03;2023-08,e8af1ef1ad0c2358,2413,24283
original_y2024_h06_o2023-07,original_y2024_h06_o2023-07,77e77501de5b36fd,ok,,original,2024,6,2023-07,anl:65024769,2017-01;2017-07;2018-01;2018-07;2019-01;2019-07;2020-01;2020-07;2021-01;2021-07;2022-01;2022-05;2022-07;2022-10;2023-01;2023-03,2022-10;2023-01;2023-03,1018,2022-10;2023-01;2023-03,003c6aba006792dc,2065,24278
original_y2024_h06_o2024-01,original_y2024_h06_o2024-01,b0337c1a532eeb2a,ok,,original,2024,6,2024-01,anl:69455744,2017-01;2017-07;2018-01;2018-07;2019-01;2019-07;2020-01;2020-07;2021-01;2021-07;2022-01;2022-05;2022-07;2022-10;2023-01;2023-03;2023-08,2023-01;2023-03;2023-08,1018,2023-01;2023-03;2023-08,179579262d0d660e,2413,24283
original_y2024_h12_o2023-01,original_y2024_h12_o2023-01,82efbea1cf52247f,ok,,original,2024,12,2023-01,anl:65024769,2017-01;2017-07;2018-01;2018-07;2019-01;2019-07;2020-01;2020-07;2021-01;2021-07;2022-01;2022-05;2022-07;2022-10;2023-01,2022-07;2022-10;2023-01,1035,2022-07;2022-10;2023-01,0bdfe086025c7984,1743,24276
original_y2024_h12_o2023-07,original_y2024_h12_o2023-07,9bcc39981bb91f43,ok,,original,2024,12,2023-07,anl:69455744,2017-01;2017-07;2018-01;2018-07;2019-01;2019-07;2020-01;2020-07;2021-01;2021-07;2022-01;2022-05;2022-07;2022-10;2023-01;2023-03,2022-10;2023-01;2023-03,1018,2022-10;2023-01;2023-03,fad4c3b28b3637df,2065,24278
original_y2025_h00_o2025-04,original_y2025_h00_o2025-04,98c4519a9eb56746,ok,,original,2025,0,2025-04,local:2025-04,2017-01;2017-07;2018-01;2018-07;2019-01;2019-07;2020-01;2020-07;2021-01;2021-07;2022-01;2022-05;2022-07;2022-10;2023-01;2023-03;2023-08;2024-01;2024-07,2023-08;2024-01;2024-07,1058,2023-08;2024-01;2024-07,bc41e778d0c6e0a6,3123,24294
original_y2025_h00_o2025-07,original_y2025_h00_o2025-07,98c4519a9eb56746,ok,,original,2025,0,2025-07,local:2025-07,2017-01;2017-07;2018-01;2018-07;2019-01;2019-07;2020-01;2020-07;2021-01;2021-07;2022-01;2022-05;2022-07;2022-10;2023-01;2023-03;2023-08;2024-01;2024-07,2023-08;2024-01;2024-07,1058,2023-08;2024-01;2024-07,9a474fe0f76a0868,3123,24294
original_y2025_h00_o2025-09,original_y2025_h00_o2025-09,98c4519a9eb56746,ok,,original,2025,0,2025-09,local:2025-09,2017-01;2017-07;2018-01;2018-07;2019-01;2019-07;2020-01;2020-07;2021-01;2021-07;2022-01;2022-05;2022-07;2022-10;2023-01;2023-03;2023-08;2024-01;2024-07,2023-08;2024-01;2024-07,1058,2023-08;2024-01;2024-07,61276886a899029f,3123,24294
original_y2025_h00_o2025-10,original_y2025_h00_o2025-10,98c4519a9eb56746,ok,,original,2025,0,2025-10,local:2025-10,2017-01;2017-07;2018-01;2018-07;2019-01;2019-07;2020-01;2020-07;2021-01;2021-07;2022-01;2022-05;2022-07;2022-10;2023-01;2023-03;2023-08;2024-01;2024-07,2023-08;2024-01;2024-07,1058,2023-08;2024-01;2024-07,09985d117d54fcd3,3123,24294
original_y2025_h03_o2025-01,original_y2025_h03_o2025-01,15cae756431f2095,ok,,original,2025,3,2025-01,local:2025-04,2017-01;2017-07;2018-01;2018-07;2019-01;2019-07;2020-01;2020-07;2021-01;2021-07;2022-01;2022-05;2022-07;2022-10;2023-01;2023-03;2023-08;2024-01;2024-07,2023-08;2024-01;2024-07,1058,2023-08;2024-01;2024-07,696d0d9253cc9b0e,3123,24294
original_y2025_h03_o2025-04,original_y2025_h03_o2025-04,15cae756431f2095,ok,,original,2025,3,2025-04,local:2025-07,2017-01;2017-07;2018-01;2018-07;2019-01;2019-07;2020-01;2020-07;2021-01;2021-07;2022-01;2022-05;2022-07;2022-10;2023-01;2023-03;2023-08;2024-01;2024-07,2023-08;2024-01;2024-07,1058,2023-08;2024-01;2024-07,c355072ab3b59515,3123,24294
original_y2025_h03_o2025-07,original_y2025_h03_o2025-07,15cae756431f2095,ok,,original,2025,3,2025-07,local:2025-10,2017-01;2017-07;2018-01;2018-07;2019-01;2019-07;2020-01;2020-07;2021-01;2021-07;2022-01;2022-05;2022-07;2022-10;2023-01;2023-03;2023-08;2024-01;2024-07,2023-08;2024-01;2024-07,1058,2023-08;2024-01;2024-07,e0cfcf81ec29c248,3123,24294
original_y2025_h06_o2024-10,original_y2025_h06_o2024-10,1ea32c5cadf35903,ok,,original,2025,6,2024-10,local:2025-04,2017-01;2017-07;2018-01;2018-07;2019-01;2019-07;2020-01;2020-07;2021-01;2021-07;2022-01;2022-05;2022-07;2022-10;2023-01;2023-03;2023-08;2024-01;2024-07,2023-08;2024-01;2024-07,1058,2023-08;2024-01;2024-07,4a6392cfe48db576,3123,24294
original_y2025_h06_o2025-01,original_y2025_h06_o2025-01,1ea32c5cadf35903,ok,,original,2025,6,2025-01,local:2025-07,2017-01;2017-07;2018-01;2018-07;2019-01;2019-07;2020-01;2020-07;2021-01;2021-07;2022-01;2022-05;2022-07;2022-10;2023-01;2023-03;2023-08;2024-01;2024-07,2023-08;2024-01;2024-07,1058,2023-08;2024-01;2024-07,05b8ed53de2325c4,3123,24294
original_y2025_h06_o2025-04,original_y2025_h06_o2025-04,1ea32c5cadf35903,ok,,original,2025,6,2025-04,local:2025-10,2017-01;2017-07;2018-01;2018-07;2019-01;2019-07;2020-01;2020-07;2021-01;2021-07;2022-01;2022-05;2022-07;2022-10;2023-01;2023-03;2023-08;2024-01;2024-07,2023-08;2024-01;2024-07,1058,2023-08;2024-01;2024-07,5f3eae0dfcf867d5,3123,24294
original_y2025_h12_o2024-04,original_y2025_h12_o2024-04,c5c5656122484d1b,ok,,original,2025,12,2024-04,local:2025-04,2017-01;2017-07;2018-01;2018-07;2019-01;2019-07;2020-01;2020-07;2021-01;2021-07;2022-01;2022-05;2022-07;2022-10;2023-01;2023-03;2023-08;2024-01,2023-03;2023-08;2024-01,1025,2023-03;2023-08;2024-01,853e8020eeb75832,2768,24288
original_y2025_h12_o2024-07,original_y2025_h12_o2024-07,78f9a209ea668025,ok,,original,2025,12,2024-07,local:2025-07,2017-01;2017-07;2018-01;2018-07;2019-01;2019-07;2020-01;2020-07;2021-01;2021-07;2022-01;2022-05;2022-07;2022-10;2023-01;2023-03;2023-08;2024-01;2024-07,2023-08;2024-01;2024-07,1058,2023-08;2024-01;2024-07,a58f55b2944c3394,3123,24294
original_y2025_h12_o2024-10,original_y2025_h12_o2024-10,78f9a209ea668025,ok,,original,2025,12,2024-10,local:2025-10,2017-01;2017-07;2018-01;2018-07;2019-01;2019-07;2020-01;2020-07;2021-01;2021-07;2022-01;2022-05;2022-07;2022-10;2023-01;2023-03;2023-08;2024-01;2024-07,2023-08;2024-01;2024-07,1058,2023-08;2024-01;2024-07,05d3c40b3d343126,3123,24294
original_y2026_h00_o2026-04,original_y2026_h00_o2026-04,135bf5ff0d6cfe05,ok,,original,2026,0,2026-04,anl:87143416,2017-01;2017-07;2018-01;2018-07;2019-01;2019-07;2020-01;2020-07;2021-01;2021-07;2022-01;2022-05;2022-07;2022-10;2023-01;2023-03;2023-08;2024-01;2024-07;2025-04;2025-07;2025-09;2025-10,2025-07;2025-09;2025-10,972,2025-07;2025-09;2025-10,1fcb987bf09c5b11,4999,24309
original_y2026_h12_o2025-04,original_y2026_h12_o2025-04,f90cac1354f0d091,ok,,original,2026,12,2025-04,anl:87143416,2017-01;2017-07;2018-01;2018-07;2019-01;2019-07;2020-01;2020-07;2021-01;2021-07;2022-01;2022-05;2022-07;2022-10;2023-01;2023-03;2023-08;2024-01;2024-07;2025-04,2024-01;2024-07;2025-04,1614,2024-01;2024-07;2025-04,26ad3c2039ff378d,4027,24303
