data_setting,outer_year,horizon,excluded,primary,cohort_sha256
augmented,2022,0,9,2094,355810f0015ba817fcc338ec1e8182e4a444a9a52a4a7794062f0f0f5f91cc0c
augmented,2022,3,9,2094,355810f0015ba817fcc338ec1e8182e4a444a9a52a4a7794062f0f0f5f91cc0c
augmented,2022,6,9,2094,355810f0015ba817fcc338ec1e8182e4a444a9a52a4a7794062f0f0f5f91cc0c
augmented,2022,12,9,2094,355810f0015ba817fcc338ec1e8182e4a444a9a52a4a7794062f0f0f5f91cc0c
augmented,2023,0,0,2013,1f7b5ada3cbe80ae80db6b6a35c62dd07d08be405ed753f4a46f194368c89de9
augmented,2023,3,0,2013,1f7b5ada3cbe80ae80db6b6a35c62dd07d08be405ed753f4a46f194368c89de9
augmented,2023,6,0,2013,1f7b5ada3cbe80ae80db6b6a35c62dd07d08be405ed753f4a46f194368c89de9
augmented,2023,12,0,2013,1f7b5ada3cbe80ae80db6b6a35c62dd07d08be405ed753f4a46f194368c89de9
augmented,2024,0,0,2130,f3b0a165a57f51aa377c40e6bfb4209b15d00a5825394ec15b425323c29e4435
augmented,2024,3,0,2130,f3b0a165a57f51aa377c40e6bfb4209b15d00a5825394ec15b425323c29e4435
augmented,2024,6,0,2130,f3b0a165a57f51aa377c40e6bfb4209b15d00a5825394ec15b425323c29e4435
augmented,2024,12,0,2130,f3b0a165a57f51aa377c40e6bfb4209b15d00a5825394ec15b425323c29e4435
augmented,2025,0,0,1876,4616493233a737d1c4bf378669926599ae09f0592af86a885ff86d2cdfc97b14
augmented,2025,3,1601,275,9d71d873c1d11fbde4db2f44e16e8df297146e5268ba1682ef6720a023bc7615
augmented,2025,6,1601,275,9d71d873c1d11fbde4db2f44e16e8df297146e5268ba1682ef6720a023bc7615
augmented,2025,12,776,1100,b072278b8d81afaa85f433fb85bbd7d38f8a75840f5087a7c654d5dfbdb2b9f7
augmented,2026,0,0,904,8b56c4798fd5f8980375677bac1f8b6c2fd831977cb3daa240c8662399ff1812
augmented,2026,3,904,0,e3b0c44298fc1c149afbf4c8996fb92427ae41e4649b934ca495991b7852b855
augmented,2026,6,904,0,e3b0c44298fc1c149afbf4c8996fb92427ae41e4649b934ca495991b7852b855
augmented,2026,12,772,132,19b77d72b60c92c5bf08d4a8d63f134749a0be1c24dbdcce57084a7770bc40a9
original,2022,0,9,720,3b26865a7eb1533a4775d997fbbdf222b35efbcb0cf300dc91648f9ddb2b72c1
original,2022,3,9,720,3b26865a7eb1533a4775d997fbbdf222b35efbcb0cf300dc91648f9ddb2b72c1
original,2022,6,9,720,3b26865a7eb1533a4775d997fbbdf222b35efbcb0cf300dc91648f9ddb2b72c1
original,2022,12,9,720,3b26865a7eb1533a4775d997fbbdf222b35efbcb0cf300dc91648f9ddb2b72c1
original,2023,0,0,1018,2401ee687e25da97ef542c475708595453f1a6897296e6b4470ffb75368fd932
original,2023,3,0,1018,2401ee687e25da97ef542c475708595453f1a6897296e6b4470ffb75368fd932
original,2023,6,0,1018,2401ee687e25da97ef542c475708595453f1a6897296e6b4470ffb75368fd932
original,2023,12,0,1018,2401ee687e25da97ef542c475708595453f1a6897296e6b4470ffb75368fd932
original,2024,0,0,710,e8e7666d1d9bc23524ceb4a2bce0504f02de54876107a39616db32d89a8cd572
original,2024,3,0,710,e8e7666d1d9bc23524ceb4a2bce0504f02de54876107a39616db32d89a8cd572
original,2024,6,0,710,e8e7666d1d9bc23524ceb4a2bce0504f02de54876107a39616db32d89a8cd572
original,2024,12,0,710,e8e7666d1d9bc23524ceb4a2bce0504f02de54876107a39616db32d89a8cd572
original,2025,0,0,1876,4616493233a737d1c4bf378669926599ae09f0592af86a885ff86d2cdfc97b14
original,2025,3,1601,275,9d71d873c1d11fbde4db2f44e16e8df297146e5268ba1682ef6720a023bc7615
original,2025,6,1601,275,9d71d873c1d11fbde4db2f44e16e8df297146e5268ba1682ef6720a023bc7615
original,2025,12,776,1100,b072278b8d81afaa85f433fb85bbd7d38f8a75840f5087a7c654d5dfbdb2b9f7
original,2026,0,0,904,8b56c4798fd5f8980375677bac1f8b6c2fd831977cb3daa240c8662399ff1812
original,2026,3,904,0,e3b0c44298fc1c149afbf4c8996fb92427ae41e4649b934ca495991b7852b855
original,2026,6,904,0,e3b0c44298fc1c149afbf4c8996fb92427ae41e4649b934ca495991b7852b855
original,2026,12,772,132,19b77d72b60c92c5bf08d4a8d63f134749a0be1c24dbdcce57084a7770bc40a9
