source_family,n_rows,n_copies,original_month_ord,n_original_months
anl:12511433,73,0,24210,1
anl:12524105,73,0,24216,1
anl:12693302,73,0,24204,1
anl:12836822,73,0,24222,1
anl:13052452,73,0,24228,1
anl:14117796,219,146,24234,1
anl:14119557,222,148,24240,1
anl:18976784,222,148,24246,1
anl:22458384,222,148,24252,1
anl:24607466,45,30,24258,1
anl:24755659,15,0,24264,1
anl:25817951,18,0,24268,1
anl:26601265,1026,678,24270,1
anl:26777665,1044,696,24273,1
anl:33607389,995,647,24276,1
anl:54775925,322,0,24278,1
anl:59090932,696,348,24283,1
anl:65024769,1065,710,24288,1
anl:69455744,1065,710,24294,1
anl:87143416,904,0,24315,1
local:2025-04,904,0,24303,1
local:2025-07,64,0,24306,1
local:2025-09,4,0,24308,1
local:2025-10,904,0,24309,1
