setting,horizon,formulation,units,empty_pools,mean_pool,max_pool,pred_rows
augmented,0,direct,960,0,2956.45,8504,218784
augmented,0,residual,960,0,2956.45,8504,218784
augmented,3,direct,840,0,2260.6285714285714,6467,173760
augmented,3,residual,840,0,2260.6285714285714,6467,173760
augmented,6,direct,840,0,2007.6857142857143,6467,173760
augmented,6,residual,840,0,2007.6857142857143,6467,173760
augmented,12,direct,912,0,1618.8157894736842,6467,198960
augmented,12,residual,912,0,1618.8157894736842,6467,198960
original,0,direct,456,0,1668.0526315789473,4095,112968
original,0,residual,456,0,1668.0526315789473,4095,112968
original,3,direct,360,0,1066.0666666666666,2768,67944
original,3,residual,360,0,1066.0666666666666,2768,67944
original,6,direct,360,0,950.2,2768,67944
original,6,residual,360,0,950.2,2768,67944
original,12,direct,432,0,794.6666666666666,2768,93144
original,12,residual,432,0,794.6666666666666,2768,93144
